date,page,segment,clicks,impressions,position
2026-02-01,P01,general,4,50,13.82
2026-02-01,P01,local,1,38,13.82
2026-02-01,P02,general,3,40,10.9
2026-02-01,P02,local,0,29,10.92
2026-02-01,P03,general,1,65,14.81
2026-02-01,P03,local,1,35,14.66
2026-02-01,P04,general,0,50,18.41
2026-02-01,P04,local,1,30,18.85
2026-02-01,P05,general,9,93,5.29
2026-02-01,P05,local,4,75,5.31
2026-02-01,P06,general,0,24,13.56
2026-02-01,P06,local,0,20,13.33
2026-02-01,P07,general,4,110,9.61
2026-02-01,P07,local,3,38,10.22
2026-02-01,P08,general,6,91,4.31
2026-02-01,P08,local,6,31,4.35
2026-02-01,P09,general,1,56,10.2
2026-02-01,P09,local,2,31,9.91
2026-02-01,P10,general,0,29,14.82
2026-02-01,P10,local,0,11,14.21
2026-02-01,P11,general,1,24,12.57
2026-02-01,P11,local,2,23,11.91
2026-02-01,P12,general,0,38,5.75
2026-02-01,P12,local,1,20,6.07
2026-02-01,P13,general,2,45,5.93
2026-02-01,P13,local,3,46,5.93
2026-02-01,P14,general,0,41,18.72
2026-02-01,P14,local,0,21,19.95
2026-02-01,P15,general,1,27,18.86
2026-02-01,P15,local,0,15,18.45
2026-02-01,P16,general,1,54,14.43
2026-02-01,P16,local,0,45,14.78
2026-02-01,P17,general,1,61,9.28
2026-02-01,P17,local,0,36,9.15
2026-02-01,P18,general,1,52,16.28
2026-02-01,P18,local,2,34,16.01
2026-02-01,P19,general,8,79,5.7
2026-02-01,P19,local,2,57,5.81
2026-02-01,P20,general,3,46,7.95
2026-02-01,P20,local,1,32,7.48
2026-02-01,P21,general,3,69,10.42
2026-02-01,P21,local,0,48,10.79
2026-02-01,P22,general,0,63,17.29
2026-02-01,P22,local,1,22,16.79
2026-02-01,P23,general,6,59,8.28
2026-02-01,P23,local,1,26,9.03
2026-02-01,P24,general,0,68,14.06
2026-02-01,P24,local,0,34,14.3
2026-02-01,P25,general,0,28,16.58
2026-02-01,P25,local,1,22,16.88
2026-02-02,P01,general,1,63,13.79
2026-02-02,P01,local,0,35,14.22
2026-02-02,P02,general,0,77,11.48
2026-02-02,P02,local,2,44,11.29
2026-02-02,P03,general,1,67,15.37
2026-02-02,P03,local,1,48,15.36
2026-02-02,P04,general,0,75,15.64
2026-02-02,P04,local,0,50,15.19
2026-02-02,P05,general,9,146,5.28
2026-02-02,P05,local,6,88,5.07
2026-02-02,P06,general,1,36,12.79
2026-02-02,P06,local,1,29,13.11
2026-02-02,P07,general,4,112,10.59
2026-02-02,P07,local,1,43,10.34
2026-02-02,P08,general,11,106,4.73
2026-02-02,P08,local,1,40,4.59
2026-02-02,P09,general,3,82,10.16
2026-02-02,P09,local,2,34,10.34
2026-02-02,P10,general,0,57,15.04
2026-02-02,P10,local,1,21,15.05
2026-02-02,P11,general,0,28,12.94
2026-02-02,P11,local,2,23,12.75
2026-02-02,P12,general,5,74,6.74
2026-02-02,P12,local,3,37,6.79
2026-02-02,P13,general,3,76,5.83
2026-02-02,P13,local,3,57,6.27
2026-02-02,P14,general,3,38,19.48
2026-02-02,P14,local,0,27,19.24
2026-02-02,P15,general,0,48,20.98
2026-02-02,P15,local,0,31,21.44
2026-02-02,P16,general,2,97,14.59
2026-02-02,P16,local,0,62,13.84
2026-02-02,P17,general,5,96,9.33
2026-02-02,P17,local,0,61,8.9
2026-02-02,P18,general,0,58,16.27
2026-02-02,P18,local,0,32,15.55
2026-02-02,P19,general,11,126,5.71
2026-02-02,P19,local,4,87,5.39
2026-02-02,P20,general,3,51,7.53
2026-02-02,P20,local,4,50,7.35
2026-02-02,P21,general,5,90,11.81
2026-02-02,P21,local,2,64,11.53
2026-02-02,P22,general,1,66,17.99
2026-02-02,P22,local,0,30,18.24
2026-02-02,P23,general,3,82,8.62
2026-02-02,P23,local,3,40,7.56
2026-02-02,P24,general,2,78,14.63
2026-02-02,P24,local,1,42,14.52
2026-02-02,P25,general,1,34,17.02
2026-02-02,P25,local,1,26,16.64
2026-02-03,P01,general,0,48,15.26
2026-02-03,P01,local,1,28,14.7
2026-02-03,P02,general,1,84,11.61
2026-02-03,P02,local,3,46,11.52
2026-02-03,P03,general,0,39,16.24
2026-02-03,P03,local,0,29,15.88
2026-02-03,P04,general,3,67,16.88
2026-02-03,P04,local,2,59,16.67
2026-02-03,P05,general,7,118,5.2
2026-02-03,P05,local,2,95,5.33
2026-02-03,P06,general,1,30,14.28
2026-02-03,P06,local,0,38,14.61
2026-02-03,P07,general,2,132,10.74
2026-02-03,P07,local,0,39,9.98
2026-02-03,P08,general,9,116,4.73
2026-02-03,P08,local,2,31,4.82
2026-02-03,P09,general,5,85,11.48
2026-02-03,P09,local,1,31,12.01
2026-02-03,P10,general,4,71,13.29
2026-02-03,P10,local,0,23,14.97
2026-02-03,P11,general,1,29,12.14
2026-02-03,P11,local,1,28,12.11
2026-02-03,P12,general,3,94,6.15
2026-02-03,P12,local,2,27,6.21
2026-02-03,P13,general,6,81,5.71
2026-02-03,P13,local,3,62,5.58
2026-02-03,P14,general,1,38,19.03
2026-02-03,P14,local,0,18,19.79
2026-02-03,P15,general,1,56,21.77
2026-02-03,P15,local,0,25,21.33
2026-02-03,P16,general,3,97,15.15
2026-02-03,P16,local,0,55,14.79
2026-02-03,P17,general,8,104,8.66
2026-02-03,P17,local,0,46,8.63
2026-02-03,P18,general,2,63,16.2
2026-02-03,P18,local,0,28,15.2
2026-02-03,P19,general,7,135,5.74
2026-02-03,P19,local,3,60,6.04
2026-02-03,P20,general,1,65,7.49
2026-02-03,P20,local,1,42,7.38
2026-02-03,P21,general,5,94,9.03
2026-02-03,P21,local,1,67,8.77
2026-02-03,P22,general,0,78,16.22
2026-02-03,P22,local,1,30,16.43
2026-02-03,P23,general,3,83,8.46
2026-02-03,P23,local,1,32,8.49
2026-02-03,P24,general,4,86,13.73
2026-02-03,P24,local,2,45,14.07
2026-02-03,P25,general,0,40,16.95
2026-02-03,P25,local,1,22,17.5
2026-02-04,P01,general,1,57,14.03
2026-02-04,P01,local,0,32,14.46
2026-02-04,P02,general,2,76,11.89
2026-02-04,P02,local,0,22,12.28
2026-02-04,P03,general,1,67,14.69
2026-02-04,P03,local,0,43,14.72
2026-02-04,P04,general,2,86,16.37
2026-02-04,P04,local,1,30,16.53
2026-02-04,P05,general,11,135,5.07
2026-02-04,P05,local,6,96,4.57
2026-02-04,P06,general,0,55,13.43
2026-02-04,P06,local,1,25,12.85
2026-02-04,P07,general,7,136,10.12
2026-02-04,P07,local,2,48,10.57
2026-02-04,P08,general,6,89,4.51
2026-02-04,P08,local,3,47,4.3
2026-02-04,P09,general,1,72,10.28
2026-02-04,P09,local,1,29,10.25
2026-02-04,P10,general,3,63,14.41
2026-02-04,P10,local,0,16,14.34
2026-02-04,P11,general,2,25,12.75
2026-02-04,P11,local,0,29,11.7
2026-02-04,P12,general,2,68,6.6
2026-02-04,P12,local,1,22,6.15
2026-02-04,P13,general,6,72,6.18
2026-02-04,P13,local,6,61,6.2
2026-02-04,P14,general,1,46,20.03
2026-02-04,P14,local,2,32,20.76
2026-02-04,P15,general,1,39,21.66
2026-02-04,P15,local,0,30,20.92
2026-02-04,P16,general,3,75,16.53
2026-02-04,P16,local,2,55,16.79
2026-02-04,P17,general,3,102,10
2026-02-04,P17,local,3,61,10.12
2026-02-04,P18,general,1,78,14.86
2026-02-04,P18,local,1,40,15.27
2026-02-04,P19,general,6,122,5.72
2026-02-04,P19,local,6,81,5.99
2026-02-04,P20,general,7,73,6.52
2026-02-04,P20,local,0,50,6.84
2026-02-04,P21,general,8,88,9.98
2026-02-04,P21,local,5,75,9.96
2026-02-04,P22,general,2,60,13.71
2026-02-04,P22,local,3,34,14.27
2026-02-04,P23,general,3,82,8.65
2026-02-04,P23,local,0,30,8.36
2026-02-04,P24,general,2,87,14.38
2026-02-04,P24,local,0,41,15.4
2026-02-04,P25,general,3,58,16.6
2026-02-04,P25,local,0,23,15.7
2026-02-05,P01,general,1,55,13.84
2026-02-05,P01,local,0,32,13.35
2026-02-05,P02,general,1,74,11.93
2026-02-05,P02,local,1,44,11.65
2026-02-05,P03,general,1,68,15.08
2026-02-05,P03,local,1,37,14.66
2026-02-05,P04,general,1,65,18.43
2026-02-05,P04,local,0,42,18.75
2026-02-05,P05,general,14,143,4.83
2026-02-05,P05,local,2,93,4.96
2026-02-05,P06,general,2,37,13.6
2026-02-05,P06,local,2,25,13.54
2026-02-05,P07,general,3,128,9.77
2026-02-05,P07,local,2,56,9.38
2026-02-05,P08,general,6,93,4.45
2026-02-05,P08,local,3,39,4.34
2026-02-05,P09,general,6,65,9.85
2026-02-05,P09,local,3,48,9.67
2026-02-05,P10,general,1,61,14.5
2026-02-05,P10,local,1,24,13.96
2026-02-05,P11,general,2,30,11.5
2026-02-05,P11,local,2,20,13.13
2026-02-05,P12,general,2,72,6.02
2026-02-05,P12,local,3,41,6.06
2026-02-05,P13,general,4,64,6.22
2026-02-05,P13,local,1,52,6
2026-02-05,P14,general,2,48,18.64
2026-02-05,P14,local,1,27,17.43
2026-02-05,P15,general,0,37,20.62
2026-02-05,P15,local,0,21,19.91
2026-02-05,P16,general,1,77,16.12
2026-02-05,P16,local,1,56,16.03
2026-02-05,P17,general,4,101,8.96
2026-02-05,P17,local,0,54,8.86
2026-02-05,P18,general,0,73,16.79
2026-02-05,P18,local,1,32,18
2026-02-05,P19,general,6,134,5.74
2026-02-05,P19,local,2,70,5.5
2026-02-05,P20,general,0,61,6.5
2026-02-05,P20,local,3,58,6.51
2026-02-05,P21,general,2,82,11.76
2026-02-05,P21,local,1,47,11.11
2026-02-05,P22,general,0,84,16.98
2026-02-05,P22,local,0,39,16.28
2026-02-05,P23,general,5,99,8.41
2026-02-05,P23,local,2,34,8.44
2026-02-05,P24,general,3,86,13.95
2026-02-05,P24,local,1,48,14.31
2026-02-05,P25,general,2,40,17.5
2026-02-05,P25,local,0,29,17.32
2026-02-06,P01,general,1,61,15
2026-02-06,P01,local,2,31,15.4
2026-02-06,P02,general,1,62,11.42
2026-02-06,P02,local,1,39,11.71
2026-02-06,P03,general,1,73,13.48
2026-02-06,P03,local,0,37,14.26
2026-02-06,P04,general,3,80,18.21
2026-02-06,P04,local,1,43,18.1
2026-02-06,P05,general,7,117,5.69
2026-02-06,P05,local,3,75,5.48
2026-02-06,P06,general,0,40,12.87
2026-02-06,P06,local,0,20,12.85
2026-02-06,P07,general,4,140,10.62
2026-02-06,P07,local,3,52,10.21
2026-02-06,P08,general,7,94,4.84
2026-02-06,P08,local,2,44,4.44
2026-02-06,P09,general,1,84,10.55
2026-02-06,P09,local,0,28,10.97
2026-02-06,P10,general,2,52,14.96
2026-02-06,P10,local,1,20,15.59
2026-02-06,P11,general,1,36,12.56
2026-02-06,P11,local,0,28,13.31
2026-02-06,P12,general,4,59,6.68
2026-02-06,P12,local,5,36,6.44
2026-02-06,P13,general,2,77,6
2026-02-06,P13,local,5,64,5.69
2026-02-06,P14,general,1,46,17.19
2026-02-06,P14,local,0,25,17.06
2026-02-06,P15,general,0,45,19.01
2026-02-06,P15,local,0,15,18.98
2026-02-06,P16,general,1,74,17.03
2026-02-06,P16,local,4,56,16.79
2026-02-06,P17,general,2,110,10.21
2026-02-06,P17,local,3,45,10.59
2026-02-06,P18,general,1,68,15.03
2026-02-06,P18,local,1,52,14.66
2026-02-06,P19,general,4,104,6.04
2026-02-06,P19,local,3,63,6.58
2026-02-06,P20,general,2,61,7.14
2026-02-06,P20,local,0,50,7.28
2026-02-06,P21,general,0,81,12.13
2026-02-06,P21,local,2,67,12.05
2026-02-06,P22,general,2,79,17.25
2026-02-06,P22,local,2,27,17.29
2026-02-06,P23,general,11,100,8.86
2026-02-06,P23,local,1,28,8.56
2026-02-06,P24,general,1,88,15.19
2026-02-06,P24,local,1,50,15.18
2026-02-06,P25,general,1,39,16.15
2026-02-06,P25,local,0,34,16.8
2026-02-07,P01,general,1,61,13.6
2026-02-07,P01,local,1,20,13.5
2026-02-07,P02,general,1,58,12.04
2026-02-07,P02,local,0,30,11.97
2026-02-07,P03,general,1,51,12.41
2026-02-07,P03,local,0,33,12.76
2026-02-07,P04,general,1,50,20.46
2026-02-07,P04,local,1,37,21.17
2026-02-07,P05,general,5,128,5.16
2026-02-07,P05,local,4,84,5.04
2026-02-07,P06,general,0,29,12.92
2026-02-07,P06,local,0,17,12.04
2026-02-07,P07,general,1,83,10.18
2026-02-07,P07,local,2,42,10.31
2026-02-07,P08,general,5,76,4.66
2026-02-07,P08,local,0,22,4.61
2026-02-07,P09,general,2,61,10.88
2026-02-07,P09,local,1,20,10.8
2026-02-07,P10,general,0,38,13.62
2026-02-07,P10,local,0,10,13.26
2026-02-07,P11,general,1,28,12.83
2026-02-07,P11,local,0,12,12.35
2026-02-07,P12,general,1,45,6.71
2026-02-07,P12,local,0,23,7.06
2026-02-07,P13,general,5,43,6.17
2026-02-07,P13,local,6,39,6.42
2026-02-07,P14,general,0,28,18.92
2026-02-07,P14,local,0,21,18.64
2026-02-07,P15,general,0,43,20.5
2026-02-07,P15,local,1,18,20.96
2026-02-07,P16,general,1,51,16.3
2026-02-07,P16,local,1,40,16.3
2026-02-07,P17,general,9,78,8.73
2026-02-07,P17,local,1,49,9.4
2026-02-07,P18,general,3,48,15.04
2026-02-07,P18,local,0,34,14.39
2026-02-07,P19,general,6,108,5.6
2026-02-07,P19,local,2,61,5.46
2026-02-07,P20,general,3,54,7.09
2026-02-07,P20,local,1,32,6.57
2026-02-07,P21,general,4,69,10.55
2026-02-07,P21,local,1,54,11.05
2026-02-07,P22,general,0,55,16.5
2026-02-07,P22,local,1,28,16.49
2026-02-07,P23,general,1,67,8.27
2026-02-07,P23,local,1,24,8.49
2026-02-07,P24,general,1,59,14.04
2026-02-07,P24,local,0,31,13.45
2026-02-07,P25,general,1,30,16.91
2026-02-07,P25,local,0,23,17.09
2026-02-08,P01,general,1,42,15.47
2026-02-08,P01,local,0,19,14.66
2026-02-08,P02,general,0,51,11.17
2026-02-08,P02,local,0,31,10.75
2026-02-08,P03,general,3,54,13.13
2026-02-08,P03,local,0,37,13.96
2026-02-08,P04,general,3,59,17.14
2026-02-08,P04,local,1,30,15.89
2026-02-08,P05,general,6,98,4.88
2026-02-08,P05,local,5,71,4.95
2026-02-08,P06,general,2,29,14.5
2026-02-08,P06,local,0,20,14.47
2026-02-08,P07,general,1,87,9.78
2026-02-08,P07,local,2,39,9.86
2026-02-08,P08,general,6,73,4.41
2026-02-08,P08,local,1,27,4.39
2026-02-08,P09,general,3,68,10.38
2026-02-08,P09,local,0,19,10.57
2026-02-08,P10,general,1,28,15.02
2026-02-08,P10,local,0,15,14.48
2026-02-08,P11,general,3,23,12.03
2026-02-08,P11,local,0,20,11.73
2026-02-08,P12,general,4,57,6.55
2026-02-08,P12,local,1,18,6.52
2026-02-08,P13,general,3,58,6.65
2026-02-08,P13,local,1,54,6.19
2026-02-08,P14,general,0,34,17.31
2026-02-08,P14,local,0,15,18.26
2026-02-08,P15,general,0,29,19.73
2026-02-08,P15,local,0,13,18.87
2026-02-08,P16,general,2,62,17.42
2026-02-08,P16,local,2,50,16.14
2026-02-08,P17,general,6,87,9.35
2026-02-08,P17,local,2,41,9.18
2026-02-08,P18,general,1,50,14.27
2026-02-08,P18,local,0,25,14.37
2026-02-08,P19,general,7,102,6.38
2026-02-08,P19,local,2,54,6.53
2026-02-08,P20,general,3,44,7.59
2026-02-08,P20,local,1,25,7.34
2026-02-08,P21,general,4,59,10.65
2026-02-08,P21,local,1,43,10.85
2026-02-08,P22,general,0,45,19.95
2026-02-08,P22,local,1,23,19.57
2026-02-08,P23,general,4,83,7.71
2026-02-08,P23,local,0,23,7.96
2026-02-08,P24,general,2,71,12.79
2026-02-08,P24,local,0,30,13.2
2026-02-08,P25,general,0,23,17.35
2026-02-08,P25,local,3,21,17.3
2026-02-09,P01,general,3,69,13.41
2026-02-09,P01,local,0,32,13.54
2026-02-09,P02,general,1,69,10.9
2026-02-09,P02,local,3,47,11.09
2026-02-09,P03,general,2,66,14.1
2026-02-09,P03,local,0,43,13.73
2026-02-09,P04,general,4,75,16.03
2026-02-09,P04,local,2,53,15.46
2026-02-09,P05,general,7,136,4.85
2026-02-09,P05,local,2,84,4.69
2026-02-09,P06,general,1,35,13.65
2026-02-09,P06,local,1,25,14.24
2026-02-09,P07,general,7,133,11.5
2026-02-09,P07,local,1,44,11.13
2026-02-09,P08,general,7,110,4.1
2026-02-09,P08,local,4,25,4.2
2026-02-09,P09,general,2,92,10.48
2026-02-09,P09,local,0,37,10.85
2026-02-09,P10,general,0,63,15.34
2026-02-09,P10,local,2,28,15.63
2026-02-09,P11,general,1,29,11.8
2026-02-09,P11,local,1,26,11.84
2026-02-09,P12,general,2,61,6.63
2026-02-09,P12,local,1,22,6.99
2026-02-09,P13,general,3,66,5.65
2026-02-09,P13,local,3,58,6.05
2026-02-09,P14,general,0,42,17.18
2026-02-09,P14,local,0,35,18.14
2026-02-09,P15,general,2,43,19.95
2026-02-09,P15,local,0,15,20.47
2026-02-09,P16,general,3,97,15.03
2026-02-09,P16,local,2,46,15.36
2026-02-09,P17,general,4,91,9.15
2026-02-09,P17,local,2,43,9.52
2026-02-09,P18,general,0,61,16.86
2026-02-09,P18,local,0,37,16.48
2026-02-09,P19,general,8,122,5.91
2026-02-09,P19,local,6,65,5.53
2026-02-09,P20,general,4,72,7.22
2026-02-09,P20,local,3,53,7.29
2026-02-09,P21,general,3,83,11.61
2026-02-09,P21,local,6,59,10.67
2026-02-09,P22,general,2,66,18.16
2026-02-09,P22,local,0,33,18.39
2026-02-09,P23,general,5,103,8.77
2026-02-09,P23,local,2,35,8.34
2026-02-09,P24,general,2,81,13.15
2026-02-09,P24,local,1,54,12.73
2026-02-09,P25,general,1,34,16.52
2026-02-09,P25,local,0,40,17.35
2026-02-10,P01,general,2,57,13.7
2026-02-10,P01,local,1,30,14.51
2026-02-10,P02,general,2,81,10.97
2026-02-10,P02,local,3,47,10.4
2026-02-10,P03,general,1,62,14.59
2026-02-10,P03,local,1,42,14.79
2026-02-10,P04,general,3,63,17.18
2026-02-10,P04,local,0,29,17.27
2026-02-10,P05,general,7,102,5.16
2026-02-10,P05,local,6,101,4.81
2026-02-10,P06,general,3,47,12.02
2026-02-10,P06,local,1,33,11.72
2026-02-10,P07,general,1,121,10.03
2026-02-10,P07,local,0,51,9.69
2026-02-10,P08,general,5,102,4.7
2026-02-10,P08,local,0,30,4.6
2026-02-10,P09,general,2,64,9.58
2026-02-10,P09,local,1,28,9.98
2026-02-10,P10,general,0,53,14.37
2026-02-10,P10,local,0,24,14.48
2026-02-10,P11,general,0,37,11.76
2026-02-10,P11,local,2,23,12.15
2026-02-10,P12,general,3,45,6.8
2026-02-10,P12,local,2,32,6.9
2026-02-10,P13,general,3,74,7.07
2026-02-10,P13,local,2,55,6.87
2026-02-10,P14,general,3,48,17.37
2026-02-10,P14,local,0,23,18.41
2026-02-10,P15,general,0,41,19.1
2026-02-10,P15,local,0,26,20.19
2026-02-10,P16,general,1,79,15.69
2026-02-10,P16,local,1,60,14.82
2026-02-10,P17,general,4,86,10.48
2026-02-10,P17,local,1,53,9.54
2026-02-10,P18,general,0,67,15.16
2026-02-10,P18,local,0,42,16.19
2026-02-10,P19,general,14,150,5.66
2026-02-10,P19,local,6,81,5.62
2026-02-10,P20,general,1,64,7.19
2026-02-10,P20,local,5,44,7.39
2026-02-10,P21,general,3,96,9.33
2026-02-10,P21,local,3,67,9.96
2026-02-10,P22,general,1,71,15.4
2026-02-10,P22,local,3,41,16.2
2026-02-10,P23,general,5,92,8.29
2026-02-10,P23,local,3,35,8.54
2026-02-10,P24,general,3,70,15.02
2026-02-10,P24,local,0,35,15.08
2026-02-10,P25,general,0,41,15.4
2026-02-10,P25,local,1,35,14.52
2026-02-11,P01,general,1,62,15.74
2026-02-11,P01,local,0,45,16.04
2026-02-11,P02,general,3,61,10.38
2026-02-11,P02,local,0,42,11
2026-02-11,P03,general,2,54,15.01
2026-02-11,P03,local,0,42,15.33
2026-02-11,P04,general,1,76,18.35
2026-02-11,P04,local,0,48,17.62
2026-02-11,P05,general,12,138,5.12
2026-02-11,P05,local,7,108,4.69
2026-02-11,P06,general,4,38,13.06
2026-02-11,P06,local,0,22,12.34
2026-02-11,P07,general,5,120,10.61
2026-02-11,P07,local,2,47,10.21
2026-02-11,P08,general,7,105,4.06
2026-02-11,P08,local,8,48,3.7
2026-02-11,P09,general,5,76,11.48
2026-02-11,P09,local,0,31,11.62
2026-02-11,P10,general,4,53,14.56
2026-02-11,P10,local,2,22,13.36
2026-02-11,P11,general,0,37,11.74
2026-02-11,P11,local,1,31,11.74
2026-02-11,P12,general,3,61,6.75
2026-02-11,P12,local,1,30,6.48
2026-02-11,P13,general,4,84,5.78
2026-02-11,P13,local,4,55,5.61
2026-02-11,P14,general,0,37,18.95
2026-02-11,P14,local,0,38,18.22
2026-02-11,P15,general,0,45,19.49
2026-02-11,P15,local,0,19,19.89
2026-02-11,P16,general,0,77,17.68
2026-02-11,P16,local,0,50,17.54
2026-02-11,P17,general,2,110,9.44
2026-02-11,P17,local,2,47,9.24
2026-02-11,P18,general,5,65,14.35
2026-02-11,P18,local,1,38,14.2
2026-02-11,P19,general,8,142,5.83
2026-02-11,P19,local,4,73,5.44
2026-02-11,P20,general,2,51,7.1
2026-02-11,P20,local,2,54,7.47
2026-02-11,P21,general,1,108,10.35
2026-02-11,P21,local,7,78,10.01
2026-02-11,P22,general,2,66,17.14
2026-02-11,P22,local,0,41,17.09
2026-02-11,P23,general,1,84,8.83
2026-02-11,P23,local,1,31,8.64
2026-02-11,P24,general,3,94,15.07
2026-02-11,P24,local,1,48,15.48
2026-02-11,P25,general,0,37,16.59
2026-02-11,P25,local,1,39,16.34
2026-02-12,P01,general,0,52,12.65
2026-02-12,P01,local,0,32,12.96
2026-02-12,P02,general,3,75,11.92
2026-02-12,P02,local,0,38,11.7
2026-02-12,P03,general,3,67,14.12
2026-02-12,P03,local,0,49,13.64
2026-02-12,P04,general,2,81,16.7
2026-02-12,P04,local,2,51,16.54
2026-02-12,P05,general,8,126,5.62
2026-02-12,P05,local,5,91,5.03
2026-02-12,P06,general,1,43,13.21
2026-02-12,P06,local,1,20,12.87
2026-02-12,P07,general,5,135,9.58
2026-02-12,P07,local,4,52,9.56
2026-02-12,P08,general,7,111,4.68
2026-02-12,P08,local,3,33,4.71
2026-02-12,P09,general,0,66,10.69
2026-02-12,P09,local,1,28,9.83
2026-02-12,P10,general,1,50,15.21
2026-02-12,P10,local,1,26,15.16
2026-02-12,P11,general,1,35,13.48
2026-02-12,P11,local,1,27,13.13
2026-02-12,P12,general,4,74,6.21
2026-02-12,P12,local,5,29,6.15
2026-02-12,P13,general,5,66,5.4
2026-02-12,P13,local,4,51,5.57
2026-02-12,P14,general,0,44,16.35
2026-02-12,P14,local,0,44,17.38
2026-02-12,P15,general,1,49,20.95
2026-02-12,P15,local,1,19,21.07
2026-02-12,P16,general,3,76,14.65
2026-02-12,P16,local,2,50,15.09
2026-02-12,P17,general,5,109,9.37
2026-02-12,P17,local,1,46,8.99
2026-02-12,P18,general,2,67,16.16
2026-02-12,P18,local,0,30,16.41
2026-02-12,P19,general,6,119,5.91
2026-02-12,P19,local,5,69,6.03
2026-02-12,P20,general,4,70,7.23
2026-02-12,P20,local,6,45,7.7
2026-02-12,P21,general,6,100,10.95
2026-02-12,P21,local,3,72,10.42
2026-02-12,P22,general,1,72,18.84
2026-02-12,P22,local,1,37,18.52
2026-02-12,P23,general,5,93,9.03
2026-02-12,P23,local,0,35,9.61
2026-02-12,P24,general,0,72,13.34
2026-02-12,P24,local,1,45,13.21
2026-02-12,P25,general,0,42,17.44
2026-02-12,P25,local,0,16,17.89
2026-02-13,P01,general,1,55,13.43
2026-02-13,P01,local,0,24,14.05
2026-02-13,P02,general,2,67,12.19
2026-02-13,P02,local,1,30,12.3
2026-02-13,P03,general,3,62,14.02
2026-02-13,P03,local,2,34,13.94
2026-02-13,P04,general,3,56,20.7
2026-02-13,P04,local,0,36,20.59
2026-02-13,P05,general,9,127,5.11
2026-02-13,P05,local,6,85,5.12
2026-02-13,P06,general,1,58,12.32
2026-02-13,P06,local,2,38,12.35
2026-02-13,P07,general,5,129,10.99
2026-02-13,P07,local,0,41,9.82
2026-02-13,P08,general,5,104,4.92
2026-02-13,P08,local,6,44,4.79
2026-02-13,P09,general,2,69,11.24
2026-02-13,P09,local,0,24,11.27
2026-02-13,P10,general,0,44,14.35
2026-02-13,P10,local,2,24,14.77
2026-02-13,P11,general,0,27,11.89
2026-02-13,P11,local,1,27,11.91
2026-02-13,P12,general,3,70,6.31
2026-02-13,P12,local,0,26,6.03
2026-02-13,P13,general,4,67,5.69
2026-02-13,P13,local,4,72,5.73
2026-02-13,P14,general,0,42,17.8
2026-02-13,P14,local,1,41,18.61
2026-02-13,P15,general,0,29,22.54
2026-02-13,P15,local,0,26,21.84
2026-02-13,P16,general,5,98,15.25
2026-02-13,P16,local,1,57,15.87
2026-02-13,P17,general,3,104,8.83
2026-02-13,P17,local,2,49,9.14
2026-02-13,P18,general,1,74,16.9
2026-02-13,P18,local,0,35,15.95
2026-02-13,P19,general,4,105,6.45
2026-02-13,P19,local,6,76,5.71
2026-02-13,P20,general,1,51,6.86
2026-02-13,P20,local,3,39,7.38
2026-02-13,P21,general,3,93,10.96
2026-02-13,P21,local,0,63,10.55
2026-02-13,P22,general,5,67,17.07
2026-02-13,P22,local,0,33,16.18
2026-02-13,P23,general,5,81,9.77
2026-02-13,P23,local,0,30,9.92
2026-02-13,P24,general,2,87,14.34
2026-02-13,P24,local,1,40,15.37
2026-02-13,P25,general,0,35,16.57
2026-02-13,P25,local,0,28,15.6
2026-02-14,P01,general,1,53,15.22
2026-02-14,P01,local,0,20,13.45
2026-02-14,P02,general,2,49,10.79
2026-02-14,P02,local,0,26,10.84
2026-02-14,P03,general,0,57,13.69
2026-02-14,P03,local,1,25,13.13
2026-02-14,P04,general,0,65,16.62
2026-02-14,P04,local,2,38,15.76
2026-02-14,P05,general,8,95,5.33
2026-02-14,P05,local,5,60,5.24
2026-02-14,P06,general,0,45,12.46
2026-02-14,P06,local,1,19,12.19
2026-02-14,P07,general,5,100,10.94
2026-02-14,P07,local,2,33,10.14
2026-02-14,P08,general,5,65,4.43
2026-02-14,P08,local,4,33,4.55
2026-02-14,P09,general,2,57,11.73
2026-02-14,P09,local,0,20,11.19
2026-02-14,P10,general,0,43,14.67
2026-02-14,P10,local,0,23,15.16
2026-02-14,P11,general,1,24,13.96
2026-02-14,P11,local,0,10,14.05
2026-02-14,P12,general,2,41,6.79
2026-02-14,P12,local,2,18,7
2026-02-14,P13,general,1,51,5.87
2026-02-14,P13,local,2,47,5.95
2026-02-14,P14,general,1,47,16.02
2026-02-14,P14,local,1,24,16.45
2026-02-14,P15,general,2,36,18.27
2026-02-14,P15,local,2,19,18.69
2026-02-14,P16,general,2,65,14.88
2026-02-14,P16,local,1,43,14.88
2026-02-14,P17,general,1,72,9.82
2026-02-14,P17,local,1,41,10.09
2026-02-14,P18,general,2,54,17.79
2026-02-14,P18,local,0,22,17.73
2026-02-14,P19,general,4,96,6.07
2026-02-14,P19,local,4,57,6.02
2026-02-14,P20,general,2,41,7.3
2026-02-14,P20,local,2,34,7.26
2026-02-14,P21,general,5,69,10.53
2026-02-14,P21,local,2,50,11.29
2026-02-14,P22,general,2,54,16.96
2026-02-14,P22,local,0,27,17.32
2026-02-14,P23,general,4,72,9.06
2026-02-14,P23,local,2,24,9.03
2026-02-14,P24,general,1,74,14.9
2026-02-14,P24,local,0,24,14.64
2026-02-14,P25,general,1,38,18.41
2026-02-14,P25,local,1,22,20.13
2026-02-15,P01,general,0,47,15.65
2026-02-15,P01,local,0,26,15.16
2026-02-15,P02,general,0,49,12.51
2026-02-15,P02,local,0,27,12.91
2026-02-15,P03,general,1,49,15.99
2026-02-15,P03,local,1,25,15.82
2026-02-15,P04,general,4,50,17.38
2026-02-15,P04,local,2,47,16.95
2026-02-15,P05,general,5,93,5.11
2026-02-15,P05,local,3,62,5.49
2026-02-15,P06,general,2,26,12.79
2026-02-15,P06,local,0,20,12.11
2026-02-15,P07,general,1,95,11.23
2026-02-15,P07,local,0,33,10.86
2026-02-15,P08,general,4,92,4.59
2026-02-15,P08,local,4,28,4.64
2026-02-15,P09,general,4,66,10.08
2026-02-15,P09,local,0,22,9.97
2026-02-15,P10,general,0,33,14.52
2026-02-15,P10,local,0,14,13.84
2026-02-15,P11,general,1,23,11.71
2026-02-15,P11,local,1,18,11.78
2026-02-15,P12,general,2,49,6.67
2026-02-15,P12,local,2,23,6.93
2026-02-15,P13,general,5,70,6.03
2026-02-15,P13,local,1,46,5.76
2026-02-15,P14,general,2,31,18.46
2026-02-15,P14,local,0,23,18.5
2026-02-15,P15,general,1,26,22.16
2026-02-15,P15,local,0,11,21.41
2026-02-15,P16,general,3,51,15.79
2026-02-15,P16,local,1,36,15.58
2026-02-15,P17,general,3,75,9.15
2026-02-15,P17,local,1,40,9.1
2026-02-15,P18,general,2,50,15.9
2026-02-15,P18,local,3,28,15.67
2026-02-15,P19,general,6,104,5.36
2026-02-15,P19,local,11,65,5.42
2026-02-15,P20,general,4,38,8.08
2026-02-15,P20,local,3,33,7.31
2026-02-15,P21,general,5,70,9.62
2026-02-15,P21,local,7,73,10.23
2026-02-15,P22,general,1,54,16.83
2026-02-15,P22,local,1,24,16.3
2026-02-15,P23,general,5,61,10.31
2026-02-15,P23,local,0,24,9.21
2026-02-15,P24,general,1,63,13.78
2026-02-15,P24,local,4,40,14.68
2026-02-15,P25,general,0,18,17.39
2026-02-15,P25,local,0,25,17.71
2026-02-16,P01,general,1,59,14.75
2026-02-16,P01,local,1,36,14.34
2026-02-16,P02,general,3,63,10.68
2026-02-16,P02,local,3,50,10.41
2026-02-16,P03,general,0,71,14.54
2026-02-16,P03,local,5,34,14.51
2026-02-16,P04,general,2,59,20.14
2026-02-16,P04,local,1,38,19.55
2026-02-16,P05,general,11,119,5.35
2026-02-16,P05,local,5,82,4.9
2026-02-16,P06,general,0,44,14.42
2026-02-16,P06,local,0,24,13.99
2026-02-16,P07,general,6,138,10.46
2026-02-16,P07,local,4,52,10.1
2026-02-16,P08,general,5,98,4.55
2026-02-16,P08,local,1,46,4.44
2026-02-16,P09,general,2,59,10.05
2026-02-16,P09,local,0,25,10.43
2026-02-16,P10,general,0,47,14.62
2026-02-16,P10,local,0,20,14.42
2026-02-16,P11,general,1,31,12.29
2026-02-16,P11,local,1,24,12.1
2026-02-16,P12,general,0,49,6.34
2026-02-16,P12,local,0,28,6.43
2026-02-16,P13,general,4,70,5.8
2026-02-16,P13,local,5,74,5.74
2026-02-16,P14,general,3,57,21.02
2026-02-16,P14,local,1,36,20.15
2026-02-16,P15,general,0,49,20.04
2026-02-16,P15,local,0,14,19.46
2026-02-16,P16,general,1,83,16.67
2026-02-16,P16,local,0,55,15.13
2026-02-16,P17,general,3,110,8.94
2026-02-16,P17,local,1,45,8.26
2026-02-16,P18,general,1,90,14.81
2026-02-16,P18,local,1,37,15.33
2026-02-16,P19,general,6,129,6.15
2026-02-16,P19,local,4,75,5.93
2026-02-16,P20,general,5,60,7.13
2026-02-16,P20,local,0,50,6.98
2026-02-16,P21,general,4,82,11.02
2026-02-16,P21,local,4,68,11.38
2026-02-16,P22,general,4,60,19.81
2026-02-16,P22,local,0,28,18.76
2026-02-16,P23,general,3,80,9.96
2026-02-16,P23,local,0,43,9.88
2026-02-16,P24,general,0,66,16.21
2026-02-16,P24,local,0,27,14.71
2026-02-16,P25,general,2,35,18.5
2026-02-16,P25,local,0,32,16.78
2026-02-17,P01,general,4,61,15.26
2026-02-17,P01,local,1,31,14.72
2026-02-17,P02,general,5,93,10.89
2026-02-17,P02,local,1,31,11.27
2026-02-17,P03,general,3,69,14.86
2026-02-17,P03,local,2,34,16.1
2026-02-17,P04,general,1,63,18.14
2026-02-17,P04,local,0,43,17.26
2026-02-17,P05,general,11,144,4.63
2026-02-17,P05,local,8,99,5.17
2026-02-17,P06,general,2,34,13.4
2026-02-17,P06,local,0,27,14.27
2026-02-17,P07,general,4,114,10.94
2026-02-17,P07,local,2,52,11.09
2026-02-17,P08,general,12,112,4.83
2026-02-17,P08,local,5,42,4.83
2026-02-17,P09,general,2,60,11.1
2026-02-17,P09,local,1,30,10.22
2026-02-17,P10,general,0,50,14.36
2026-02-17,P10,local,0,23,14.06
2026-02-17,P11,general,1,22,11.48
2026-02-17,P11,local,0,17,12.05
2026-02-17,P12,general,3,65,6.43
2026-02-17,P12,local,1,26,6.07
2026-02-17,P13,general,2,85,6.56
2026-02-17,P13,local,2,64,6.14
2026-02-17,P14,general,0,62,20.55
2026-02-17,P14,local,2,27,19.88
2026-02-17,P15,general,3,43,19.85
2026-02-17,P15,local,0,17,19.89
2026-02-17,P16,general,3,85,15.98
2026-02-17,P16,local,2,60,14.93
2026-02-17,P17,general,6,116,8.12
2026-02-17,P17,local,1,57,8.1
2026-02-17,P18,general,0,77,15.49
2026-02-17,P18,local,2,45,15.8
2026-02-17,P19,general,8,134,5.53
2026-02-17,P19,local,2,76,5.67
2026-02-17,P20,general,7,65,7.31
2026-02-17,P20,local,2,47,7.54
2026-02-17,P21,general,3,90,9.65
2026-02-17,P21,local,5,66,10.3
2026-02-17,P22,general,1,72,17.62
2026-02-17,P22,local,0,27,16.38
2026-02-17,P23,general,3,83,9
2026-02-17,P23,local,4,39,9.15
2026-02-17,P24,general,2,85,13.62
2026-02-17,P24,local,0,52,13.68
2026-02-17,P25,general,2,41,15.17
2026-02-17,P25,local,0,34,15.45
2026-02-18,P01,general,0,49,14.59
2026-02-18,P01,local,0,34,14.61
2026-02-18,P02,general,1,64,12.5
2026-02-18,P02,local,1,45,12.18
2026-02-18,P03,general,2,70,14.29
2026-02-18,P03,local,0,51,14.47
2026-02-18,P04,general,0,64,16.64
2026-02-18,P04,local,1,47,17.01
2026-02-18,P05,general,7,126,4.79
2026-02-18,P05,local,11,96,4.91
2026-02-18,P06,general,0,36,14.37
2026-02-18,P06,local,2,29,13.91
2026-02-18,P07,general,3,123,10.6
2026-02-18,P07,local,1,41,10.3
2026-02-18,P08,general,5,109,5
2026-02-18,P08,local,3,26,4.69
2026-02-18,P09,general,6,66,10.47
2026-02-18,P09,local,0,20,10.22
2026-02-18,P10,general,2,51,16.71
2026-02-18,P10,local,0,28,17.07
2026-02-18,P11,general,1,27,12.87
2026-02-18,P11,local,0,23,12.98
2026-02-18,P12,general,4,71,6.57
2026-02-18,P12,local,3,34,6.3
2026-02-18,P13,general,7,74,5.44
2026-02-18,P13,local,6,56,5.79
2026-02-18,P14,general,0,50,21.25
2026-02-18,P14,local,0,27,19.57
2026-02-18,P15,general,1,50,19.26
2026-02-18,P15,local,0,18,18.64
2026-02-18,P16,general,0,82,14.28
2026-02-18,P16,local,0,52,14.51
2026-02-18,P17,general,6,106,9.77
2026-02-18,P17,local,2,42,9.53
2026-02-18,P18,general,0,70,14.36
2026-02-18,P18,local,0,41,13.76
2026-02-18,P19,general,5,127,6.16
2026-02-18,P19,local,5,65,5.71
2026-02-18,P20,general,5,65,7.25
2026-02-18,P20,local,4,43,7.42
2026-02-18,P21,general,2,71,10.29
2026-02-18,P21,local,0,73,10.25
2026-02-18,P22,general,0,87,17.14
2026-02-18,P22,local,2,19,18.49
2026-02-18,P23,general,3,76,9.09
2026-02-18,P23,local,0,25,9.26
2026-02-18,P24,general,4,97,14.06
2026-02-18,P24,local,0,56,14.5
2026-02-18,P25,general,1,42,15.66
2026-02-18,P25,local,0,31,14.87
2026-02-19,P01,general,1,48,14.07
2026-02-19,P01,local,1,32,12.93
2026-02-19,P02,general,2,87,10.43
2026-02-19,P02,local,1,40,10.74
2026-02-19,P03,general,0,72,16.11
2026-02-19,P03,local,0,41,15.79
2026-02-19,P04,general,1,87,15.04
2026-02-19,P04,local,0,49,16.23
2026-02-19,P05,general,6,112,5.24
2026-02-19,P05,local,8,86,5.41
2026-02-19,P06,general,0,44,13.41
2026-02-19,P06,local,0,22,12.86
2026-02-19,P07,general,3,108,10.3
2026-02-19,P07,local,3,47,10.36
2026-02-19,P08,general,7,109,4
2026-02-19,P08,local,3,28,4.11
2026-02-19,P09,general,2,75,11.84
2026-02-19,P09,local,1,34,11.01
2026-02-19,P10,general,2,51,14.41
2026-02-19,P10,local,1,23,14.38
2026-02-19,P11,general,0,30,11.65
2026-02-19,P11,local,0,29,11.74
2026-02-19,P12,general,4,67,6.51
2026-02-19,P12,local,3,38,6.44
2026-02-19,P13,general,3,74,6.43
2026-02-19,P13,local,7,66,6.32
2026-02-19,P14,general,1,56,18.88
2026-02-19,P14,local,0,28,18.58
2026-02-19,P15,general,0,42,19.22
2026-02-19,P15,local,0,17,19.25
2026-02-19,P16,general,4,72,15.52
2026-02-19,P16,local,0,64,15.04
2026-02-19,P17,general,4,120,8.33
2026-02-19,P17,local,3,60,8.56
2026-02-19,P18,general,3,58,14.29
2026-02-19,P18,local,2,38,14.47
2026-02-19,P19,general,5,133,5.88
2026-02-19,P19,local,6,70,5.59
2026-02-19,P20,general,3,55,7.91
2026-02-19,P20,local,1,44,8.13
2026-02-19,P21,general,3,95,11.18
2026-02-19,P21,local,2,71,12.07
2026-02-19,P22,general,1,84,17.17
2026-02-19,P22,local,0,40,16.37
2026-02-19,P23,general,2,81,9.33
2026-02-19,P23,local,3,39,9.35
2026-02-19,P24,general,3,85,14.16
2026-02-19,P24,local,0,38,15.06
2026-02-19,P25,general,1,34,18.22
2026-02-19,P25,local,0,33,18.55
2026-02-20,P01,general,2,71,15.66
2026-02-20,P01,local,1,30,14.78
2026-02-20,P02,general,2,54,12.12
2026-02-20,P02,local,4,51,12.07
2026-02-20,P03,general,7,90,13.43
2026-02-20,P03,local,0,47,13.26
2026-02-20,P04,general,3,84,16.46
2026-02-20,P04,local,0,45,17.52
2026-02-20,P05,general,8,126,4.71
2026-02-20,P05,local,9,118,4.97
2026-02-20,P06,general,0,29,14.14
2026-02-20,P06,local,0,26,14.2
2026-02-20,P07,general,7,132,10.24
2026-02-20,P07,local,7,52,10.02
2026-02-20,P08,general,14,106,4.24
2026-02-20,P08,local,5,40,4.12
2026-02-20,P09,general,3,83,10.41
2026-02-20,P09,local,2,24,11.13
2026-02-20,P10,general,4,56,14.7
2026-02-20,P10,local,1,21,14.61
2026-02-20,P11,general,2,25,12.62
2026-02-20,P11,local,1,20,13.23
2026-02-20,P12,general,2,67,6.4
2026-02-20,P12,local,1,26,6.72
2026-02-20,P13,general,7,79,5.85
2026-02-20,P13,local,4,42,5.8
2026-02-20,P14,general,0,60,18.17
2026-02-20,P14,local,1,25,18.22
2026-02-20,P15,general,2,55,19.39
2026-02-20,P15,local,1,17,19.18
2026-02-20,P16,general,2,85,15.59
2026-02-20,P16,local,0,59,14.83
2026-02-20,P17,general,5,102,10.33
2026-02-20,P17,local,2,48,10.5
2026-02-20,P18,general,2,77,14.4
2026-02-20,P18,local,1,49,14.26
2026-02-20,P19,general,6,143,6.56
2026-02-20,P19,local,3,76,6.58
2026-02-20,P20,general,3,69,6.66
2026-02-20,P20,local,3,51,6.73
2026-02-20,P21,general,1,105,12.08
2026-02-20,P21,local,2,54,11.63
2026-02-20,P22,general,5,76,15.94
2026-02-20,P22,local,0,33,16.61
2026-02-20,P23,general,2,87,9.12
2026-02-20,P23,local,0,34,9.19
2026-02-20,P24,general,1,82,13.75
2026-02-20,P24,local,1,30,14.07
2026-02-20,P25,general,0,27,19.84
2026-02-20,P25,local,0,25,20.14
2026-02-21,P01,general,0,39,14.5
2026-02-21,P01,local,1,17,14.08
2026-02-21,P02,general,3,48,11.09
2026-02-21,P02,local,2,31,10.82
2026-02-21,P03,general,0,55,13.69
2026-02-21,P03,local,2,25,14.03
2026-02-21,P04,general,0,58,18.72
2026-02-21,P04,local,0,28,17.61
2026-02-21,P05,general,5,107,5.08
2026-02-21,P05,local,1,73,5.13
2026-02-21,P06,general,2,39,12.65
2026-02-21,P06,local,1,18,12.86
2026-02-21,P07,general,4,108,10.91
2026-02-21,P07,local,1,34,10.71
2026-02-21,P08,general,6,78,4.66
2026-02-21,P08,local,1,39,4.83
2026-02-21,P09,general,4,66,10.28
2026-02-21,P09,local,1,27,9.68
2026-02-21,P10,general,0,48,15.26
2026-02-21,P10,local,1,11,13.31
2026-02-21,P11,general,2,21,13.18
2026-02-21,P11,local,0,16,13.29
2026-02-21,P12,general,4,56,6.86
2026-02-21,P12,local,1,18,6.97
2026-02-21,P13,general,4,63,5.74
2026-02-21,P13,local,2,36,5.63
2026-02-21,P14,general,1,32,20.09
2026-02-21,P14,local,0,16,19.98
2026-02-21,P15,general,1,38,17.53
2026-02-21,P15,local,0,21,17.24
2026-02-21,P16,general,2,53,17.07
2026-02-21,P16,local,1,37,17.12
2026-02-21,P17,general,7,74,8.5
2026-02-21,P17,local,0,30,8.77
2026-02-21,P18,general,0,50,15.3
2026-02-21,P18,local,1,29,15.53
2026-02-21,P19,general,2,104,6.43
2026-02-21,P19,local,1,51,6.22
2026-02-21,P20,general,4,51,6.45
2026-02-21,P20,local,1,25,6.93
2026-02-21,P21,general,3,73,10.03
2026-02-21,P21,local,4,59,10.15
2026-02-21,P22,general,3,44,16.79
2026-02-21,P22,local,0,25,17.65
2026-02-21,P23,general,3,47,9.37
2026-02-21,P23,local,1,34,9.28
2026-02-21,P24,general,2,63,14.02
2026-02-21,P24,local,0,24,13.6
2026-02-21,P25,general,3,31,16.21
2026-02-21,P25,local,1,21,16.78
2026-02-22,P01,general,1,47,14.7
2026-02-22,P01,local,0,31,14.96
2026-02-22,P02,general,3,54,10.69
2026-02-22,P02,local,2,47,10.58
2026-02-22,P03,general,0,57,15.42
2026-02-22,P03,local,2,26,15.45
2026-02-22,P04,general,1,54,16.74
2026-02-22,P04,local,2,31,16.02
2026-02-22,P05,general,11,96,5.26
2026-02-22,P05,local,2,57,5.04
2026-02-22,P06,general,1,24,12.68
2026-02-22,P06,local,3,25,12.41
2026-02-22,P07,general,5,101,11.69
2026-02-22,P07,local,2,33,10.95
2026-02-22,P08,general,3,73,4.53
2026-02-22,P08,local,2,27,4.44
2026-02-22,P09,general,0,57,11.06
2026-02-22,P09,local,1,20,11.32
2026-02-22,P10,general,2,44,13.13
2026-02-22,P10,local,0,25,13.14
2026-02-22,P11,general,3,27,11.83
2026-02-22,P11,local,2,15,11.78
2026-02-22,P12,general,4,50,5.41
2026-02-22,P12,local,1,19,5.42
2026-02-22,P13,general,2,52,6.36
2026-02-22,P13,local,0,31,6.26
2026-02-22,P14,general,0,35,17.59
2026-02-22,P14,local,0,25,17.99
2026-02-22,P15,general,0,33,19.77
2026-02-22,P15,local,0,16,20.51
2026-02-22,P16,general,0,56,14.27
2026-02-22,P16,local,1,37,14.56
2026-02-22,P17,general,2,71,9.99
2026-02-22,P17,local,4,38,9.85
2026-02-22,P18,general,1,49,16.4
2026-02-22,P18,local,0,23,16.54
2026-02-22,P19,general,8,125,5.72
2026-02-22,P19,local,6,72,5.38
2026-02-22,P20,general,3,38,8.05
2026-02-22,P20,local,3,24,7.64
2026-02-22,P21,general,0,61,10.98
2026-02-22,P21,local,1,59,11.71
2026-02-22,P22,general,2,52,16.87
2026-02-22,P22,local,2,30,17.13
2026-02-22,P23,general,2,82,8.61
2026-02-22,P23,local,3,24,8.16
2026-02-22,P24,general,2,72,14.41
2026-02-22,P24,local,1,32,14.51
2026-02-22,P25,general,0,23,18.16
2026-02-22,P25,local,0,19,17.2
2026-02-23,P01,general,2,59,15.83
2026-02-23,P01,local,0,35,15.47
2026-02-23,P02,general,7,79,13.09
2026-02-23,P02,local,2,34,12.56
2026-02-23,P03,general,1,60,13.12
2026-02-23,P03,local,0,43,12.63
2026-02-23,P04,general,1,76,16.39
2026-02-23,P04,local,0,48,15.83
2026-02-23,P05,general,13,130,4.75
2026-02-23,P05,local,6,101,4.87
2026-02-23,P06,general,2,52,11.55
2026-02-23,P06,local,2,24,11.9
2026-02-23,P07,general,3,140,10.65
2026-02-23,P07,local,1,45,10.47
2026-02-23,P08,general,8,107,4.3
2026-02-23,P08,local,2,33,4.44
2026-02-23,P09,general,1,77,9.21
2026-02-23,P09,local,0,25,9.56
2026-02-23,P10,general,0,51,15.89
2026-02-23,P10,local,0,21,15.12
2026-02-23,P11,general,0,28,13.79
2026-02-23,P11,local,0,19,14.03
2026-02-23,P12,general,3,64,6.67
2026-02-23,P12,local,0,31,6.83
2026-02-23,P13,general,5,72,5.51
2026-02-23,P13,local,4,65,5.86
2026-02-23,P14,general,1,38,19.02
2026-02-23,P14,local,1,21,18.4
2026-02-23,P15,general,0,53,20.25
2026-02-23,P15,local,1,24,19.71
2026-02-23,P16,general,2,90,15.56
2026-02-23,P16,local,2,59,14.33
2026-02-23,P17,general,8,114,9.14
2026-02-23,P17,local,3,59,8.7
2026-02-23,P18,general,1,68,15.47
2026-02-23,P18,local,4,42,15.22
2026-02-23,P19,general,9,164,5.08
2026-02-23,P19,local,3,72,5.54
2026-02-23,P20,general,3,69,7.54
2026-02-23,P20,local,2,55,7.4
2026-02-23,P21,general,3,83,10.31
2026-02-23,P21,local,3,71,10.87
2026-02-23,P22,general,1,63,19.28
2026-02-23,P22,local,1,32,20.75
2026-02-23,P23,general,8,86,8.54
2026-02-23,P23,local,2,36,8.98
2026-02-23,P24,general,3,78,14.65
2026-02-23,P24,local,2,41,14.94
2026-02-23,P25,general,0,42,16.7
2026-02-23,P25,local,0,27,18.1
2026-02-24,P01,general,1,47,14.67
2026-02-24,P01,local,0,31,14.89
2026-02-24,P02,general,2,56,11.06
2026-02-24,P02,local,3,53,11.04
2026-02-24,P03,general,1,76,13.79
2026-02-24,P03,local,3,43,13.37
2026-02-24,P04,general,3,71,16.8
2026-02-24,P04,local,1,45,17.02
2026-02-24,P05,general,6,127,4.69
2026-02-24,P05,local,5,85,4.9
2026-02-24,P06,general,2,50,13.52
2026-02-24,P06,local,2,19,12.8
2026-02-24,P07,general,3,122,10.58
2026-02-24,P07,local,2,42,10.93
2026-02-24,P08,general,9,111,4.66
2026-02-24,P08,local,1,40,4.45
2026-02-24,P09,general,0,85,10.75
2026-02-24,P09,local,0,24,10.75
2026-02-24,P10,general,2,61,15.24
2026-02-24,P10,local,0,22,15.89
2026-02-24,P11,general,0,33,12.88
2026-02-24,P11,local,1,15,12.66
2026-02-24,P12,general,3,79,6.6
2026-02-24,P12,local,0,28,6.82
2026-02-24,P13,general,4,73,5.89
2026-02-24,P13,local,4,71,5.68
2026-02-24,P14,general,0,29,15.76
2026-02-24,P14,local,0,32,16.07
2026-02-24,P15,general,2,42,18.26
2026-02-24,P15,local,0,21,18.51
2026-02-24,P16,general,1,89,16.65
2026-02-24,P16,local,0,50,16.25
2026-02-24,P17,general,5,94,9.2
2026-02-24,P17,local,0,56,8.76
2026-02-24,P18,general,1,82,15.48
2026-02-24,P18,local,0,36,15.98
2026-02-24,P19,general,9,141,6.29
2026-02-24,P19,local,3,65,6.28
2026-02-24,P20,general,2,65,6.83
2026-02-24,P20,local,1,41,7.15
2026-02-24,P21,general,5,90,10.52
2026-02-24,P21,local,3,71,10.19
2026-02-24,P22,general,2,73,16.65
2026-02-24,P22,local,0,37,15.28
2026-02-24,P23,general,5,74,7.65
2026-02-24,P23,local,1,40,7.33
2026-02-24,P24,general,5,91,15.21
2026-02-24,P24,local,0,47,14.82
2026-02-24,P25,general,2,34,15.64
2026-02-24,P25,local,1,37,15.42
2026-02-25,P01,general,3,70,13.65
2026-02-25,P01,local,1,35,14.71
2026-02-25,P02,general,3,82,11.32
2026-02-25,P02,local,1,37,11.21
2026-02-25,P03,general,1,74,14.32
2026-02-25,P03,local,0,39,13.44
2026-02-25,P04,general,1,73,18.04
2026-02-25,P04,local,2,53,18.44
2026-02-25,P05,general,10,155,4.86
2026-02-25,P05,local,6,93,5.2
2026-02-25,P06,general,0,43,14.21
2026-02-25,P06,local,1,34,13.19
2026-02-25,P07,general,7,133,10.75
2026-02-25,P07,local,5,52,10.38
2026-02-25,P08,general,11,119,5.12
2026-02-25,P08,local,0,28,4.88
2026-02-25,P09,general,4,86,10.79
2026-02-25,P09,local,0,34,10.72
2026-02-25,P10,general,4,55,15.03
2026-02-25,P10,local,2,20,16.63
2026-02-25,P11,general,0,35,12.59
2026-02-25,P11,local,1,30,12.18
2026-02-25,P12,general,5,71,6.43
2026-02-25,P12,local,1,29,6.83
2026-02-25,P13,general,3,68,6.64
2026-02-25,P13,local,3,63,6.53
2026-02-25,P14,general,0,42,18.1
2026-02-25,P14,local,1,31,18.22
2026-02-25,P15,general,0,42,20.92
2026-02-25,P15,local,1,26,19.48
2026-02-25,P16,general,0,59,16.68
2026-02-25,P16,local,0,52,16.43
2026-02-25,P17,general,1,106,11
2026-02-25,P17,local,1,44,10.63
2026-02-25,P18,general,2,72,14.36
2026-02-25,P18,local,0,44,14.76
2026-02-25,P19,general,12,118,6.11
2026-02-25,P19,local,5,87,6
2026-02-25,P20,general,2,55,6.83
2026-02-25,P20,local,2,47,6.84
2026-02-25,P21,general,1,77,10.4
2026-02-25,P21,local,1,77,10.25
2026-02-25,P22,general,2,63,17.32
2026-02-25,P22,local,0,41,16.11
2026-02-25,P23,general,5,97,8.16
2026-02-25,P23,local,1,22,8.6
2026-02-25,P24,general,0,79,13.65
2026-02-25,P24,local,1,48,13.52
2026-02-25,P25,general,0,43,16.41
2026-02-25,P25,local,0,30,18.09
2026-02-26,P01,general,2,55,13.79
2026-02-26,P01,local,3,38,13.74
2026-02-26,P02,general,3,72,10.55
2026-02-26,P02,local,0,38,11.13
2026-02-26,P03,general,2,70,15.75
2026-02-26,P03,local,2,29,15.02
2026-02-26,P04,general,1,69,18.33
2026-02-26,P04,local,1,52,18.42
2026-02-26,P05,general,8,124,5.5
2026-02-26,P05,local,9,72,5.54
2026-02-26,P06,general,3,44,12.75
2026-02-26,P06,local,0,29,12.59
2026-02-26,P07,general,8,138,9.91
2026-02-26,P07,local,2,52,9.3
2026-02-26,P08,general,7,104,4.42
2026-02-26,P08,local,2,33,4.58
2026-02-26,P09,general,1,77,9.38
2026-02-26,P09,local,1,38,9.46
2026-02-26,P10,general,0,45,13.87
2026-02-26,P10,local,0,25,14.58
2026-02-26,P11,general,1,32,11.69
2026-02-26,P11,local,1,18,11.21
2026-02-26,P12,general,3,68,6.18
2026-02-26,P12,local,3,38,6.44
2026-02-26,P13,general,7,91,5.81
2026-02-26,P13,local,2,57,6.1
2026-02-26,P14,general,1,54,17.56
2026-02-26,P14,local,0,29,17.97
2026-02-26,P15,general,0,50,18.67
2026-02-26,P15,local,0,30,18.45
2026-02-26,P16,general,2,78,14.14
2026-02-26,P16,local,2,53,15.19
2026-02-26,P17,general,4,108,8.16
2026-02-26,P17,local,2,51,8.37
2026-02-26,P18,general,1,72,14.26
2026-02-26,P18,local,0,43,15.33
2026-02-26,P19,general,13,137,5.44
2026-02-26,P19,local,5,83,5.39
2026-02-26,P20,general,7,59,6.84
2026-02-26,P20,local,4,55,6.48
2026-02-26,P21,general,2,83,10.46
2026-02-26,P21,local,4,72,10.29
2026-02-26,P22,general,2,78,16.69
2026-02-26,P22,local,0,30,17.17
2026-02-26,P23,general,0,75,8.44
2026-02-26,P23,local,0,35,8.19
2026-02-26,P24,general,1,88,14.06
2026-02-26,P24,local,3,36,13.79
2026-02-26,P25,general,2,49,16.68
2026-02-26,P25,local,1,27,16.44
2026-02-27,P01,general,2,45,16.87
2026-02-27,P01,local,1,28,16.78
2026-02-27,P02,general,2,69,11.85
2026-02-27,P02,local,2,41,11.79
2026-02-27,P03,general,3,62,16.19
2026-02-27,P03,local,1,45,15.31
2026-02-27,P04,general,2,78,16.87
2026-02-27,P04,local,0,37,17.06
2026-02-27,P05,general,9,119,4.54
2026-02-27,P05,local,7,93,4.71
2026-02-27,P06,general,1,39,12.48
2026-02-27,P06,local,0,22,12.98
2026-02-27,P07,general,3,125,10.56
2026-02-27,P07,local,0,51,10.32
2026-02-27,P08,general,9,92,4.22
2026-02-27,P08,local,3,54,4.38
2026-02-27,P09,general,4,81,9.58
2026-02-27,P09,local,2,36,10.15
2026-02-27,P10,general,2,58,15.38
2026-02-27,P10,local,1,30,13.61
2026-02-27,P11,general,2,34,11.53
2026-02-27,P11,local,1,37,11.12
2026-02-27,P12,general,5,73,6.16
2026-02-27,P12,local,1,33,6.48
2026-02-27,P13,general,7,84,6.13
2026-02-27,P13,local,3,50,6.14
2026-02-27,P14,general,1,37,19.76
2026-02-27,P14,local,0,40,18.76
2026-02-27,P15,general,0,42,19.9
2026-02-27,P15,local,0,27,20.22
2026-02-27,P16,general,5,81,16.1
2026-02-27,P16,local,0,49,16.1
2026-02-27,P17,general,6,94,9.84
2026-02-27,P17,local,0,51,9.57
2026-02-27,P18,general,1,67,15.1
2026-02-27,P18,local,2,31,14.51
2026-02-27,P19,general,4,117,5.79
2026-02-27,P19,local,3,74,5.81
2026-02-27,P20,general,1,72,6.68
2026-02-27,P20,local,1,43,6.42
2026-02-27,P21,general,2,100,10.86
2026-02-27,P21,local,2,90,10.69
2026-02-27,P22,general,1,62,17.04
2026-02-27,P22,local,1,29,17.1
2026-02-27,P23,general,2,75,8.34
2026-02-27,P23,local,2,34,8.44
2026-02-27,P24,general,3,97,14.09
2026-02-27,P24,local,0,37,13.92
2026-02-27,P25,general,0,39,16.5
2026-02-27,P25,local,2,30,16.12
2026-02-28,P01,general,2,46,14.4
2026-02-28,P01,local,1,22,13.78
2026-02-28,P02,general,2,66,10.54
2026-02-28,P02,local,2,33,10.11
2026-02-28,P03,general,2,55,15.69
2026-02-28,P03,local,0,19,15.29
2026-02-28,P04,general,1,56,17.53
2026-02-28,P04,local,1,37,16.7
2026-02-28,P05,general,11,104,5.01
2026-02-28,P05,local,6,70,4.89
2026-02-28,P06,general,0,28,12.2
2026-02-28,P06,local,1,25,12.5
2026-02-28,P07,general,2,103,10.4
2026-02-28,P07,local,2,47,10.46
2026-02-28,P08,general,6,75,4.25
2026-02-28,P08,local,0,30,4.37
2026-02-28,P09,general,1,54,11.74
2026-02-28,P09,local,0,28,12.32
2026-02-28,P10,general,0,49,14.64
2026-02-28,P10,local,1,22,15.07
2026-02-28,P11,general,1,16,12.77
2026-02-28,P11,local,1,20,13.07
2026-02-28,P12,general,4,60,6.03
2026-02-28,P12,local,3,20,6.32
2026-02-28,P13,general,7,69,6.2
2026-02-28,P13,local,4,39,6.06
2026-02-28,P14,general,0,25,17.76
2026-02-28,P14,local,0,24,17.06
2026-02-28,P15,general,1,34,19.01
2026-02-28,P15,local,0,10,19.4
2026-02-28,P16,general,4,68,16.4
2026-02-28,P16,local,0,35,17.46
2026-02-28,P17,general,2,68,9.31
2026-02-28,P17,local,2,39,9.4
2026-02-28,P18,general,1,59,14.34
2026-02-28,P18,local,3,39,14.64
2026-02-28,P19,general,5,100,5.79
2026-02-28,P19,local,6,72,5.41
2026-02-28,P20,general,2,35,7.09
2026-02-28,P20,local,0,37,7
2026-02-28,P21,general,1,60,10.62
2026-02-28,P21,local,1,45,10.51
2026-02-28,P22,general,1,59,16.84
2026-02-28,P22,local,0,18,17.06
2026-02-28,P23,general,2,56,9.15
2026-02-28,P23,local,1,28,8.86
2026-02-28,P24,general,2,75,14.5
2026-02-28,P24,local,0,22,14.18
2026-02-28,P25,general,0,27,16.75
2026-02-28,P25,local,0,16,17.17
2026-03-01,P01,general,4,38,14.99
2026-03-01,P01,local,0,30,16.27
2026-03-01,P02,general,1,45,12.95
2026-03-01,P02,local,2,32,13.08
2026-03-01,P03,general,3,46,15.49
2026-03-01,P03,local,3,32,15.25
2026-03-01,P04,general,1,63,15.82
2026-03-01,P04,local,1,37,15.83
2026-03-01,P05,general,8,101,5.36
2026-03-01,P05,local,5,66,5.72
2026-03-01,P06,general,3,26,14.17
2026-03-01,P06,local,0,26,13.86
2026-03-01,P07,general,1,97,10.97
2026-03-01,P07,local,1,40,11.76
2026-03-01,P08,general,7,81,4.5
2026-03-01,P08,local,5,23,4.24
2026-03-01,P09,general,2,64,10.06
2026-03-01,P09,local,0,24,10.83
2026-03-01,P10,general,2,44,13.49
2026-03-01,P10,local,0,19,15.05
2026-03-01,P11,general,1,26,11.96
2026-03-01,P11,local,0,14,12.39
2026-03-01,P12,general,0,51,7.15
2026-03-01,P12,local,0,30,7.87
2026-03-01,P13,general,3,53,6.61
2026-03-01,P13,local,3,39,6.96
2026-03-01,P14,general,0,27,19.21
2026-03-01,P14,local,0,20,18.57
2026-03-01,P15,general,2,44,19.81
2026-03-01,P15,local,0,8,19.13
2026-03-01,P16,general,0,64,16.15
2026-03-01,P16,local,0,35,15.93
2026-03-01,P17,general,4,81,8.32
2026-03-01,P17,local,1,37,8.36
2026-03-01,P18,general,1,35,16.09
2026-03-01,P18,local,1,41,15.97
2026-03-01,P19,general,6,104,5.78
2026-03-01,P19,local,7,50,5.71
2026-03-01,P20,general,2,37,7.48
2026-03-01,P20,local,3,49,7.64
2026-03-01,P21,general,3,69,10.11
2026-03-01,P21,local,1,45,10.1
2026-03-01,P22,general,1,47,15.46
2026-03-01,P22,local,0,31,16.43
2026-03-01,P23,general,2,64,8.31
2026-03-01,P23,local,3,33,8.77
2026-03-01,P24,general,1,57,13.4
2026-03-01,P24,local,4,40,13.29
2026-03-01,P25,general,1,35,18.27
2026-03-01,P25,local,1,21,17.65
2026-03-02,P01,general,3,66,13.92
2026-03-02,P01,local,0,27,14.84
2026-03-02,P02,general,0,71,11.84
2026-03-02,P02,local,1,35,11.92
2026-03-02,P03,general,1,76,15.59
2026-03-02,P03,local,1,44,14.57
2026-03-02,P04,general,2,64,15.9
2026-03-02,P04,local,1,58,17.04
2026-03-02,P05,general,5,131,5.77
2026-03-02,P05,local,3,80,5.38
2026-03-02,P06,general,4,45,11.43
2026-03-02,P06,local,0,28,11.79
2026-03-02,P07,general,4,128,11.04
2026-03-02,P07,local,0,37,11.05
2026-03-02,P08,general,5,100,3.95
2026-03-02,P08,local,1,43,4.28
2026-03-02,P09,general,3,80,9.99
2026-03-02,P09,local,1,33,10.24
2026-03-02,P10,general,3,77,13.2
2026-03-02,P10,local,0,24,13.66
2026-03-02,P11,general,2,41,12.21
2026-03-02,P11,local,1,45,12.24
2026-03-02,P12,general,3,68,6.41
2026-03-02,P12,local,0,33,6.4
2026-03-02,P13,general,7,84,5.18
2026-03-02,P13,local,2,55,5.18
2026-03-02,P14,general,1,54,15.95
2026-03-02,P14,local,1,29,15.74
2026-03-02,P15,general,1,37,19.75
2026-03-02,P15,local,0,16,18.98
2026-03-02,P16,general,5,92,15.68
2026-03-02,P16,local,1,52,14.56
2026-03-02,P17,general,4,97,9.16
2026-03-02,P17,local,0,45,8.78
2026-03-02,P18,general,1,66,15.71
2026-03-02,P18,local,1,33,15.46
2026-03-02,P19,general,8,152,5.2
2026-03-02,P19,local,6,80,5.19
2026-03-02,P20,general,2,72,6.63
2026-03-02,P20,local,1,39,6.36
2026-03-02,P21,general,2,92,10.32
2026-03-02,P21,local,3,81,10.15
2026-03-02,P22,general,2,77,18.19
2026-03-02,P22,local,0,27,17.82
2026-03-02,P23,general,5,81,9.08
2026-03-02,P23,local,2,33,9.46
2026-03-02,P24,general,2,68,14.56
2026-03-02,P24,local,1,51,14.13
2026-03-02,P25,general,1,42,16.76
2026-03-02,P25,local,0,32,16.03
2026-03-03,P01,general,1,62,14.08
2026-03-03,P01,local,2,44,14.26
2026-03-03,P02,general,2,82,10.49
2026-03-03,P02,local,1,66,10.1
2026-03-03,P03,general,0,69,14.94
2026-03-03,P03,local,0,46,14.07
2026-03-03,P04,general,1,69,15.9
2026-03-03,P04,local,1,51,16.43
2026-03-03,P05,general,5,119,5.14
2026-03-03,P05,local,9,99,5.34
2026-03-03,P06,general,1,35,13.26
2026-03-03,P06,local,1,34,12.56
2026-03-03,P07,general,3,140,9.79
2026-03-03,P07,local,0,43,9.7
2026-03-03,P08,general,12,110,4.33
2026-03-03,P08,local,4,40,4.36
2026-03-03,P09,general,0,68,11.73
2026-03-03,P09,local,4,35,12.11
2026-03-03,P10,general,3,50,13.46
2026-03-03,P10,local,1,24,13.38
2026-03-03,P11,general,0,38,12.86
2026-03-03,P11,local,1,29,13.33
2026-03-03,P12,general,4,74,5.98
2026-03-03,P12,local,3,26,6.03
2026-03-03,P13,general,3,68,5.91
2026-03-03,P13,local,3,58,5.87
2026-03-03,P14,general,0,36,17.45
2026-03-03,P14,local,1,28,18.72
2026-03-03,P15,general,0,54,19.21
2026-03-03,P15,local,1,19,18.8
2026-03-03,P16,general,4,90,14.56
2026-03-03,P16,local,2,62,13.93
2026-03-03,P17,general,4,105,8.82
2026-03-03,P17,local,1,45,8.95
2026-03-03,P18,general,1,70,14.95
2026-03-03,P18,local,2,44,14.78
2026-03-03,P19,general,6,135,4.72
2026-03-03,P19,local,4,74,5
2026-03-03,P20,general,0,66,7.46
2026-03-03,P20,local,3,45,7.49
2026-03-03,P21,general,1,81,10.87
2026-03-03,P21,local,2,69,10.24
2026-03-03,P22,general,3,95,16.9
2026-03-03,P22,local,1,34,16.86
2026-03-03,P23,general,6,72,8.23
2026-03-03,P23,local,0,34,8.48
2026-03-03,P24,general,3,90,12.86
2026-03-03,P24,local,2,48,13.31
2026-03-03,P25,general,2,36,15.04
2026-03-03,P25,local,1,23,15.99
2026-03-04,P01,general,2,42,14.55
2026-03-04,P01,local,0,23,14.85
2026-03-04,P02,general,5,59,9.92
2026-03-04,P02,local,2,44,9.96
2026-03-04,P03,general,3,72,13.49
2026-03-04,P03,local,1,41,14.02
2026-03-04,P04,general,0,62,17.26
2026-03-04,P04,local,0,50,17.86
2026-03-04,P05,general,7,131,5.2
2026-03-04,P05,local,10,91,4.99
2026-03-04,P06,general,0,51,12.81
2026-03-04,P06,local,2,26,12.31
2026-03-04,P07,general,3,135,10.38
2026-03-04,P07,local,1,44,9.85
2026-03-04,P08,general,9,103,4.45
2026-03-04,P08,local,1,35,4.05
2026-03-04,P09,general,1,65,10.33
2026-03-04,P09,local,1,26,10.45
2026-03-04,P10,general,1,51,14.24
2026-03-04,P10,local,1,31,13.69
2026-03-04,P11,general,0,30,12.72
2026-03-04,P11,local,1,31,12.64
2026-03-04,P12,general,1,53,6.58
2026-03-04,P12,local,2,27,6.78
2026-03-04,P13,general,3,58,5.67
2026-03-04,P13,local,4,58,5.79
2026-03-04,P14,general,0,50,16.8
2026-03-04,P14,local,0,20,17.38
2026-03-04,P15,general,0,48,17.5
2026-03-04,P15,local,1,22,17.4
2026-03-04,P16,general,1,75,15.38
2026-03-04,P16,local,1,56,13.46
2026-03-04,P17,general,5,119,8.6
2026-03-04,P17,local,1,55,8.72
2026-03-04,P18,general,2,82,15.93
2026-03-04,P18,local,1,48,15.63
2026-03-04,P19,general,1,121,6.04
2026-03-04,P19,local,8,79,5.53
2026-03-04,P20,general,5,75,7.05
2026-03-04,P20,local,0,45,7.35
2026-03-04,P21,general,1,101,10.78
2026-03-04,P21,local,2,62,10.6
2026-03-04,P22,general,0,70,16.23
2026-03-04,P22,local,0,30,16.16
2026-03-04,P23,general,7,104,8.21
2026-03-04,P23,local,2,37,8.84
2026-03-04,P24,general,3,87,13.44
2026-03-04,P24,local,1,48,13.19
2026-03-04,P25,general,0,40,17.05
2026-03-04,P25,local,1,29,16.72
2026-03-05,P01,general,0,59,14.6
2026-03-05,P01,local,0,36,14.4
2026-03-05,P02,general,1,80,12.38
2026-03-05,P02,local,0,34,12.02
2026-03-05,P03,general,5,65,15.29
2026-03-05,P03,local,0,38,15.85
2026-03-05,P04,general,2,74,19.26
2026-03-05,P04,local,0,40,19.3
2026-03-05,P05,general,9,142,5.01
2026-03-05,P05,local,4,87,4.86
2026-03-05,P06,general,2,50,12.68
2026-03-05,P06,local,0,24,13
2026-03-05,P07,general,4,130,10.24
2026-03-05,P07,local,1,49,11.12
2026-03-05,P08,general,12,93,4.8
2026-03-05,P08,local,5,43,4.42
2026-03-05,P09,general,3,90,10.21
2026-03-05,P09,local,3,25,10.55
2026-03-05,P10,general,0,52,14.99
2026-03-05,P10,local,2,15,14.34
2026-03-05,P11,general,1,33,12.25
2026-03-05,P11,local,1,35,13.13
2026-03-05,P12,general,4,62,6.43
2026-03-05,P12,local,1,36,6.66
2026-03-05,P13,general,4,69,5.57
2026-03-05,P13,local,3,61,5.68
2026-03-05,P14,general,0,36,18.5
2026-03-05,P14,local,0,31,19.65
2026-03-05,P15,general,1,48,19.84
2026-03-05,P15,local,0,18,18.64
2026-03-05,P16,general,1,78,14.44
2026-03-05,P16,local,1,51,14.14
2026-03-05,P17,general,2,109,9.65
2026-03-05,P17,local,0,46,10.26
2026-03-05,P18,general,1,84,16.64
2026-03-05,P18,local,0,43,16.2
2026-03-05,P19,general,7,139,5.74
2026-03-05,P19,local,4,81,5.78
2026-03-05,P20,general,2,63,6.89
2026-03-05,P20,local,3,38,6.9
2026-03-05,P21,general,7,98,9.97
2026-03-05,P21,local,3,92,9.95
2026-03-05,P22,general,3,72,16.64
2026-03-05,P22,local,1,34,16.34
2026-03-05,P23,general,5,96,8.03
2026-03-05,P23,local,0,35,8.1
2026-03-05,P24,general,3,84,17.18
2026-03-05,P24,local,0,42,17.84
2026-03-05,P25,general,0,47,16.27
2026-03-05,P25,local,2,30,17.33
2026-03-06,P01,general,1,66,14.56
2026-03-06,P01,local,0,34,15.23
2026-03-06,P02,general,1,74,12.94
2026-03-06,P02,local,1,44,12.63
2026-03-06,P03,general,1,72,14.47
2026-03-06,P03,local,0,36,14.39
2026-03-06,P04,general,1,64,17.16
2026-03-06,P04,local,0,39,16.34
2026-03-06,P05,general,12,149,5.01
2026-03-06,P05,local,11,100,5.28
2026-03-06,P06,general,1,52,12.19
2026-03-06,P06,local,0,31,12.26
2026-03-06,P07,general,7,119,10.56
2026-03-06,P07,local,1,57,9.08
2026-03-06,P08,general,8,100,4.88
2026-03-06,P08,local,3,33,4.59
2026-03-06,P09,general,2,72,11.08
2026-03-06,P09,local,0,30,10.37
2026-03-06,P10,general,3,43,13.42
2026-03-06,P10,local,1,25,13
2026-03-06,P11,general,0,21,14.13
2026-03-06,P11,local,1,20,14.93
2026-03-06,P12,general,2,70,7.33
2026-03-06,P12,local,2,34,7.27
2026-03-06,P13,general,0,84,6.24
2026-03-06,P13,local,3,55,5.85
2026-03-06,P14,general,0,40,17.52
2026-03-06,P14,local,1,34,17.87
2026-03-06,P15,general,2,64,19.02
2026-03-06,P15,local,0,24,18.31
2026-03-06,P16,general,3,70,14.4
2026-03-06,P16,local,1,44,14.88
2026-03-06,P17,general,4,101,9.8
2026-03-06,P17,local,1,54,9.57
2026-03-06,P18,general,0,69,13.78
2026-03-06,P18,local,1,37,14.52
2026-03-06,P19,general,6,127,5.29
2026-03-06,P19,local,5,74,5.69
2026-03-06,P20,general,3,70,7.58
2026-03-06,P20,local,1,39,7.79
2026-03-06,P21,general,2,87,9.87
2026-03-06,P21,local,3,81,9.88
2026-03-06,P22,general,2,79,16.35
2026-03-06,P22,local,0,34,16.22
2026-03-06,P23,general,1,90,8.01
2026-03-06,P23,local,1,42,8.13
2026-03-06,P24,general,3,98,14.23
2026-03-06,P24,local,3,41,13.91
2026-03-06,P25,general,1,41,19.56
2026-03-06,P25,local,0,26,20.26
2026-03-07,P01,general,2,48,13.45
2026-03-07,P01,local,1,20,13.3
2026-03-07,P02,general,2,63,9.63
2026-03-07,P02,local,2,32,9.68
2026-03-07,P03,general,3,45,14.29
2026-03-07,P03,local,2,32,14.05
2026-03-07,P04,general,1,59,17.96
2026-03-07,P04,local,0,32,16.66
2026-03-07,P05,general,5,122,5.48
2026-03-07,P05,local,5,83,5.61
2026-03-07,P06,general,0,35,12.98
2026-03-07,P06,local,1,18,14
2026-03-07,P07,general,5,91,9.97
2026-03-07,P07,local,4,34,9.65
2026-03-07,P08,general,5,80,4.41
2026-03-07,P08,local,2,29,4.78
2026-03-07,P09,general,1,48,10.48
2026-03-07,P09,local,1,23,10.71
2026-03-07,P10,general,2,27,14.01
2026-03-07,P10,local,1,14,14.33
2026-03-07,P11,general,0,18,12.02
2026-03-07,P11,local,0,16,12.38
2026-03-07,P12,general,1,59,6.88
2026-03-07,P12,local,1,25,6.94
2026-03-07,P13,general,4,52,6.45
2026-03-07,P13,local,2,51,6.14
2026-03-07,P14,general,1,32,17.98
2026-03-07,P14,local,0,27,17.98
2026-03-07,P15,general,1,38,20.51
2026-03-07,P15,local,0,17,20.37
2026-03-07,P16,general,1,53,15.04
2026-03-07,P16,local,2,45,15.6
2026-03-07,P17,general,5,80,8.79
2026-03-07,P17,local,3,35,9.05
2026-03-07,P18,general,1,41,13.89
2026-03-07,P18,local,0,26,15.38
2026-03-07,P19,general,3,101,6.17
2026-03-07,P19,local,3,45,6.46
2026-03-07,P20,general,1,50,7.33
2026-03-07,P20,local,0,29,7.08
2026-03-07,P21,general,3,67,10.81
2026-03-07,P21,local,2,58,10.33
2026-03-07,P22,general,4,60,17.06
2026-03-07,P22,local,0,37,15.9
2026-03-07,P23,general,2,70,7.9
2026-03-07,P23,local,0,22,7.92
2026-03-07,P24,general,1,54,14.41
2026-03-07,P24,local,2,41,14.11
2026-03-07,P25,general,0,37,17.68
2026-03-07,P25,local,1,29,16.87
2026-03-08,P01,general,1,42,15.39
2026-03-08,P01,local,2,36,14.79
2026-03-08,P02,general,3,55,10.89
2026-03-08,P02,local,2,28,11.22
2026-03-08,P03,general,2,64,15.69
2026-03-08,P03,local,0,20,15.18
2026-03-08,P04,general,1,57,16.75
2026-03-08,P04,local,1,34,16.55
2026-03-08,P05,general,10,85,5.2
2026-03-08,P05,local,7,71,5.37
2026-03-08,P06,general,0,40,13.35
2026-03-08,P06,local,0,23,13.65
2026-03-08,P07,general,4,100,9.3
2026-03-08,P07,local,1,34,9.36
2026-03-08,P08,general,7,89,4.38
2026-03-08,P08,local,1,23,4.53
2026-03-08,P09,general,2,55,12.16
2026-03-08,P09,local,0,20,13.11
2026-03-08,P10,general,1,47,15.16
2026-03-08,P10,local,0,13,15.67
2026-03-08,P11,general,0,22,12.58
2026-03-08,P11,local,1,23,12.18
2026-03-08,P12,general,4,69,6.47
2026-03-08,P12,local,1,16,6.84
2026-03-08,P13,general,3,55,6.19
2026-03-08,P13,local,3,50,5.86
2026-03-08,P14,general,1,24,18.25
2026-03-08,P14,local,0,14,17.62
2026-03-08,P15,general,1,38,19.13
2026-03-08,P15,local,0,14,18.93
2026-03-08,P16,general,2,55,15.48
2026-03-08,P16,local,1,42,15.56
2026-03-08,P17,general,0,71,8.83
2026-03-08,P17,local,1,41,9.7
2026-03-08,P18,general,1,52,17.17
2026-03-08,P18,local,1,31,15.51
2026-03-08,P19,general,6,101,5.81
2026-03-08,P19,local,7,61,5.58
2026-03-08,P20,general,3,43,6.74
2026-03-08,P20,local,2,35,7.06
2026-03-08,P21,general,0,59,11.23
2026-03-08,P21,local,3,52,10.75
2026-03-08,P22,general,1,47,16.12
2026-03-08,P22,local,3,27,16.93
2026-03-08,P23,general,5,69,8.7
2026-03-08,P23,local,0,29,9.15
2026-03-08,P24,general,2,90,15.38
2026-03-08,P24,local,1,36,15.44
2026-03-08,P25,general,0,29,16.5
2026-03-08,P25,local,1,24,15.9
2026-03-09,P01,general,2,45,15.05
2026-03-09,P01,local,1,39,14.85
2026-03-09,P02,general,2,77,10.89
2026-03-09,P02,local,1,38,10.77
2026-03-09,P03,general,0,73,14.67
2026-03-09,P03,local,1,37,15.28
2026-03-09,P04,general,2,64,16.86
2026-03-09,P04,local,1,41,16.69
2026-03-09,P05,general,13,136,5.01
2026-03-09,P05,local,5,104,5.25
2026-03-09,P06,general,2,45,13.65
2026-03-09,P06,local,0,27,14.3
2026-03-09,P07,general,5,127,10.98
2026-03-09,P07,local,1,48,11.4
2026-03-09,P08,general,5,98,4.25
2026-03-09,P08,local,5,34,4.32
2026-03-09,P09,general,4,83,10.72
2026-03-09,P09,local,0,33,11.26
2026-03-09,P10,general,2,53,15.39
2026-03-09,P10,local,1,23,15.21
2026-03-09,P11,general,0,31,12.03
2026-03-09,P11,local,1,32,12
2026-03-09,P12,general,2,78,7.06
2026-03-09,P12,local,2,25,6.71
2026-03-09,P13,general,7,71,6.04
2026-03-09,P13,local,5,72,6.57
2026-03-09,P14,general,1,32,18.73
2026-03-09,P14,local,0,26,18.65
2026-03-09,P15,general,0,38,22.29
2026-03-09,P15,local,1,24,21.05
2026-03-09,P16,general,1,84,14.34
2026-03-09,P16,local,1,50,14.83
2026-03-09,P17,general,4,85,8.98
2026-03-09,P17,local,2,53,9.66
2026-03-09,P18,general,2,70,13.28
2026-03-09,P18,local,2,39,13.93
2026-03-09,P19,general,12,148,5.77
2026-03-09,P19,local,8,87,5.88
2026-03-09,P20,general,5,66,6.71
2026-03-09,P20,local,5,54,6.76
2026-03-09,P21,general,1,100,9.83
2026-03-09,P21,local,3,79,9.62
2026-03-09,P22,general,1,77,16.66
2026-03-09,P22,local,0,33,17.65
2026-03-09,P23,general,3,74,9.59
2026-03-09,P23,local,3,33,9.34
2026-03-09,P24,general,2,93,15.59
2026-03-09,P24,local,0,42,15.27
2026-03-09,P25,general,1,54,14.96
2026-03-09,P25,local,2,38,14.16
2026-03-10,P01,general,3,76,14.93
2026-03-10,P01,local,1,46,14.75
2026-03-10,P02,general,2,90,10.62
2026-03-10,P02,local,0,38,10.05
2026-03-10,P03,general,1,53,15.91
2026-03-10,P03,local,0,55,15.54
2026-03-10,P04,general,1,71,16.35
2026-03-10,P04,local,1,44,17.51
2026-03-10,P05,general,6,124,4.88
2026-03-10,P05,local,1,87,5.06
2026-03-10,P06,general,1,41,13.28
2026-03-10,P06,local,0,21,13.83
2026-03-10,P07,general,5,126,9.73
2026-03-10,P07,local,1,45,9.83
2026-03-10,P08,general,8,118,4.41
2026-03-10,P08,local,1,45,4.55
2026-03-10,P09,general,0,71,10.87
2026-03-10,P09,local,0,23,10.44
2026-03-10,P10,general,3,67,14.6
2026-03-10,P10,local,0,25,15.26
2026-03-10,P11,general,1,29,12.67
2026-03-10,P11,local,1,30,13.12
2026-03-10,P12,general,1,76,6.38
2026-03-10,P12,local,0,30,6.38
2026-03-10,P13,general,3,70,6.34
2026-03-10,P13,local,4,59,6.86
2026-03-10,P14,general,1,39,20.42
2026-03-10,P14,local,0,23,20.62
2026-03-10,P15,general,0,49,19.86
2026-03-10,P15,local,0,17,19.82
2026-03-10,P16,general,0,81,14.28
2026-03-10,P16,local,0,64,14.49
2026-03-10,P17,general,2,113,9.36
2026-03-10,P17,local,2,59,9.13
2026-03-10,P18,general,1,81,15.68
2026-03-10,P18,local,1,36,16.11
2026-03-10,P19,general,7,121,5.88
2026-03-10,P19,local,5,74,6.46
2026-03-10,P20,general,3,53,7.21
2026-03-10,P20,local,0,38,7.38
2026-03-10,P21,general,4,91,8.96
2026-03-10,P21,local,4,84,9.17
2026-03-10,P22,general,1,57,17.01
2026-03-10,P22,local,0,24,17.94
2026-03-10,P23,general,2,85,8.34
2026-03-10,P23,local,2,29,9.33
2026-03-10,P24,general,0,83,14.55
2026-03-10,P24,local,2,41,14.85
2026-03-10,P25,general,2,41,15.7
2026-03-10,P25,local,1,36,16.16
2026-03-11,P01,general,3,55,15.04
2026-03-11,P01,local,2,38,14.64
2026-03-11,P02,general,4,80,9.27
2026-03-11,P02,local,1,45,9.81
2026-03-11,P03,general,0,70,14.15
2026-03-11,P03,local,1,38,14.35
2026-03-11,P04,general,0,73,17.73
2026-03-11,P04,local,1,46,18.18
2026-03-11,P05,general,14,131,4.99
2026-03-11,P05,local,3,84,4.88
2026-03-11,P06,general,0,41,13.63
2026-03-11,P06,local,1,29,13.92
2026-03-11,P07,general,5,134,10.73
2026-03-11,P07,local,3,48,10.38
2026-03-11,P08,general,9,109,4.6
2026-03-11,P08,local,3,29,4.36
2026-03-11,P09,general,3,74,9.5
2026-03-11,P09,local,1,35,9.71
2026-03-11,P10,general,2,52,13.05
2026-03-11,P10,local,1,25,14.57
2026-03-11,P11,general,0,31,12.89
2026-03-11,P11,local,0,19,13.16
2026-03-11,P12,general,4,68,6.31
2026-03-11,P12,local,0,36,6.11
2026-03-11,P13,general,6,80,6.13
2026-03-11,P13,local,2,47,6.17
2026-03-11,P14,general,0,43,17.68
2026-03-11,P14,local,0,23,17.63
2026-03-11,P15,general,2,57,21.25
2026-03-11,P15,local,0,22,20.11
2026-03-11,P16,general,3,96,14.47
2026-03-11,P16,local,2,75,13.73
2026-03-11,P17,general,2,95,9.09
2026-03-11,P17,local,1,42,9.22
2026-03-11,P18,general,3,78,16.24
2026-03-11,P18,local,0,45,15.2
2026-03-11,P19,general,10,126,5.59
2026-03-11,P19,local,4,88,5.94
2026-03-11,P20,general,2,59,7.71
2026-03-11,P20,local,2,50,7.58
2026-03-11,P21,general,1,110,11.02
2026-03-11,P21,local,0,73,10.54
2026-03-11,P22,general,3,68,17.94
2026-03-11,P22,local,0,40,17.5
2026-03-11,P23,general,3,90,8.59
2026-03-11,P23,local,1,29,8.39
2026-03-11,P24,general,1,88,13.78
2026-03-11,P24,local,0,34,13.37
2026-03-11,P25,general,1,33,16.97
2026-03-11,P25,local,0,30,16.63
2026-03-12,P01,general,2,62,13.97
2026-03-12,P01,local,1,31,14.81
2026-03-12,P02,general,4,69,12.74
2026-03-12,P02,local,1,35,12.28
2026-03-12,P03,general,1,76,15.35
2026-03-12,P03,local,2,42,16.42
2026-03-12,P04,general,2,84,16.99
2026-03-12,P04,local,1,46,16.7
2026-03-12,P05,general,12,138,4.79
2026-03-12,P05,local,2,86,4.44
2026-03-12,P06,general,3,47,14.47
2026-03-12,P06,local,0,26,14.76
2026-03-12,P07,general,4,128,9.33
2026-03-12,P07,local,2,50,9.17
2026-03-12,P08,general,5,98,4.75
2026-03-12,P08,local,2,42,5.25
2026-03-12,P09,general,3,60,10.86
2026-03-12,P09,local,1,27,10.22
2026-03-12,P10,general,5,57,13.17
2026-03-12,P10,local,0,15,13.69
2026-03-12,P11,general,1,38,13.78
2026-03-12,P11,local,0,17,13.32
2026-03-12,P12,general,4,73,6.46
2026-03-12,P12,local,0,21,6.7
2026-03-12,P13,general,6,89,6.22
2026-03-12,P13,local,6,57,6.26
2026-03-12,P14,general,1,38,17.81
2026-03-12,P14,local,2,34,17.08
2026-03-12,P15,general,1,51,19.12
2026-03-12,P15,local,0,21,18.86
2026-03-12,P16,general,2,79,14.96
2026-03-12,P16,local,0,56,15.25
2026-03-12,P17,general,4,116,8.35
2026-03-12,P17,local,3,52,8.21
2026-03-12,P18,general,1,72,17.3
2026-03-12,P18,local,2,42,16.25
2026-03-12,P19,general,7,134,5.79
2026-03-12,P19,local,4,65,5.94
2026-03-12,P20,general,2,64,7.38
2026-03-12,P20,local,1,49,7.13
2026-03-12,P21,general,6,101,9.91
2026-03-12,P21,local,3,61,9.83
2026-03-12,P22,general,3,76,15.64
2026-03-12,P22,local,1,32,15.77
2026-03-12,P23,general,3,72,9.16
2026-03-12,P23,local,0,29,8.29
2026-03-12,P24,general,1,85,14.31
2026-03-12,P24,local,1,44,15.3
2026-03-12,P25,general,0,37,17.8
2026-03-12,P25,local,0,29,16.35
2026-03-13,P01,general,3,53,13.51
2026-03-13,P01,local,0,37,13.88
2026-03-13,P02,general,1,64,10.3
2026-03-13,P02,local,0,32,10.28
2026-03-13,P03,general,0,62,14.84
2026-03-13,P03,local,0,44,14.79
2026-03-13,P04,general,0,81,16.6
2026-03-13,P04,local,1,44,16.23
2026-03-13,P05,general,4,118,5.16
2026-03-13,P05,local,5,85,4.93
2026-03-13,P06,general,1,26,12.05
2026-03-13,P06,local,1,26,12.1
2026-03-13,P07,general,4,119,11.3
2026-03-13,P07,local,1,46,11.55
2026-03-13,P08,general,9,91,4.75
2026-03-13,P08,local,5,32,5.11
2026-03-13,P09,general,2,77,9.57
2026-03-13,P09,local,3,40,9.35
2026-03-13,P10,general,2,65,14.37
2026-03-13,P10,local,1,22,15.01
2026-03-13,P11,general,0,23,12.14
2026-03-13,P11,local,0,15,12.74
2026-03-13,P12,general,1,60,6.44
2026-03-13,P12,local,1,29,6.12
2026-03-13,P13,general,3,68,5.61
2026-03-13,P13,local,2,59,5.76
2026-03-13,P14,general,0,53,18.17
2026-03-13,P14,local,0,20,17.63
2026-03-13,P15,general,1,47,20.34
2026-03-13,P15,local,0,21,21.38
2026-03-13,P16,general,1,66,15.62
2026-03-13,P16,local,0,57,14.56
2026-03-13,P17,general,5,126,8.96
2026-03-13,P17,local,4,41,8.81
2026-03-13,P18,general,0,72,14.4
2026-03-13,P18,local,1,51,15.46
2026-03-13,P19,general,7,137,6.15
2026-03-13,P19,local,4,72,6.26
2026-03-13,P20,general,4,75,6.72
2026-03-13,P20,local,1,47,6.67
2026-03-13,P21,general,2,96,10.17
2026-03-13,P21,local,3,79,10.51
2026-03-13,P22,general,2,92,15.27
2026-03-13,P22,local,1,30,14.87
2026-03-13,P23,general,5,105,8.49
2026-03-13,P23,local,1,38,8.52
2026-03-13,P24,general,2,91,14.71
2026-03-13,P24,local,0,45,14.83
2026-03-13,P25,general,0,37,14.73
2026-03-13,P25,local,1,29,15.17
2026-03-14,P01,general,1,51,13.84
2026-03-14,P01,local,0,29,14.41
2026-03-14,P02,general,3,61,11.03
2026-03-14,P02,local,3,32,11.25
2026-03-14,P03,general,1,45,16.95
2026-03-14,P03,local,0,22,16.31
2026-03-14,P04,general,1,51,17.91
2026-03-14,P04,local,3,32,16.84
2026-03-14,P05,general,10,100,4.79
2026-03-14,P05,local,6,78,4.8
2026-03-14,P06,general,0,27,14.24
2026-03-14,P06,local,1,12,13.15
2026-03-14,P07,general,3,83,9.77
2026-03-14,P07,local,5,40,9.56
2026-03-14,P08,general,7,82,4.64
2026-03-14,P08,local,1,30,4.76
2026-03-14,P09,general,0,49,11.17
2026-03-14,P09,local,0,25,11.11
2026-03-14,P10,general,1,38,14.77
2026-03-14,P10,local,1,19,14.42
2026-03-14,P11,general,0,21,12.13
2026-03-14,P11,local,1,16,11.09
2026-03-14,P12,general,1,51,6.77
2026-03-14,P12,local,2,31,7.09
2026-03-14,P13,general,3,76,6.46
2026-03-14,P13,local,4,47,6.25
2026-03-14,P14,general,0,25,16.72
2026-03-14,P14,local,1,20,15.95
2026-03-14,P15,general,0,34,21.26
2026-03-14,P15,local,0,12,21.79
2026-03-14,P16,general,1,66,13.97
2026-03-14,P16,local,1,54,14.49
2026-03-14,P17,general,4,68,8.68
2026-03-14,P17,local,1,46,8.88
2026-03-14,P18,general,1,50,15.11
2026-03-14,P18,local,1,30,14.11
2026-03-14,P19,general,5,109,4.54
2026-03-14,P19,local,3,62,5.01
2026-03-14,P20,general,1,55,7.29
2026-03-14,P20,local,2,41,7.57
2026-03-14,P21,general,2,58,11.85
2026-03-14,P21,local,2,43,12
2026-03-14,P22,general,3,61,16.27
2026-03-14,P22,local,0,27,15.27
2026-03-14,P23,general,1,85,8.49
2026-03-14,P23,local,0,21,8.39
2026-03-14,P24,general,0,56,15.14
2026-03-14,P24,local,0,38,15.52
2026-03-14,P25,general,0,24,15.86
2026-03-14,P25,local,1,20,15.49
2026-03-15,P01,general,1,39,14.89
2026-03-15,P01,local,1,25,14.23
2026-03-15,P02,general,0,50,10.48
2026-03-15,P02,local,1,28,10.76
2026-03-15,P03,general,1,62,13.29
2026-03-15,P03,local,0,24,13.22
2026-03-15,P04,general,1,51,16.82
2026-03-15,P04,local,0,41,17.7
2026-03-15,P05,general,7,92,5.23
2026-03-15,P05,local,3,80,5.07
2026-03-15,P06,general,0,34,12.78
2026-03-15,P06,local,1,28,12.53
2026-03-15,P07,general,0,75,12.18
2026-03-15,P07,local,0,29,12.04
2026-03-15,P08,general,9,90,4.82
2026-03-15,P08,local,2,23,4.96
2026-03-15,P09,general,3,50,10.79
2026-03-15,P09,local,0,20,11.17
2026-03-15,P10,general,0,29,15.07
2026-03-15,P10,local,1,23,15.14
2026-03-15,P11,general,1,32,12.14
2026-03-15,P11,local,0,20,11.78
2026-03-15,P12,general,2,47,6.82
2026-03-15,P12,local,0,25,6.87
2026-03-15,P13,general,2,49,6.31
2026-03-15,P13,local,3,36,6.14
2026-03-15,P14,general,2,39,19.93
2026-03-15,P14,local,0,19,19.68
2026-03-15,P15,general,2,42,20.14
2026-03-15,P15,local,0,17,19.21
2026-03-15,P16,general,2,63,14.65
2026-03-15,P16,local,0,39,15.1
2026-03-15,P17,general,1,75,9.46
2026-03-15,P17,local,0,32,9.12
2026-03-15,P18,general,0,56,16.47
2026-03-15,P18,local,1,25,15.76
2026-03-15,P19,general,4,88,5.98
2026-03-15,P19,local,2,60,6
2026-03-15,P20,general,2,61,7.27
2026-03-15,P20,local,1,40,7.99
2026-03-15,P21,general,1,59,10.15
2026-03-15,P21,local,1,54,9.89
2026-03-15,P22,general,1,57,17.3
2026-03-15,P22,local,0,20,17.06
2026-03-15,P23,general,4,70,8.83
2026-03-15,P23,local,2,32,8.83
2026-03-15,P24,general,5,70,16.44
2026-03-15,P24,local,1,32,16.06
2026-03-15,P25,general,0,33,18.83
2026-03-15,P25,local,2,18,17.78
2026-03-16,P01,general,1,69,14.88
2026-03-16,P01,local,0,26,15.65
2026-03-16,P02,general,7,88,10.47
2026-03-16,P02,local,1,42,10.89
2026-03-16,P03,general,0,86,15.82
2026-03-16,P03,local,1,45,15.79
2026-03-16,P04,general,0,64,18.38
2026-03-16,P04,local,2,39,18.42
2026-03-16,P05,general,4,121,5.05
2026-03-16,P05,local,6,98,4.85
2026-03-16,P06,general,2,40,12.68
2026-03-16,P06,local,0,23,12.91
2026-03-16,P07,general,4,110,11.14
2026-03-16,P07,local,3,45,10.95
2026-03-16,P08,general,3,95,4.69
2026-03-16,P08,local,1,39,4.75
2026-03-16,P09,general,3,79,11.98
2026-03-16,P09,local,2,26,11.64
2026-03-16,P10,general,3,51,13.81
2026-03-16,P10,local,0,18,13.53
2026-03-16,P11,general,0,28,12.61
2026-03-16,P11,local,1,24,12.08
2026-03-16,P12,general,3,64,6.91
2026-03-16,P12,local,4,24,6.8
2026-03-16,P13,general,4,79,5.89
2026-03-16,P13,local,5,74,5.99
2026-03-16,P14,general,0,45,18.62
2026-03-16,P14,local,1,33,17.84
2026-03-16,P15,general,0,47,20.44
2026-03-16,P15,local,0,27,19.43
2026-03-16,P16,general,3,77,16.47
2026-03-16,P16,local,1,49,17.1
2026-03-16,P17,general,6,126,9.26
2026-03-16,P17,local,1,52,9.03
2026-03-16,P18,general,1,60,14.58
2026-03-16,P18,local,2,44,14.52
2026-03-16,P19,general,14,145,5.68
2026-03-16,P19,local,4,90,5.64
2026-03-16,P20,general,0,74,7.27
2026-03-16,P20,local,3,44,7.84
2026-03-16,P21,general,6,97,10.29
2026-03-16,P21,local,1,64,10.26
2026-03-16,P22,general,1,74,18.01
2026-03-16,P22,local,0,25,19.08
2026-03-16,P23,general,1,77,8.89
2026-03-16,P23,local,0,25,8.46
2026-03-16,P24,general,0,78,13.67
2026-03-16,P24,local,2,38,13.64
2026-03-16,P25,general,3,41,16.85
2026-03-16,P25,local,0,28,17.08
2026-03-17,P01,general,0,64,15.16
2026-03-17,P01,local,1,38,15.48
2026-03-17,P02,general,2,69,10.7
2026-03-17,P02,local,1,44,10.66
2026-03-17,P03,general,1,57,13.6
2026-03-17,P03,local,1,46,13.43
2026-03-17,P04,general,2,90,15.1
2026-03-17,P04,local,3,61,16.3
2026-03-17,P05,general,12,133,4.85
2026-03-17,P05,local,6,92,5.03
2026-03-17,P06,general,2,45,14.19
2026-03-17,P06,local,0,30,13.42
2026-03-17,P07,general,5,123,9.44
2026-03-17,P07,local,1,50,9.64
2026-03-17,P08,general,9,98,4.04
2026-03-17,P08,local,2,31,4.09
2026-03-17,P09,general,1,83,9.44
2026-03-17,P09,local,2,27,9.77
2026-03-17,P10,general,2,64,13.26
2026-03-17,P10,local,1,25,13.25
2026-03-17,P11,general,4,42,12.43
2026-03-17,P11,local,0,32,11.88
2026-03-17,P12,general,1,66,6.19
2026-03-17,P12,local,3,36,6.14
2026-03-17,P13,general,4,66,6.48
2026-03-17,P13,local,2,52,6.58
2026-03-17,P14,general,1,44,19.97
2026-03-17,P14,local,0,29,19.91
2026-03-17,P15,general,1,48,18.03
2026-03-17,P15,local,0,24,18.42
2026-03-17,P16,general,3,83,15.95
2026-03-17,P16,local,1,65,16.24
2026-03-17,P17,general,2,102,8.59
2026-03-17,P17,local,0,52,7.97
2026-03-17,P18,general,2,64,15.46
2026-03-17,P18,local,2,51,15.4
2026-03-17,P19,general,8,126,6.15
2026-03-17,P19,local,6,69,5.85
2026-03-17,P20,general,3,54,7.78
2026-03-17,P20,local,1,40,7.35
2026-03-17,P21,general,2,73,11.77
2026-03-17,P21,local,2,79,10.8
2026-03-17,P22,general,1,77,14.27
2026-03-17,P22,local,1,43,14.58
2026-03-17,P23,general,3,100,9.16
2026-03-17,P23,local,2,41,8.64
2026-03-17,P24,general,0,83,13.02
2026-03-17,P24,local,0,37,13.67
2026-03-17,P25,general,0,48,17.01
2026-03-17,P25,local,0,37,18.13
2026-03-18,P01,general,2,59,15.62
2026-03-18,P01,local,0,27,16.23
2026-03-18,P02,general,4,72,11.14
2026-03-18,P02,local,2,34,11.85
2026-03-18,P03,general,2,82,16.02
2026-03-18,P03,local,2,48,14.72
2026-03-18,P04,general,2,81,16.49
2026-03-18,P04,local,1,57,16.23
2026-03-18,P05,general,9,134,5.55
2026-03-18,P05,local,4,101,4.96
2026-03-18,P06,general,2,41,13.25
2026-03-18,P06,local,0,29,13.16
2026-03-18,P07,general,4,133,9.65
2026-03-18,P07,local,1,46,9.74
2026-03-18,P08,general,5,104,4.15
2026-03-18,P08,local,3,37,4
2026-03-18,P09,general,3,78,11.16
2026-03-18,P09,local,0,24,10.22
2026-03-18,P10,general,2,64,12.04
2026-03-18,P10,local,1,16,11.44
2026-03-18,P11,general,1,30,12.15
2026-03-18,P11,local,0,23,12.11
2026-03-18,P12,general,2,70,6.04
2026-03-18,P12,local,5,36,5.7
2026-03-18,P13,general,7,85,5.88
2026-03-18,P13,local,7,64,5.99
2026-03-18,P14,general,3,43,17.2
2026-03-18,P14,local,1,28,15.9
2026-03-18,P15,general,2,61,19.65
2026-03-18,P15,local,1,22,18.37
2026-03-18,P16,general,2,96,14.38
2026-03-18,P16,local,4,54,12.93
2026-03-18,P17,general,7,113,8.59
2026-03-18,P17,local,3,62,8.37
2026-03-18,P18,general,1,77,13.41
2026-03-18,P18,local,1,47,13.19
2026-03-18,P19,general,9,138,6.12
2026-03-18,P19,local,4,67,6.13
2026-03-18,P20,general,2,72,7.1
2026-03-18,P20,local,2,53,7.29
2026-03-18,P21,general,2,79,9.79
2026-03-18,P21,local,2,76,9.83
2026-03-18,P22,general,0,64,16.17
2026-03-18,P22,local,0,26,16.93
2026-03-18,P23,general,6,80,9.84
2026-03-18,P23,local,0,40,9.91
2026-03-18,P24,general,5,106,14.69
2026-03-18,P24,local,1,46,14.9
2026-03-18,P25,general,0,41,16.81
2026-03-18,P25,local,0,23,17.59
2026-03-19,P01,general,0,50,15.01
2026-03-19,P01,local,1,34,15.66
2026-03-19,P02,general,1,73,11.44
2026-03-19,P02,local,2,41,10.95
2026-03-19,P03,general,4,77,13.78
2026-03-19,P03,local,1,44,14.11
2026-03-19,P04,general,0,71,15.26
2026-03-19,P04,local,1,51,14.95
2026-03-19,P05,general,7,145,5.16
2026-03-19,P05,local,5,90,5.21
2026-03-19,P06,general,0,51,10.18
2026-03-19,P06,local,3,28,10.95
2026-03-19,P07,general,2,159,10
2026-03-19,P07,local,2,39,10.82
2026-03-19,P08,general,6,92,4.51
2026-03-19,P08,local,1,33,4.51
2026-03-19,P09,general,4,77,10.56
2026-03-19,P09,local,2,34,10.94
2026-03-19,P10,general,1,55,15.97
2026-03-19,P10,local,0,25,14.92
2026-03-19,P11,general,0,33,13.25
2026-03-19,P11,local,0,21,12.66
2026-03-19,P12,general,3,83,6.46
2026-03-19,P12,local,1,34,6.06
2026-03-19,P13,general,2,79,6.51
2026-03-19,P13,local,4,52,5.97
2026-03-19,P14,general,1,45,17.47
2026-03-19,P14,local,0,31,18.42
2026-03-19,P15,general,1,51,18.31
2026-03-19,P15,local,0,23,18.17
2026-03-19,P16,general,2,89,16.12
2026-03-19,P16,local,3,70,16.31
2026-03-19,P17,general,5,90,8.25
2026-03-19,P17,local,5,54,8.19
2026-03-19,P18,general,2,71,16.54
2026-03-19,P18,local,1,34,16.66
2026-03-19,P19,general,6,143,5.78
2026-03-19,P19,local,5,70,5.71
2026-03-19,P20,general,4,59,7.4
2026-03-19,P20,local,2,42,7.31
2026-03-19,P21,general,0,67,10.91
2026-03-19,P21,local,1,64,10.54
2026-03-19,P22,general,1,62,17.07
2026-03-19,P22,local,1,34,17.15
2026-03-19,P23,general,8,98,8.32
2026-03-19,P23,local,0,29,8.62
2026-03-19,P24,general,1,70,14.64
2026-03-19,P24,local,2,50,15.76
2026-03-19,P25,general,2,43,16.65
2026-03-19,P25,local,0,35,15.86
2026-03-20,P01,general,0,63,14.04
2026-03-20,P01,local,0,43,13.73
2026-03-20,P02,general,1,64,12.46
2026-03-20,P02,local,0,35,12.8
2026-03-20,P03,general,1,68,14.27
2026-03-20,P03,local,0,56,14.4
2026-03-20,P04,general,2,90,15.92
2026-03-20,P04,local,2,55,16.68
2026-03-20,P05,general,13,124,5.02
2026-03-20,P05,local,8,103,5.03
2026-03-20,P06,general,6,49,11.12
2026-03-20,P06,local,2,35,11.39
2026-03-20,P07,general,6,132,10.63
2026-03-20,P07,local,3,37,10.53
2026-03-20,P08,general,6,115,5.05
2026-03-20,P08,local,6,35,5.05
2026-03-20,P09,general,2,77,11.7
2026-03-20,P09,local,3,33,11.22
2026-03-20,P10,general,1,71,13.97
2026-03-20,P10,local,0,21,13.93
2026-03-20,P11,general,0,33,12.74
2026-03-20,P11,local,1,27,12.94
2026-03-20,P12,general,2,61,6.57
2026-03-20,P12,local,1,28,6.15
2026-03-20,P13,general,0,76,5.41
2026-03-20,P13,local,5,57,5.83
2026-03-20,P14,general,0,33,19.55
2026-03-20,P14,local,0,41,20.03
2026-03-20,P15,general,0,39,20.57
2026-03-20,P15,local,0,14,19.87
2026-03-20,P16,general,2,85,16.6
2026-03-20,P16,local,0,45,15.42
2026-03-20,P17,general,4,100,9.28
2026-03-20,P17,local,1,48,9.11
2026-03-20,P18,general,0,76,15.38
2026-03-20,P18,local,0,48,15.07
2026-03-20,P19,general,7,120,5.78
2026-03-20,P19,local,4,79,5.41
2026-03-20,P20,general,5,72,6.43
2026-03-20,P20,local,2,37,6.78
2026-03-20,P21,general,1,93,10
2026-03-20,P21,local,2,62,10.08
2026-03-20,P22,general,0,66,16.79
2026-03-20,P22,local,1,28,17.73
2026-03-20,P23,general,4,89,9.11
2026-03-20,P23,local,0,25,9.19
2026-03-20,P24,general,2,76,13.33
2026-03-20,P24,local,0,44,12.95
2026-03-20,P25,general,1,47,17.57
2026-03-20,P25,local,2,37,17.65
2026-03-21,P01,general,1,49,14.56
2026-03-21,P01,local,0,24,14.25
2026-03-21,P02,general,1,42,12.17
2026-03-21,P02,local,0,26,11.73
2026-03-21,P03,general,0,32,14.72
2026-03-21,P03,local,0,34,16.4
2026-03-21,P04,general,1,52,16.13
2026-03-21,P04,local,2,32,16.49
2026-03-21,P05,general,4,115,4.88
2026-03-21,P05,local,5,72,4.89
2026-03-21,P06,general,1,32,13.93
2026-03-21,P06,local,0,17,13.05
2026-03-21,P07,general,0,88,10.5
2026-03-21,P07,local,1,44,10.52
2026-03-21,P08,general,3,92,4.57
2026-03-21,P08,local,1,25,4.82
2026-03-21,P09,general,5,73,9.59
2026-03-21,P09,local,1,26,10.17
2026-03-21,P10,general,3,50,15.01
2026-03-21,P10,local,0,21,14.64
2026-03-21,P11,general,2,31,11.32
2026-03-21,P11,local,1,12,11.07
2026-03-21,P12,general,2,46,6.14
2026-03-21,P12,local,0,19,6.03
2026-03-21,P13,general,5,59,5.73
2026-03-21,P13,local,4,46,6
2026-03-21,P14,general,0,33,19.06
2026-03-21,P14,local,0,23,18.45
2026-03-21,P15,general,0,35,20.28
2026-03-21,P15,local,1,15,20.05
2026-03-21,P16,general,3,60,14.82
2026-03-21,P16,local,1,42,14.58
2026-03-21,P17,general,2,67,9.4
2026-03-21,P17,local,2,38,9.52
2026-03-21,P18,general,0,46,13.8
2026-03-21,P18,local,1,19,13.75
2026-03-21,P19,general,8,108,5.68
2026-03-21,P19,local,3,56,5.72
2026-03-21,P20,general,0,60,7.13
2026-03-21,P20,local,0,32,7.24
2026-03-21,P21,general,1,73,10.97
2026-03-21,P21,local,1,53,11.42
2026-03-21,P22,general,0,57,16.47
2026-03-21,P22,local,0,31,16.68
2026-03-21,P23,general,2,53,8.76
2026-03-21,P23,local,1,21,9.38
2026-03-21,P24,general,0,61,15.39
2026-03-21,P24,local,0,29,15.44
2026-03-21,P25,general,1,43,15.27
2026-03-21,P25,local,1,22,16.09
2026-03-22,P01,general,2,53,15.9
2026-03-22,P01,local,2,23,16.72
2026-03-22,P02,general,3,62,11.4
2026-03-22,P02,local,1,31,10.61
2026-03-22,P03,general,1,53,16.12
2026-03-22,P03,local,0,33,15.91
2026-03-22,P04,general,2,59,13.46
2026-03-22,P04,local,1,41,14.13
2026-03-22,P05,general,8,91,5.09
2026-03-22,P05,local,4,64,5.13
2026-03-22,P06,general,2,31,13.7
2026-03-22,P06,local,0,23,12.55
2026-03-22,P07,general,2,107,9.31
2026-03-22,P07,local,2,40,10.1
2026-03-22,P08,general,9,80,4.54
2026-03-22,P08,local,1,26,4.7
2026-03-22,P09,general,2,66,10.3
2026-03-22,P09,local,0,23,10.02
2026-03-22,P10,general,2,62,14.67
2026-03-22,P10,local,0,19,15.31
2026-03-22,P11,general,1,20,14.21
2026-03-22,P11,local,0,14,13.55
2026-03-22,P12,general,2,52,6.09
2026-03-22,P12,local,1,24,6.03
2026-03-22,P13,general,4,60,5.3
2026-03-22,P13,local,4,41,5.62
2026-03-22,P14,general,0,30,17.89
2026-03-22,P14,local,0,21,18.72
2026-03-22,P15,general,0,36,20.12
2026-03-22,P15,local,0,11,20.14
2026-03-22,P16,general,0,64,13.7
2026-03-22,P16,local,1,47,13.37
2026-03-22,P17,general,2,69,9.24
2026-03-22,P17,local,1,31,9.38
2026-03-22,P18,general,2,59,17.46
2026-03-22,P18,local,0,20,15.95
2026-03-22,P19,general,6,112,5.91
2026-03-22,P19,local,3,47,5.66
2026-03-22,P20,general,0,33,8.09
2026-03-22,P20,local,3,28,7.52
2026-03-22,P21,general,3,68,11.32
2026-03-22,P21,local,2,45,11.35
2026-03-22,P22,general,0,61,15.26
2026-03-22,P22,local,0,23,14.83
2026-03-22,P23,general,2,67,7.8
2026-03-22,P23,local,1,33,7.73
2026-03-22,P24,general,5,67,13.66
2026-03-22,P24,local,1,33,13.67
2026-03-22,P25,general,0,40,17.95
2026-03-22,P25,local,0,22,17.35
2026-03-23,P01,general,2,58,14.46
2026-03-23,P01,local,3,42,14.3
2026-03-23,P02,general,1,73,11.97
2026-03-23,P02,local,3,45,12
2026-03-23,P03,general,2,76,15.93
2026-03-23,P03,local,0,28,15.18
2026-03-23,P04,general,3,75,17.99
2026-03-23,P04,local,0,39,17.93
2026-03-23,P05,general,7,134,5.01
2026-03-23,P05,local,5,87,5.18
2026-03-23,P06,general,1,25,15.43
2026-03-23,P06,local,0,35,15.17
2026-03-23,P07,general,6,136,9.64
2026-03-23,P07,local,5,54,9.69
2026-03-23,P08,general,14,108,4.25
2026-03-23,P08,local,4,41,4.27
2026-03-23,P09,general,7,78,10.64
2026-03-23,P09,local,2,33,10.98
2026-03-23,P10,general,3,48,15.09
2026-03-23,P10,local,0,24,15.45
2026-03-23,P11,general,0,36,12.17
2026-03-23,P11,local,0,21,11.59
2026-03-23,P12,general,3,60,7.09
2026-03-23,P12,local,0,29,7.08
2026-03-23,P13,general,4,62,5.72
2026-03-23,P13,local,5,70,5.97
2026-03-23,P14,general,1,54,16.64
2026-03-23,P14,local,3,28,16.28
2026-03-23,P15,general,0,48,18.88
2026-03-23,P15,local,0,22,18.8
2026-03-23,P16,general,0,67,14.61
2026-03-23,P16,local,2,64,14.57
2026-03-23,P17,general,6,110,9.11
2026-03-23,P17,local,1,58,9.13
2026-03-23,P18,general,2,80,15.76
2026-03-23,P18,local,1,42,16.01
2026-03-23,P19,general,10,157,6.17
2026-03-23,P19,local,3,66,6.07
2026-03-23,P20,general,1,63,7.18
2026-03-23,P20,local,1,58,6.79
2026-03-23,P21,general,2,85,10.27
2026-03-23,P21,local,1,73,10.56
2026-03-23,P22,general,5,74,15.35
2026-03-23,P22,local,1,20,15.87
2026-03-23,P23,general,4,88,9.4
2026-03-23,P23,local,2,36,9.57
2026-03-23,P24,general,1,98,15.5
2026-03-23,P24,local,2,42,14.34
2026-03-23,P25,general,1,42,15.22
2026-03-23,P25,local,1,30,14.5
2026-03-24,P01,general,2,70,13.71
2026-03-24,P01,local,3,33,13.93
2026-03-24,P02,general,3,65,11.79
2026-03-24,P02,local,3,55,11.13
2026-03-24,P03,general,2,79,14.15
2026-03-24,P03,local,3,48,13.32
2026-03-24,P04,general,3,65,17.38
2026-03-24,P04,local,3,42,16.33
2026-03-24,P05,general,9,127,4.83
2026-03-24,P05,local,5,91,5.08
2026-03-24,P06,general,4,42,13.62
2026-03-24,P06,local,0,30,14.07
2026-03-24,P07,general,9,123,9.45
2026-03-24,P07,local,2,41,10.11
2026-03-24,P08,general,11,106,4.89
2026-03-24,P08,local,5,35,4.74
2026-03-24,P09,general,4,66,10.6
2026-03-24,P09,local,2,30,10.09
2026-03-24,P10,general,6,67,12.92
2026-03-24,P10,local,0,28,13.7
2026-03-24,P11,general,1,38,12.53
2026-03-24,P11,local,0,20,13.13
2026-03-24,P12,general,2,59,6.53
2026-03-24,P12,local,3,37,6.18
2026-03-24,P13,general,0,65,6.17
2026-03-24,P13,local,1,43,6.15
2026-03-24,P14,general,2,47,17.45
2026-03-24,P14,local,0,24,18.22
2026-03-24,P15,general,0,46,19.31
2026-03-24,P15,local,0,19,19.32
2026-03-24,P16,general,1,68,15.03
2026-03-24,P16,local,0,56,14.71
2026-03-24,P17,general,6,95,9.32
2026-03-24,P17,local,2,51,9.26
2026-03-24,P18,general,6,74,15.62
2026-03-24,P18,local,0,41,14.27
2026-03-24,P19,general,12,130,5.62
2026-03-24,P19,local,5,79,5.55
2026-03-24,P20,general,1,53,6.44
2026-03-24,P20,local,5,39,6.99
2026-03-24,P21,general,2,97,11.31
2026-03-24,P21,local,2,70,11.04
2026-03-24,P22,general,1,60,17.54
2026-03-24,P22,local,1,33,18.1
2026-03-24,P23,general,4,86,8.15
2026-03-24,P23,local,3,38,8.51
2026-03-24,P24,general,4,88,15.41
2026-03-24,P24,local,4,43,15.56
2026-03-24,P25,general,1,50,16.63
2026-03-24,P25,local,0,24,15.67
2026-03-25,P01,general,0,67,16.49
2026-03-25,P01,local,1,26,15.99
2026-03-25,P02,general,4,75,10.82
2026-03-25,P02,local,2,55,10.97
2026-03-25,P03,general,2,64,14.64
2026-03-25,P03,local,0,44,14.68
2026-03-25,P04,general,0,71,16.45
2026-03-25,P04,local,0,53,16.08
2026-03-25,P05,general,14,144,5.33
2026-03-25,P05,local,7,99,5.31
2026-03-25,P06,general,1,34,12.95
2026-03-25,P06,local,0,26,13.47
2026-03-25,P07,general,6,116,10.79
2026-03-25,P07,local,0,44,11.15
2026-03-25,P08,general,8,107,4.84
2026-03-25,P08,local,1,38,4.62
2026-03-25,P09,general,4,58,9.88
2026-03-25,P09,local,4,31,10.09
2026-03-25,P10,general,0,69,12.85
2026-03-25,P10,local,1,23,13.55
2026-03-25,P11,general,2,30,12.1
2026-03-25,P11,local,0,28,13.15
2026-03-25,P12,general,2,66,6.13
2026-03-25,P12,local,1,36,6.39
2026-03-25,P13,general,6,93,5.47
2026-03-25,P13,local,5,62,5.51
2026-03-25,P14,general,1,33,19.37
2026-03-25,P14,local,0,27,20.13
2026-03-25,P15,general,0,38,21.13
2026-03-25,P15,local,2,17,20.13
2026-03-25,P16,general,3,94,15.02
2026-03-25,P16,local,0,53,15.46
2026-03-25,P17,general,7,124,9.05
2026-03-25,P17,local,1,46,9.03
2026-03-25,P18,general,0,78,13.49
2026-03-25,P18,local,1,39,13.41
2026-03-25,P19,general,8,140,5.43
2026-03-25,P19,local,7,84,5.5
2026-03-25,P20,general,2,62,7.3
2026-03-25,P20,local,4,44,7.21
2026-03-25,P21,general,5,74,10.87
2026-03-25,P21,local,3,64,10.45
2026-03-25,P22,general,2,63,17.38
2026-03-25,P22,local,3,39,17.51
2026-03-25,P23,general,3,103,8.74
2026-03-25,P23,local,0,24,8.63
2026-03-25,P24,general,1,79,14.33
2026-03-25,P24,local,0,35,14.07
2026-03-25,P25,general,1,39,17.48
2026-03-25,P25,local,0,32,17.03
2026-03-26,P01,general,2,69,14
2026-03-26,P01,local,1,29,13.54
2026-03-26,P02,general,2,79,10.73
2026-03-26,P02,local,0,32,10.85
2026-03-26,P03,general,1,56,15.99
2026-03-26,P03,local,0,53,15.88
2026-03-26,P04,general,1,92,15.95
2026-03-26,P04,local,3,48,15.79
2026-03-26,P05,general,11,148,5.15
2026-03-26,P05,local,2,91,4.94
2026-03-26,P06,general,3,51,14.93
2026-03-26,P06,local,0,27,14.1
2026-03-26,P07,general,9,127,10.12
2026-03-26,P07,local,1,39,9.93
2026-03-26,P08,general,12,117,4.24
2026-03-26,P08,local,3,39,4.35
2026-03-26,P09,general,3,65,10.39
2026-03-26,P09,local,3,20,10.32
2026-03-26,P10,general,0,46,14.32
2026-03-26,P10,local,0,33,14.73
2026-03-26,P11,general,1,27,12.24
2026-03-26,P11,local,2,28,12.04
2026-03-26,P12,general,3,64,6.31
2026-03-26,P12,local,4,38,5.93
2026-03-26,P13,general,2,83,6.05
2026-03-26,P13,local,8,71,6.14
2026-03-26,P14,general,1,38,20
2026-03-26,P14,local,1,35,20.17
2026-03-26,P15,general,1,56,19.7
2026-03-26,P15,local,0,18,21.9
2026-03-26,P16,general,1,76,15.63
2026-03-26,P16,local,0,55,14.97
2026-03-26,P17,general,4,123,9.04
2026-03-26,P17,local,1,43,8.84
2026-03-26,P18,general,4,76,15.71
2026-03-26,P18,local,1,52,15.99
2026-03-26,P19,general,8,149,5.46
2026-03-26,P19,local,5,80,5.71
2026-03-26,P20,general,3,64,7.59
2026-03-26,P20,local,3,53,7.22
2026-03-26,P21,general,3,83,9.47
2026-03-26,P21,local,5,74,9.73
2026-03-26,P22,general,3,64,17.39
2026-03-26,P22,local,1,31,16.52
2026-03-26,P23,general,2,83,10.07
2026-03-26,P23,local,0,35,9.3
2026-03-26,P24,general,3,95,13.88
2026-03-26,P24,local,0,33,13.77
2026-03-26,P25,general,0,39,16.06
2026-03-26,P25,local,2,41,15.87
2026-03-27,P01,general,0,57,14.49
2026-03-27,P01,local,2,30,14.98
2026-03-27,P02,general,3,73,13.76
2026-03-27,P02,local,1,41,13.08
2026-03-27,P03,general,1,87,14.15
2026-03-27,P03,local,0,34,14.13
2026-03-27,P04,general,0,76,18.63
2026-03-27,P04,local,0,48,18.33
2026-03-27,P05,general,11,140,4.89
2026-03-27,P05,local,9,97,4.87
2026-03-27,P06,general,0,42,12.07
2026-03-27,P06,local,0,36,11.84
2026-03-27,P07,general,6,135,10.62
2026-03-27,P07,local,1,46,9.45
2026-03-27,P08,general,12,125,4.47
2026-03-27,P08,local,3,44,4.23
2026-03-27,P09,general,5,64,10.3
2026-03-27,P09,local,0,21,10.45
2026-03-27,P10,general,2,54,14.75
2026-03-27,P10,local,3,15,14.65
2026-03-27,P11,general,2,36,11.56
2026-03-27,P11,local,1,32,11.77
2026-03-27,P12,general,1,83,6.06
2026-03-27,P12,local,1,33,6.32
2026-03-27,P13,general,6,72,5.8
2026-03-27,P13,local,4,55,6.07
2026-03-27,P14,general,1,37,16.71
2026-03-27,P14,local,1,28,17.25
2026-03-27,P15,general,0,34,19.51
2026-03-27,P15,local,0,26,19.88
2026-03-27,P16,general,2,107,15.74
2026-03-27,P16,local,3,55,14.94
2026-03-27,P17,general,5,118,8.46
2026-03-27,P17,local,1,51,8.84
2026-03-27,P18,general,2,77,15.87
2026-03-27,P18,local,0,46,15.73
2026-03-27,P19,general,9,126,7.02
2026-03-27,P19,local,6,66,6.83
2026-03-27,P20,general,3,57,7.78
2026-03-27,P20,local,6,46,7.45
2026-03-27,P21,general,1,96,9.79
2026-03-27,P21,local,5,78,9.66
2026-03-27,P22,general,4,70,15.61
2026-03-27,P22,local,0,26,16.58
2026-03-27,P23,general,3,92,8.76
2026-03-27,P23,local,2,41,8.16
2026-03-27,P24,general,2,84,14.86
2026-03-27,P24,local,2,45,14.86
2026-03-27,P25,general,2,48,14.81
2026-03-27,P25,local,2,31,15.93
2026-03-28,P01,general,1,43,14.86
2026-03-28,P01,local,1,23,15.05
2026-03-28,P02,general,1,59,12.02
2026-03-28,P02,local,2,38,12
2026-03-28,P03,general,3,52,13.41
2026-03-28,P03,local,2,29,13.95
2026-03-28,P04,general,3,53,17.33
2026-03-28,P04,local,0,30,16.66
2026-03-28,P05,general,7,117,5.05
2026-03-28,P05,local,7,79,5.31
2026-03-28,P06,general,0,39,11.65
2026-03-28,P06,local,1,18,11.55
2026-03-28,P07,general,1,81,11.32
2026-03-28,P07,local,1,29,10.94
2026-03-28,P08,general,5,84,4.25
2026-03-28,P08,local,4,30,4.45
2026-03-28,P09,general,0,56,11.22
2026-03-28,P09,local,0,22,10.72
2026-03-28,P10,general,1,36,12.84
2026-03-28,P10,local,0,18,13.16
2026-03-28,P11,general,0,21,11.64
2026-03-28,P11,local,1,27,11.47
2026-03-28,P12,general,0,43,7.47
2026-03-28,P12,local,4,25,7.18
2026-03-28,P13,general,2,54,5.7
2026-03-28,P13,local,4,54,5.57
2026-03-28,P14,general,0,33,18.11
2026-03-28,P14,local,1,20,18.22
2026-03-28,P15,general,1,37,18.74
2026-03-28,P15,local,0,16,19.49
2026-03-28,P16,general,3,65,15.29
2026-03-28,P16,local,1,49,15.72
2026-03-28,P17,general,5,77,9.63
2026-03-28,P17,local,3,44,9.55
2026-03-28,P18,general,0,55,14.42
2026-03-28,P18,local,0,28,15.21
2026-03-28,P19,general,5,115,5.31
2026-03-28,P19,local,5,65,5.34
2026-03-28,P20,general,1,41,7.36
2026-03-28,P20,local,1,26,7.44
2026-03-28,P21,general,0,55,10.51
2026-03-28,P21,local,2,53,10.44
2026-03-28,P22,general,0,57,18.29
2026-03-28,P22,local,1,21,18.66
2026-03-28,P23,general,2,78,9.19
2026-03-28,P23,local,0,34,9.44
2026-03-28,P24,general,1,59,12.56
2026-03-28,P24,local,1,34,13
2026-03-28,P25,general,1,35,16.1
2026-03-28,P25,local,0,28,16.48
2026-03-29,P01,general,3,43,13.34
2026-03-29,P01,local,1,25,13.98
2026-03-29,P02,general,4,61,11.65
2026-03-29,P02,local,0,37,11.45
2026-03-29,P03,general,2,51,14.24
2026-03-29,P03,local,0,26,15.32
2026-03-29,P04,general,0,56,17.22
2026-03-29,P04,local,0,37,18.04
2026-03-29,P05,general,7,106,4.79
2026-03-29,P05,local,10,86,4.62
2026-03-29,P06,general,1,41,12.48
2026-03-29,P06,local,0,25,12.44
2026-03-29,P07,general,3,97,10.13
2026-03-29,P07,local,2,37,9.99
2026-03-29,P08,general,6,76,4.37
2026-03-29,P08,local,4,24,4.3
2026-03-29,P09,general,5,57,10.92
2026-03-29,P09,local,1,19,10.46
2026-03-29,P10,general,0,46,14.33
2026-03-29,P10,local,1,24,13.68
2026-03-29,P11,general,0,25,11.94
2026-03-29,P11,local,0,20,11.8
2026-03-29,P12,general,5,54,6.37
2026-03-29,P12,local,1,24,6.57
2026-03-29,P13,general,2,52,5.82
2026-03-29,P13,local,1,33,5.82
2026-03-29,P14,general,2,33,18.44
2026-03-29,P14,local,3,21,17.6
2026-03-29,P15,general,3,49,20.49
2026-03-29,P15,local,0,13,19.75
2026-03-29,P16,general,1,58,15.55
2026-03-29,P16,local,0,42,16.56
2026-03-29,P17,general,4,70,9.39
2026-03-29,P17,local,1,31,10.08
2026-03-29,P18,general,0,64,16.08
2026-03-29,P18,local,2,34,16.08
2026-03-29,P19,general,5,97,4.94
2026-03-29,P19,local,2,55,5.19
2026-03-29,P20,general,2,33,6.62
2026-03-29,P20,local,1,34,6.55
2026-03-29,P21,general,2,75,12
2026-03-29,P21,local,0,54,11.17
2026-03-29,P22,general,1,47,16.29
2026-03-29,P22,local,0,16,16.7
2026-03-29,P23,general,1,61,10.04
2026-03-29,P23,local,1,15,9.52
2026-03-29,P24,general,2,61,14.08
2026-03-29,P24,local,0,30,14.01
2026-03-29,P25,general,0,26,18.55
2026-03-29,P25,local,0,30,16.94
2026-03-30,P01,general,3,65,14.85
2026-03-30,P01,local,0,29,14.27
2026-03-30,P02,general,3,85,11.01
2026-03-30,P02,local,2,47,10.84
2026-03-30,P03,general,0,66,13.91
2026-03-30,P03,local,2,43,14.36
2026-03-30,P04,general,1,86,19.08
2026-03-30,P04,local,2,34,18.16
2026-03-30,P05,general,9,136,5.41
2026-03-30,P05,local,6,73,5.25
2026-03-30,P06,general,1,39,12
2026-03-30,P06,local,1,28,11.5
2026-03-30,P07,general,1,128,10.42
2026-03-30,P07,local,2,48,10.45
2026-03-30,P08,general,10,109,4.28
2026-03-30,P08,local,3,47,4.2
2026-03-30,P09,general,3,73,11.34
2026-03-30,P09,local,2,29,11.63
2026-03-30,P10,general,0,51,13.67
2026-03-30,P10,local,0,19,13.9
2026-03-30,P11,general,0,29,13.52
2026-03-30,P11,local,0,24,13.63
2026-03-30,P12,general,3,68,6.45
2026-03-30,P12,local,1,30,6.15
2026-03-30,P13,general,4,75,6.5
2026-03-30,P13,local,2,61,6.21
2026-03-30,P14,general,0,49,18.24
2026-03-30,P14,local,1,28,16.77
2026-03-30,P15,general,1,60,17.46
2026-03-30,P15,local,1,28,17.7
2026-03-30,P16,general,7,94,16.54
2026-03-30,P16,local,3,49,16.19
2026-03-30,P17,general,2,84,9.69
2026-03-30,P17,local,0,50,9.35
2026-03-30,P18,general,4,80,14.77
2026-03-30,P18,local,2,33,15.44
2026-03-30,P19,general,10,139,5.65
2026-03-30,P19,local,2,76,5.33
2026-03-30,P20,general,6,53,7.18
2026-03-30,P20,local,1,51,6.88
2026-03-30,P21,general,2,85,10.21
2026-03-30,P21,local,1,85,10.38
2026-03-30,P22,general,0,65,17.6
2026-03-30,P22,local,1,35,16.5
2026-03-30,P23,general,2,91,9.16
2026-03-30,P23,local,2,32,8.98
2026-03-30,P24,general,0,89,14.49
2026-03-30,P24,local,1,39,14.83
2026-03-30,P25,general,0,61,15.4
2026-03-30,P25,local,3,36,15.37
2026-03-31,P01,general,4,58,12.55
2026-03-31,P01,local,0,34,12.6
2026-03-31,P02,general,3,80,11.48
2026-03-31,P02,local,1,55,11.75
2026-03-31,P03,general,2,87,14.71
2026-03-31,P03,local,1,42,13.83
2026-03-31,P04,general,3,76,17.49
2026-03-31,P04,local,1,40,17.25
2026-03-31,P05,general,7,124,4.76
2026-03-31,P05,local,9,102,4.93
2026-03-31,P06,general,1,34,11.16
2026-03-31,P06,local,0,30,11.86
2026-03-31,P07,general,7,122,9.05
2026-03-31,P07,local,2,56,8.93
2026-03-31,P08,general,8,95,4.72
2026-03-31,P08,local,4,51,4.42
2026-03-31,P09,general,4,76,9.86
2026-03-31,P09,local,1,36,9.67
2026-03-31,P10,general,1,61,14.73
2026-03-31,P10,local,0,25,15.01
2026-03-31,P11,general,0,43,11.5
2026-03-31,P11,local,3,30,12.04
2026-03-31,P12,general,5,77,6.15
2026-03-31,P12,local,2,33,6.01
2026-03-31,P13,general,7,61,6.5
2026-03-31,P13,local,2,50,6.77
2026-03-31,P14,general,1,46,18.84
2026-03-31,P14,local,2,22,17.37
2026-03-31,P15,general,2,55,19.79
2026-03-31,P15,local,0,16,21.38
2026-03-31,P16,general,3,84,15.82
2026-03-31,P16,local,0,69,16.27
2026-03-31,P17,general,5,103,8.36
2026-03-31,P17,local,0,42,8.6
2026-03-31,P18,general,1,62,15.64
2026-03-31,P18,local,1,30,16.41
2026-03-31,P19,general,7,129,5.88
2026-03-31,P19,local,4,73,5.57
2026-03-31,P20,general,4,59,6.78
2026-03-31,P20,local,1,41,6.37
2026-03-31,P21,general,7,106,9.21
2026-03-31,P21,local,1,68,9.43
2026-03-31,P22,general,0,70,14.91
2026-03-31,P22,local,3,27,14.93
2026-03-31,P23,general,3,94,9.01
2026-03-31,P23,local,3,35,8.36
2026-03-31,P24,general,4,104,13.85
2026-03-31,P24,local,1,47,14.49
2026-03-31,P25,general,2,51,15.11
2026-03-31,P25,local,0,22,14.87
2026-04-01,P01,general,2,50,15.69
2026-04-01,P01,local,0,45,15.36
2026-04-01,P02,general,2,62,12.71
2026-04-01,P02,local,1,40,12.74
2026-04-01,P03,general,1,82,13.21
2026-04-01,P03,local,1,33,13.61
2026-04-01,P04,general,2,66,16.45
2026-04-01,P04,local,0,41,18.14
2026-04-01,P05,general,15,122,4.97
2026-04-01,P05,local,16,97,4.75
2026-04-01,P06,general,1,45,12.76
2026-04-01,P06,local,2,27,11.4
2026-04-01,P07,general,6,125,9.83
2026-04-01,P07,local,3,51,9.66
2026-04-01,P08,general,7,104,4.8
2026-04-01,P08,local,5,47,4.47
2026-04-01,P09,general,5,88,9.66
2026-04-01,P09,local,2,29,10.62
2026-04-01,P10,general,1,51,13.45
2026-04-01,P10,local,4,22,13.6
2026-04-01,P11,general,0,31,11.85
2026-04-01,P11,local,2,24,12.31
2026-04-01,P12,general,3,61,6.2
2026-04-01,P12,local,4,34,6.2
2026-04-01,P13,general,5,100,5.93
2026-04-01,P13,local,3,53,6.23
2026-04-01,P14,general,1,40,18.47
2026-04-01,P14,local,1,26,18.43
2026-04-01,P15,general,0,50,18.56
2026-04-01,P15,local,0,19,17.98
2026-04-01,P16,general,2,85,15.07
2026-04-01,P16,local,3,51,15.46
2026-04-01,P17,general,6,125,9.55
2026-04-01,P17,local,0,51,9.65
2026-04-01,P18,general,1,73,15.51
2026-04-01,P18,local,4,41,15.64
2026-04-01,P19,general,6,122,6.26
2026-04-01,P19,local,4,81,6.09
2026-04-01,P20,general,4,63,7.85
2026-04-01,P20,local,4,57,7.76
2026-04-01,P21,general,3,99,10.14
2026-04-01,P21,local,5,80,9.96
2026-04-01,P22,general,1,70,17.73
2026-04-01,P22,local,1,34,16.86
2026-04-01,P23,general,3,68,8.2
2026-04-01,P23,local,0,37,8.38
2026-04-01,P24,general,3,92,12.53
2026-04-01,P24,local,2,42,12.57
2026-04-01,P25,general,1,46,17.51
2026-04-01,P25,local,0,27,16.12
2026-04-02,P01,general,1,61,15.11
2026-04-02,P01,local,0,27,14.52
2026-04-02,P02,general,2,68,11.86
2026-04-02,P02,local,0,32,11.7
2026-04-02,P03,general,0,72,14.14
2026-04-02,P03,local,0,42,14.33
2026-04-02,P04,general,0,77,17.47
2026-04-02,P04,local,1,47,18.22
2026-04-02,P05,general,10,128,5.43
2026-04-02,P05,local,3,85,5.21
2026-04-02,P06,general,3,41,12.42
2026-04-02,P06,local,1,30,12.26
2026-04-02,P07,general,4,123,10.1
2026-04-02,P07,local,0,42,10.01
2026-04-02,P08,general,7,106,4.7
2026-04-02,P08,local,4,45,4.59
2026-04-02,P09,general,4,76,10.54
2026-04-02,P09,local,0,24,10.45
2026-04-02,P10,general,2,45,16.99
2026-04-02,P10,local,0,24,17.31
2026-04-02,P11,general,1,31,12.51
2026-04-02,P11,local,1,20,12.82
2026-04-02,P12,general,3,72,6.29
2026-04-02,P12,local,1,25,6.35
2026-04-02,P13,general,3,82,6.16
2026-04-02,P13,local,2,57,6.06
2026-04-02,P14,general,0,38,18.62
2026-04-02,P14,local,0,45,18.42
2026-04-02,P15,general,0,59,19.95
2026-04-02,P15,local,1,23,20.43
2026-04-02,P16,general,0,86,14.1
2026-04-02,P16,local,2,56,14.72
2026-04-02,P17,general,4,103,9.57
2026-04-02,P17,local,0,53,9.86
2026-04-02,P18,general,0,54,15.81
2026-04-02,P18,local,1,40,15.98
2026-04-02,P19,general,11,118,6.24
2026-04-02,P19,local,2,59,6.32
2026-04-02,P20,general,4,57,7.47
2026-04-02,P20,local,1,41,7.27
2026-04-02,P21,general,1,92,10.58
2026-04-02,P21,local,6,75,10.76
2026-04-02,P22,general,3,77,16.77
2026-04-02,P22,local,0,33,16.5
2026-04-02,P23,general,1,94,8.69
2026-04-02,P23,local,0,28,9.08
2026-04-02,P24,general,1,91,14.98
2026-04-02,P24,local,7,46,14.07
2026-04-02,P25,general,1,50,18.63
2026-04-02,P25,local,1,24,17.49
2026-04-03,P01,general,1,69,15.81
2026-04-03,P01,local,0,41,15.3
2026-04-03,P02,general,1,71,11.82
2026-04-03,P02,local,1,42,12.32
2026-04-03,P03,general,1,70,15.6
2026-04-03,P03,local,2,50,15.37
2026-04-03,P04,general,0,56,19.76
2026-04-03,P04,local,2,46,18.49
2026-04-03,P05,general,8,134,5.55
2026-04-03,P05,local,8,106,5.55
2026-04-03,P06,general,1,48,13.81
2026-04-03,P06,local,0,26,13.51
2026-04-03,P07,general,6,120,10.15
2026-04-03,P07,local,1,35,10.25
2026-04-03,P08,general,10,113,4.58
2026-04-03,P08,local,2,34,4.42
2026-04-03,P09,general,4,82,10.93
2026-04-03,P09,local,0,27,10.28
2026-04-03,P10,general,3,57,13.61
2026-04-03,P10,local,0,19,13.28
2026-04-03,P11,general,1,24,12.61
2026-04-03,P11,local,0,25,12.99
2026-04-03,P12,general,5,81,7.4
2026-04-03,P12,local,1,35,7.19
2026-04-03,P13,general,7,87,5.92
2026-04-03,P13,local,5,61,5.89
2026-04-03,P14,general,0,56,17.84
2026-04-03,P14,local,0,29,19.92
2026-04-03,P15,general,2,41,19.27
2026-04-03,P15,local,1,25,17.79
2026-04-03,P16,general,1,79,15.5
2026-04-03,P16,local,2,47,15.71
2026-04-03,P17,general,1,95,8.27
2026-04-03,P17,local,1,54,8.31
2026-04-03,P18,general,2,62,15.75
2026-04-03,P18,local,1,48,15.4
2026-04-03,P19,general,8,145,5.42
2026-04-03,P19,local,4,78,5.22
2026-04-03,P20,general,2,62,7.83
2026-04-03,P20,local,0,58,6.87
2026-04-03,P21,general,4,86,10.9
2026-04-03,P21,local,1,81,10.5
2026-04-03,P22,general,0,71,15.91
2026-04-03,P22,local,0,33,16.18
2026-04-03,P23,general,6,98,8.79
2026-04-03,P23,local,0,38,9.06
2026-04-03,P24,general,3,93,12.02
2026-04-03,P24,local,2,50,12.37
2026-04-03,P25,general,2,31,15.29
2026-04-03,P25,local,1,35,15.84
2026-04-04,P01,general,1,45,14.12
2026-04-04,P01,local,1,33,14.47
2026-04-04,P02,general,2,60,10.64
2026-04-04,P02,local,1,30,11.32
2026-04-04,P03,general,3,54,12.92
2026-04-04,P03,local,0,32,12.51
2026-04-04,P04,general,0,61,17.97
2026-04-04,P04,local,0,35,17.99
2026-04-04,P05,general,4,110,4.53
2026-04-04,P05,local,5,72,4.37
2026-04-04,P06,general,0,25,15.14
2026-04-04,P06,local,2,20,14.32
2026-04-04,P07,general,3,95,10.1
2026-04-04,P07,local,2,25,10.42
2026-04-04,P08,general,8,77,4.46
2026-04-04,P08,local,1,27,4.28
2026-04-04,P09,general,3,67,10.19
2026-04-04,P09,local,0,23,10.52
2026-04-04,P10,general,0,31,13.69
2026-04-04,P10,local,1,24,14.93
2026-04-04,P11,general,0,27,12.48
2026-04-04,P11,local,0,17,12.38
2026-04-04,P12,general,4,47,6.41
2026-04-04,P12,local,1,19,6.6
2026-04-04,P13,general,2,63,5.35
2026-04-04,P13,local,1,44,5.36
2026-04-04,P14,general,1,31,18.45
2026-04-04,P14,local,0,22,18.43
2026-04-04,P15,general,2,39,19.01
2026-04-04,P15,local,0,19,18.93
2026-04-04,P16,general,1,69,14.83
2026-04-04,P16,local,0,46,14.83
2026-04-04,P17,general,1,65,9.55
2026-04-04,P17,local,3,33,9.82
2026-04-04,P18,general,3,55,16.18
2026-04-04,P18,local,2,38,15.67
2026-04-04,P19,general,6,103,5.91
2026-04-04,P19,local,3,56,5.71
2026-04-04,P20,general,1,51,7.36
2026-04-04,P20,local,1,29,7.42
2026-04-04,P21,general,0,62,10.75
2026-04-04,P21,local,3,48,10.77
2026-04-04,P22,general,1,49,17.25
2026-04-04,P22,local,1,18,18.01
2026-04-04,P23,general,6,59,8.68
2026-04-04,P23,local,0,34,8.58
2026-04-04,P24,general,1,60,13.6
2026-04-04,P24,local,2,29,13.22
2026-04-04,P25,general,1,40,15.83
2026-04-04,P25,local,0,23,16.48
2026-04-05,P01,general,3,43,13.17
2026-04-05,P01,local,2,37,13.56
2026-04-05,P02,general,2,61,10.99
2026-04-05,P02,local,0,39,11.32
2026-04-05,P03,general,1,66,13.79
2026-04-05,P03,local,2,30,13.4
2026-04-05,P04,general,0,57,18.01
2026-04-05,P04,local,1,37,18.64
2026-04-05,P05,general,11,121,4.98
2026-04-05,P05,local,5,78,4.72
2026-04-05,P06,general,0,32,13.36
2026-04-05,P06,local,0,30,12.84
2026-04-05,P07,general,4,109,10.1
2026-04-05,P07,local,0,36,10.33
2026-04-05,P08,general,8,88,4.3
2026-04-05,P08,local,2,29,4.65
2026-04-05,P09,general,3,64,10.57
2026-04-05,P09,local,1,23,10.44
2026-04-05,P10,general,1,49,12.84
2026-04-05,P10,local,0,16,12.58
2026-04-05,P11,general,0,26,11.41
2026-04-05,P11,local,0,17,11.24
2026-04-05,P12,general,2,36,6.24
2026-04-05,P12,local,0,23,6.48
2026-04-05,P13,general,5,57,5.9
2026-04-05,P13,local,2,56,5.8
2026-04-05,P14,general,1,35,17.61
2026-04-05,P14,local,1,24,17.36
2026-04-05,P15,general,2,45,18.59
2026-04-05,P15,local,0,16,17.45
2026-04-05,P16,general,1,53,15.42
2026-04-05,P16,local,2,54,15.49
2026-04-05,P17,general,3,86,8.74
2026-04-05,P17,local,5,30,8.88
2026-04-05,P18,general,1,60,15.02
2026-04-05,P18,local,1,36,14.27
2026-04-05,P19,general,8,94,5.95
2026-04-05,P19,local,3,57,5.92
2026-04-05,P20,general,4,45,6.74
2026-04-05,P20,local,3,41,6.85
2026-04-05,P21,general,4,80,10.59
2026-04-05,P21,local,4,61,10.32
2026-04-05,P22,general,1,61,15.74
2026-04-05,P22,local,0,34,15.45
2026-04-05,P23,general,4,54,8.35
2026-04-05,P23,local,2,24,8.62
2026-04-05,P24,general,1,62,13.61
2026-04-05,P24,local,0,36,14.07
2026-04-05,P25,general,3,30,17.96
2026-04-05,P25,local,0,23,17.85
2026-04-06,P01,general,2,63,14.43
2026-04-06,P01,local,0,41,13.75
2026-04-06,P02,general,2,67,10.73
2026-04-06,P02,local,1,36,11.6
2026-04-06,P03,general,0,74,14.61
2026-04-06,P03,local,0,36,14.32
2026-04-06,P04,general,1,90,17.14
2026-04-06,P04,local,1,39,15.98
2026-04-06,P05,general,5,133,5.28
2026-04-06,P05,local,6,111,5.27
2026-04-06,P06,general,1,43,12.95
2026-04-06,P06,local,1,24,12.22
2026-04-06,P07,general,4,128,8.94
2026-04-06,P07,local,2,49,9.47
2026-04-06,P08,general,5,116,4.37
2026-04-06,P08,local,4,56,4.37
2026-04-06,P09,general,4,78,9.93
2026-04-06,P09,local,2,32,10.51
2026-04-06,P10,general,4,54,14.42
2026-04-06,P10,local,3,21,14.95
2026-04-06,P11,general,0,25,11.23
2026-04-06,P11,local,0,27,11.15
2026-04-06,P12,general,3,70,6.02
2026-04-06,P12,local,0,30,6.09
2026-04-06,P13,general,5,66,5.73
2026-04-06,P13,local,5,64,5.78
2026-04-06,P14,general,1,33,18.26
2026-04-06,P14,local,4,26,17.63
2026-04-06,P15,general,1,46,20.05
2026-04-06,P15,local,0,21,19.21
2026-04-06,P16,general,2,67,15.14
2026-04-06,P16,local,1,53,15.55
2026-04-06,P17,general,3,110,9.49
2026-04-06,P17,local,2,40,8.91
2026-04-06,P18,general,5,93,13.42
2026-04-06,P18,local,1,40,13.01
2026-04-06,P19,general,7,128,5.81
2026-04-06,P19,local,3,89,5.72
2026-04-06,P20,general,5,53,7.18
2026-04-06,P20,local,3,39,7.12
2026-04-06,P21,general,1,77,10.66
2026-04-06,P21,local,1,74,11.16
2026-04-06,P22,general,0,64,15.88
2026-04-06,P22,local,0,32,16.62
2026-04-06,P23,general,8,98,8.27
2026-04-06,P23,local,2,35,8.57
2026-04-06,P24,general,3,93,15.49
2026-04-06,P24,local,0,43,14.93
2026-04-06,P25,general,1,49,16.98
2026-04-06,P25,local,1,36,16.03
2026-04-07,P01,general,3,70,14.18
2026-04-07,P01,local,1,25,13.01
2026-04-07,P02,general,2,83,10.25
2026-04-07,P02,local,3,47,10.26
2026-04-07,P03,general,0,62,13.68
2026-04-07,P03,local,3,37,13.96
2026-04-07,P04,general,0,73,18.09
2026-04-07,P04,local,0,43,17.32
2026-04-07,P05,general,9,146,4.77
2026-04-07,P05,local,6,86,4.79
2026-04-07,P06,general,1,33,13.05
2026-04-07,P06,local,1,27,13.43
2026-04-07,P07,general,4,121,10.52
2026-04-07,P07,local,5,51,11.06
2026-04-07,P08,general,9,112,4.2
2026-04-07,P08,local,4,42,4.12
2026-04-07,P09,general,3,67,9.28
2026-04-07,P09,local,0,43,9.44
2026-04-07,P10,general,0,51,16.52
2026-04-07,P10,local,0,19,15.58
2026-04-07,P11,general,1,26,12.51
2026-04-07,P11,local,3,34,12.18
2026-04-07,P12,general,4,81,5.71
2026-04-07,P12,local,0,31,6.14
2026-04-07,P13,general,3,74,6.28
2026-04-07,P13,local,4,50,6.35
2026-04-07,P14,general,0,44,18.1
2026-04-07,P14,local,1,30,17.81
2026-04-07,P15,general,1,49,16.47
2026-04-07,P15,local,1,17,16.87
2026-04-07,P16,general,2,76,15.13
2026-04-07,P16,local,2,60,14.66
2026-04-07,P17,general,3,118,8.92
2026-04-07,P17,local,0,55,9.21
2026-04-07,P18,general,2,73,13.67
2026-04-07,P18,local,1,47,13.47
2026-04-07,P19,general,4,112,5.5
2026-04-07,P19,local,3,72,5.71
2026-04-07,P20,general,6,62,6.86
2026-04-07,P20,local,1,51,7.07
2026-04-07,P21,general,2,75,8.97
2026-04-07,P21,local,3,59,9.47
2026-04-07,P22,general,0,87,14.97
2026-04-07,P22,local,0,30,14.67
2026-04-07,P23,general,2,81,8.29
2026-04-07,P23,local,0,46,8.22
2026-04-07,P24,general,3,109,12.92
2026-04-07,P24,local,1,37,12.53
2026-04-07,P25,general,1,50,14.9
2026-04-07,P25,local,1,30,15.21
2026-04-08,P01,general,2,49,13.47
2026-04-08,P01,local,3,34,14.07
2026-04-08,P02,general,1,98,9.59
2026-04-08,P02,local,2,51,10.25
2026-04-08,P03,general,1,76,14.09
2026-04-08,P03,local,1,26,15.25
2026-04-08,P04,general,1,70,17.96
2026-04-08,P04,local,1,36,17.33
2026-04-08,P05,general,12,141,5.04
2026-04-08,P05,local,7,109,5.08
2026-04-08,P06,general,1,39,14.65
2026-04-08,P06,local,2,29,13.7
2026-04-08,P07,general,6,137,9.04
2026-04-08,P07,local,5,53,9.34
2026-04-08,P08,general,10,113,3.99
2026-04-08,P08,local,4,33,4.39
2026-04-08,P09,general,1,70,10.66
2026-04-08,P09,local,0,27,10.72
2026-04-08,P10,general,2,61,12.99
2026-04-08,P10,local,1,25,14.54
2026-04-08,P11,general,1,31,11.64
2026-04-08,P11,local,1,25,12.3
2026-04-08,P12,general,4,72,6.68
2026-04-08,P12,local,1,33,6.18
2026-04-08,P13,general,3,79,6.29
2026-04-08,P13,local,5,59,6.69
2026-04-08,P14,general,0,64,17.69
2026-04-08,P14,local,2,39,17.58
2026-04-08,P15,general,1,45,19.98
2026-04-08,P15,local,0,19,19.68
2026-04-08,P16,general,3,89,15.56
2026-04-08,P16,local,1,51,15.64
2026-04-08,P17,general,4,118,9.13
2026-04-08,P17,local,0,49,9.39
2026-04-08,P18,general,1,59,15.3
2026-04-08,P18,local,0,38,15.1
2026-04-08,P19,general,11,152,5.41
2026-04-08,P19,local,11,95,5.63
2026-04-08,P20,general,0,49,7.95
2026-04-08,P20,local,2,61,7.14
2026-04-08,P21,general,1,85,10.85
2026-04-08,P21,local,1,71,10.62
2026-04-08,P22,general,4,90,16.6
2026-04-08,P22,local,0,31,17.12
2026-04-08,P23,general,4,84,8.51
2026-04-08,P23,local,2,32,8.42
2026-04-08,P24,general,4,93,13.37
2026-04-08,P24,local,2,48,13.86
2026-04-08,P25,general,1,44,16.87
2026-04-08,P25,local,0,36,16.48
2026-04-09,P01,general,0,56,17.21
2026-04-09,P01,local,1,35,16.87
2026-04-09,P02,general,1,81,11.08
2026-04-09,P02,local,0,45,11.66
2026-04-09,P03,general,2,77,14.54
2026-04-09,P03,local,1,37,15.64
2026-04-09,P04,general,1,71,16.93
2026-04-09,P04,local,2,58,15.9
2026-04-09,P05,general,1,124,5.36
2026-04-09,P05,local,4,90,5.42
2026-04-09,P06,general,1,55,12.73
2026-04-09,P06,local,1,26,12.33
2026-04-09,P07,general,6,131,9.47
2026-04-09,P07,local,0,32,9.97
2026-04-09,P08,general,8,108,4.76
2026-04-09,P08,local,8,47,4.66
2026-04-09,P09,general,3,86,10.93
2026-04-09,P09,local,2,37,11.03
2026-04-09,P10,general,2,46,14.59
2026-04-09,P10,local,0,22,14.74
2026-04-09,P11,general,1,31,11.73
2026-04-09,P11,local,1,20,12.57
2026-04-09,P12,general,6,74,6.2
2026-04-09,P12,local,1,33,5.97
2026-04-09,P13,general,3,75,7.25
2026-04-09,P13,local,0,63,7.23
2026-04-09,P14,general,0,47,17.47
2026-04-09,P14,local,0,33,17.73
2026-04-09,P15,general,2,53,20.52
2026-04-09,P15,local,1,17,21.41
2026-04-09,P16,general,2,90,15.85
2026-04-09,P16,local,0,68,16.35
2026-04-09,P17,general,8,119,8.13
2026-04-09,P17,local,3,61,8.74
2026-04-09,P18,general,1,58,14.43
2026-04-09,P18,local,1,52,14.21
2026-04-09,P19,general,13,133,5.54
2026-04-09,P19,local,7,84,5.33
2026-04-09,P20,general,3,59,6.54
2026-04-09,P20,local,3,54,6.77
2026-04-09,P21,general,3,92,11.07
2026-04-09,P21,local,2,67,10.27
2026-04-09,P22,general,4,69,17.8
2026-04-09,P22,local,1,35,17.85
2026-04-09,P23,general,2,81,7.87
2026-04-09,P23,local,1,45,7.88
2026-04-09,P24,general,4,87,14.08
2026-04-09,P24,local,1,43,14.18
2026-04-09,P25,general,1,46,16.54
2026-04-09,P25,local,0,42,17.09
2026-04-10,P01,general,3,54,13.75
2026-04-10,P01,local,0,21,14.59
2026-04-10,P02,general,0,66,12.43
2026-04-10,P02,local,3,37,11.59
2026-04-10,P03,general,1,60,13.98
2026-04-10,P03,local,1,35,14.21
2026-04-10,P04,general,0,61,17.59
2026-04-10,P04,local,0,42,17.49
2026-04-10,P05,general,10,128,5.2
2026-04-10,P05,local,8,96,5.52
2026-04-10,P06,general,0,43,13.49
2026-04-10,P06,local,0,24,13.28
2026-04-10,P07,general,3,120,10.41
2026-04-10,P07,local,3,61,10.98
2026-04-10,P08,general,15,121,4.09
2026-04-10,P08,local,2,36,4.4
2026-04-10,P09,general,3,71,9.92
2026-04-10,P09,local,2,30,9.55
2026-04-10,P10,general,0,57,14.47
2026-04-10,P10,local,0,22,14.68
2026-04-10,P11,general,1,32,12.72
2026-04-10,P11,local,1,28,12.08
2026-04-10,P12,general,4,65,6.08
2026-04-10,P12,local,1,36,6.33
2026-04-10,P13,general,5,71,6.37
2026-04-10,P13,local,4,66,6.26
2026-04-10,P14,general,1,33,17.31
2026-04-10,P14,local,0,24,17.76
2026-04-10,P15,general,1,47,20.28
2026-04-10,P15,local,1,25,19.97
2026-04-10,P16,general,0,91,14.64
2026-04-10,P16,local,0,58,14.47
2026-04-10,P17,general,7,134,8.02
2026-04-10,P17,local,3,57,7.92
2026-04-10,P18,general,1,72,15.04
2026-04-10,P18,local,3,48,13.91
2026-04-10,P19,general,12,140,5.6
2026-04-10,P19,local,4,82,5.47
2026-04-10,P20,general,6,79,6.52
2026-04-10,P20,local,5,51,6.3
2026-04-10,P21,general,2,71,10.45
2026-04-10,P21,local,3,81,11.01
2026-04-10,P22,general,0,89,16.42
2026-04-10,P22,local,3,38,16.56
2026-04-10,P23,general,3,92,8.82
2026-04-10,P23,local,2,42,8.82
2026-04-10,P24,general,4,96,15.11
2026-04-10,P24,local,0,19,14.63
2026-04-10,P25,general,0,46,14.71
2026-04-10,P25,local,0,31,13.68
2026-04-11,P01,general,0,42,13.93
2026-04-11,P01,local,0,19,14.17
2026-04-11,P02,general,2,59,10.37
2026-04-11,P02,local,0,38,10.34
2026-04-11,P03,general,0,44,13.76
2026-04-11,P03,local,0,26,14.21
2026-04-11,P04,general,0,57,16.96
2026-04-11,P04,local,1,22,17.09
2026-04-11,P05,general,7,113,4.96
2026-04-11,P05,local,7,70,4.71
2026-04-11,P06,general,2,33,13.84
2026-04-11,P06,local,0,24,14.05
2026-04-11,P07,general,6,94,10.16
2026-04-11,P07,local,1,39,10.14
2026-04-11,P08,general,4,62,4.46
2026-04-11,P08,local,3,31,4.23
2026-04-11,P09,general,3,64,10.44
2026-04-11,P09,local,0,21,10.14
2026-04-11,P10,general,0,36,14.88
2026-04-11,P10,local,0,22,14.08
2026-04-11,P11,general,0,18,12.19
2026-04-11,P11,local,0,28,13.3
2026-04-11,P12,general,1,54,6.17
2026-04-11,P12,local,1,24,6.68
2026-04-11,P13,general,3,58,6.1
2026-04-11,P13,local,3,43,6.01
2026-04-11,P14,general,0,22,18.27
2026-04-11,P14,local,1,16,18.25
2026-04-11,P15,general,0,25,17.62
2026-04-11,P15,local,0,21,17.62
2026-04-11,P16,general,0,64,15.11
2026-04-11,P16,local,2,40,14.6
2026-04-11,P17,general,2,76,8.76
2026-04-11,P17,local,3,39,8.44
2026-04-11,P18,general,1,45,14.5
2026-04-11,P18,local,1,33,13.68
2026-04-11,P19,general,3,101,5.97
2026-04-11,P19,local,2,42,6.38
2026-04-11,P20,general,4,54,8.12
2026-04-11,P20,local,4,43,7.85
2026-04-11,P21,general,3,52,12.11
2026-04-11,P21,local,3,62,12.14
2026-04-11,P22,general,0,40,17.99
2026-04-11,P22,local,0,32,18.04
2026-04-11,P23,general,0,67,8.61
2026-04-11,P23,local,2,24,8.04
2026-04-11,P24,general,2,75,15.05
2026-04-11,P24,local,0,34,14.56
2026-04-11,P25,general,0,18,16.61
2026-04-11,P25,local,1,15,18.18
2026-04-12,P01,general,0,38,13.6
2026-04-12,P01,local,1,31,14.36
2026-04-12,P02,general,5,67,11.31
2026-04-12,P02,local,1,45,11.29
2026-04-12,P03,general,1,51,14
2026-04-12,P03,local,2,32,14.36
2026-04-12,P04,general,0,47,17.72
2026-04-12,P04,local,1,35,17.06
2026-04-12,P05,general,8,88,4.76
2026-04-12,P05,local,9,73,4.73
2026-04-12,P06,general,1,36,14.29
2026-04-12,P06,local,0,23,14.32
2026-04-12,P07,general,6,110,10.41
2026-04-12,P07,local,1,31,9.76
2026-04-12,P08,general,8,100,4.22
2026-04-12,P08,local,3,27,4.21
2026-04-12,P09,general,2,73,11.06
2026-04-12,P09,local,0,33,9.87
2026-04-12,P10,general,2,48,14.83
2026-04-12,P10,local,0,9,14.74
2026-04-12,P11,general,0,23,11.81
2026-04-12,P11,local,1,20,12.68
2026-04-12,P12,general,2,62,6.32
2026-04-12,P12,local,0,27,6.39
2026-04-12,P13,general,1,51,5.96
2026-04-12,P13,local,3,45,5.93
2026-04-12,P14,general,2,33,18.7
2026-04-12,P14,local,0,15,18.88
2026-04-12,P15,general,0,30,19.53
2026-04-12,P15,local,0,15,18.92
2026-04-12,P16,general,1,60,15.54
2026-04-12,P16,local,1,46,15.19
2026-04-12,P17,general,2,71,9.7
2026-04-12,P17,local,1,44,10.27
2026-04-12,P18,general,1,61,16.68
2026-04-12,P18,local,1,26,15.09
2026-04-12,P19,general,3,102,5.72
2026-04-12,P19,local,2,60,5.86
2026-04-12,P20,general,3,54,8.01
2026-04-12,P20,local,2,32,7.43
2026-04-12,P21,general,2,64,11.87
2026-04-12,P21,local,0,56,12.58
2026-04-12,P22,general,2,45,16.53
2026-04-12,P22,local,1,29,17.49
2026-04-12,P23,general,2,78,8.59
2026-04-12,P23,local,0,26,8.28
2026-04-12,P24,general,1,71,12.29
2026-04-12,P24,local,2,45,12.13
2026-04-12,P25,general,0,28,16.09
2026-04-12,P25,local,2,35,16.64
2026-04-13,P01,general,0,55,16.9
2026-04-13,P01,local,1,27,16.63
2026-04-13,P02,general,2,81,9.96
2026-04-13,P02,local,0,42,10.86
2026-04-13,P03,general,4,78,14.31
2026-04-13,P03,local,2,41,14.67
2026-04-13,P04,general,2,70,18.56
2026-04-13,P04,local,1,41,18.49
2026-04-13,P05,general,8,124,5.08
2026-04-13,P05,local,12,117,5.16
2026-04-13,P06,general,0,46,12.65
2026-04-13,P06,local,1,28,12.35
2026-04-13,P07,general,1,123,10.42
2026-04-13,P07,local,1,45,10.35
2026-04-13,P08,general,8,112,4.81
2026-04-13,P08,local,1,26,4.67
2026-04-13,P09,general,4,65,11.09
2026-04-13,P09,local,0,29,10.58
2026-04-13,P10,general,0,57,14.56
2026-04-13,P10,local,0,22,15.36
2026-04-13,P11,general,0,27,12.43
2026-04-13,P11,local,0,22,12.73
2026-04-13,P12,general,6,71,6.68
2026-04-13,P12,local,2,28,7.15
2026-04-13,P13,general,7,78,6.25
2026-04-13,P13,local,0,67,6.33
2026-04-13,P14,general,0,48,17.21
2026-04-13,P14,local,0,22,16.93
2026-04-13,P15,general,2,56,19.06
2026-04-13,P15,local,1,30,19.97
2026-04-13,P16,general,0,86,14.28
2026-04-13,P16,local,3,68,14.79
2026-04-13,P17,general,9,101,8.63
2026-04-13,P17,local,2,46,8.31
2026-04-13,P18,general,2,94,14.68
2026-04-13,P18,local,3,40,14.46
2026-04-13,P19,general,4,121,5.35
2026-04-13,P19,local,6,86,5.32
2026-04-13,P20,general,1,69,6.75
2026-04-13,P20,local,3,54,6.61
2026-04-13,P21,general,5,99,9.82
2026-04-13,P21,local,6,65,9.8
2026-04-13,P22,general,2,67,17.49
2026-04-13,P22,local,1,34,18.08
2026-04-13,P23,general,2,71,9.13
2026-04-13,P23,local,0,41,9.38
2026-04-13,P24,general,0,93,15.62
2026-04-13,P24,local,1,44,15.51
2026-04-13,P25,general,0,47,15.18
2026-04-13,P25,local,0,33,14.49
2026-04-14,P01,general,2,55,14.79
2026-04-14,P01,local,1,29,14.44
2026-04-14,P02,general,0,73,11.15
2026-04-14,P02,local,1,45,11.66
2026-04-14,P03,general,2,85,14.74
2026-04-14,P03,local,1,32,14.38
2026-04-14,P04,general,2,91,15.71
2026-04-14,P04,local,1,43,16.43
2026-04-14,P05,general,7,129,5.37
2026-04-14,P05,local,3,86,5.76
2026-04-14,P06,general,2,35,12.4
2026-04-14,P06,local,1,25,12.48
2026-04-14,P07,general,2,139,10.64
2026-04-14,P07,local,0,54,10.11
2026-04-14,P08,general,8,107,4.81
2026-04-14,P08,local,6,35,4.81
2026-04-14,P09,general,0,91,10.43
2026-04-14,P09,local,1,26,9.81
2026-04-14,P10,general,3,71,14.09
2026-04-14,P10,local,1,22,13.35
2026-04-14,P11,general,0,42,12.36
2026-04-14,P11,local,1,20,12.23
2026-04-14,P12,general,3,66,6.4
2026-04-14,P12,local,0,40,6.8
2026-04-14,P13,general,6,75,5.84
2026-04-14,P13,local,2,67,5.83
2026-04-14,P14,general,2,49,15.77
2026-04-14,P14,local,1,34,16.26
2026-04-14,P15,general,1,53,21.34
2026-04-14,P15,local,0,17,21.28
2026-04-14,P16,general,2,72,14.48
2026-04-14,P16,local,2,71,15.54
2026-04-14,P17,general,5,100,9.01
2026-04-14,P17,local,2,36,8.78
2026-04-14,P18,general,2,71,15.38
2026-04-14,P18,local,2,37,15.53
2026-04-14,P19,general,7,127,6.22
2026-04-14,P19,local,8,84,6.16
2026-04-14,P20,general,5,56,6.49
2026-04-14,P20,local,1,49,6.39
2026-04-14,P21,general,3,99,10.99
2026-04-14,P21,local,2,81,10.78
2026-04-14,P22,general,1,69,16.9
2026-04-14,P22,local,2,40,17.87
2026-04-14,P23,general,4,83,8.57
2026-04-14,P23,local,3,25,8.36
2026-04-14,P24,general,1,82,14.28
2026-04-14,P24,local,0,41,14.46
2026-04-14,P25,general,0,34,16.39
2026-04-14,P25,local,0,28,16.71
2026-04-15,P01,general,1,60,12.83
2026-04-15,P01,local,1,30,14.27
2026-04-15,P02,general,5,98,12.22
2026-04-15,P02,local,3,42,12.55
2026-04-15,P03,general,1,72,14.08
2026-04-15,P03,local,1,51,13.2
2026-04-15,P04,general,2,75,16.21
2026-04-15,P04,local,1,40,15.67
2026-04-15,P05,general,12,133,4.87
2026-04-15,P05,local,9,98,5.07
2026-04-15,P06,general,1,48,13.12
2026-04-15,P06,local,0,17,13.46
2026-04-15,P07,general,8,127,9.73
2026-04-15,P07,local,1,46,10.29
2026-04-15,P08,general,3,115,4.99
2026-04-15,P08,local,3,44,5.05
2026-04-15,P09,general,1,77,10.93
2026-04-15,P09,local,1,36,11.28
2026-04-15,P10,general,0,47,14.36
2026-04-15,P10,local,2,15,14.49
2026-04-15,P11,general,1,30,13.51
2026-04-15,P11,local,0,23,13.3
2026-04-15,P12,general,5,73,6.28
2026-04-15,P12,local,2,28,6.38
2026-04-15,P13,general,8,84,5.14
2026-04-15,P13,local,10,81,5.15
2026-04-15,P14,general,0,41,15.38
2026-04-15,P14,local,0,32,15.64
2026-04-15,P15,general,1,56,18.89
2026-04-15,P15,local,0,24,18.82
2026-04-15,P16,general,3,90,15.19
2026-04-15,P16,local,0,48,14.48
2026-04-15,P17,general,1,117,8.57
2026-04-15,P17,local,1,52,8.95
2026-04-15,P18,general,1,67,15.1
2026-04-15,P18,local,1,44,15.02
2026-04-15,P19,general,7,145,5.24
2026-04-15,P19,local,6,86,5.2
2026-04-15,P20,general,0,61,6.78
2026-04-15,P20,local,4,52,7.26
2026-04-15,P21,general,2,91,10.84
2026-04-15,P21,local,1,59,11.24
2026-04-15,P22,general,1,60,17.3
2026-04-15,P22,local,2,39,16.3
2026-04-15,P23,general,5,92,8.64
2026-04-15,P23,local,0,35,8.45
2026-04-15,P24,general,5,86,14.99
2026-04-15,P24,local,1,46,15.07
2026-04-15,P25,general,1,42,16.12
2026-04-15,P25,local,0,35,15.72
2026-04-16,P01,general,3,73,13.34
2026-04-16,P01,local,0,35,14.69
2026-04-16,P02,general,2,74,10.24
2026-04-16,P02,local,1,46,10.41
2026-04-16,P03,general,1,55,13.93
2026-04-16,P03,local,0,32,13.73
2026-04-16,P04,general,0,73,16.44
2026-04-16,P04,local,2,35,16.44
2026-04-16,P05,general,13,131,4.71
2026-04-16,P05,local,3,85,5.03
2026-04-16,P06,general,2,41,14.01
2026-04-16,P06,local,2,37,13.85
2026-04-16,P07,general,11,149,9.94
2026-04-16,P07,local,2,43,10.01
2026-04-16,P08,general,5,98,4.86
2026-04-16,P08,local,0,29,5.07
2026-04-16,P09,general,2,74,10.88
2026-04-16,P09,local,4,36,10.46
2026-04-16,P10,general,2,49,13.82
2026-04-16,P10,local,1,27,13.95
2026-04-16,P11,general,2,27,12.12
2026-04-16,P11,local,0,18,12.32
2026-04-16,P12,general,3,81,6.06
2026-04-16,P12,local,2,33,6.19
2026-04-16,P13,general,2,89,6.32
2026-04-16,P13,local,3,61,5.92
2026-04-16,P14,general,1,35,18.87
2026-04-16,P14,local,1,31,19.21
2026-04-16,P15,general,0,43,17.9
2026-04-16,P15,local,0,20,18.03
2026-04-16,P16,general,3,80,16.47
2026-04-16,P16,local,4,59,14.82
2026-04-16,P17,general,3,106,9.33
2026-04-16,P17,local,4,50,9.82
2026-04-16,P18,general,0,70,15.67
2026-04-16,P18,local,3,41,15.15
2026-04-16,P19,general,10,152,5.88
2026-04-16,P19,local,5,77,6.08
2026-04-16,P20,general,4,67,7.32
2026-04-16,P20,local,1,62,7.18
2026-04-16,P21,general,3,102,9.42
2026-04-16,P21,local,3,79,9.66
2026-04-16,P22,general,3,69,16.7
2026-04-16,P22,local,1,29,17.29
2026-04-16,P23,general,6,87,8.73
2026-04-16,P23,local,6,39,8.62
2026-04-16,P24,general,2,94,14.03
2026-04-16,P24,local,2,44,14.07
2026-04-16,P25,general,2,49,15.5
2026-04-16,P25,local,1,25,14.56
2026-04-17,P01,general,2,53,14.63
2026-04-17,P01,local,1,33,14.5
2026-04-17,P02,general,2,72,11.21
2026-04-17,P02,local,0,44,11.85
2026-04-17,P03,general,1,78,14.1
2026-04-17,P03,local,0,32,13.05
2026-04-17,P04,general,4,78,18.73
2026-04-17,P04,local,1,43,16.95
2026-04-17,P05,general,17,133,4.95
2026-04-17,P05,local,6,85,4.68
2026-04-17,P06,general,1,46,11.65
2026-04-17,P06,local,2,28,12.31
2026-04-17,P07,general,2,146,10.55
2026-04-17,P07,local,2,53,10.54
2026-04-17,P08,general,9,136,3.98
2026-04-17,P08,local,5,41,3.95
2026-04-17,P09,general,2,75,9.07
2026-04-17,P09,local,1,33,8.99
2026-04-17,P10,general,3,47,14.99
2026-04-17,P10,local,1,19,14.51
2026-04-17,P11,general,1,28,11.41
2026-04-17,P11,local,1,27,12.07
2026-04-17,P12,general,2,59,6.52
2026-04-17,P12,local,0,18,6.65
2026-04-17,P13,general,4,88,5.96
2026-04-17,P13,local,7,60,5.71
2026-04-17,P14,general,1,37,18.33
2026-04-17,P14,local,1,23,18.49
2026-04-17,P15,general,1,47,20.17
2026-04-17,P15,local,0,27,20.47
2026-04-17,P16,general,2,76,14.5
2026-04-17,P16,local,3,57,14.17
2026-04-17,P17,general,3,94,8.95
2026-04-17,P17,local,3,53,9.27
2026-04-17,P18,general,1,69,15.05
2026-04-17,P18,local,1,49,14.95
2026-04-17,P19,general,12,159,5.22
2026-04-17,P19,local,5,69,5.15
2026-04-17,P20,general,1,79,7.77
2026-04-17,P20,local,4,48,7.44
2026-04-17,P21,general,1,90,11.01
2026-04-17,P21,local,2,80,11.13
2026-04-17,P22,general,1,78,15.69
2026-04-17,P22,local,2,37,16.27
2026-04-17,P23,general,4,81,8.49
2026-04-17,P23,local,2,42,8.54
2026-04-17,P24,general,2,91,14.08
2026-04-17,P24,local,1,44,14.73
2026-04-17,P25,general,1,40,14.66
2026-04-17,P25,local,3,27,14.12
2026-04-18,P01,general,1,48,13.41
2026-04-18,P01,local,1,20,14.06
2026-04-18,P02,general,0,49,11.07
2026-04-18,P02,local,3,40,10.87
2026-04-18,P03,general,3,51,13.31
2026-04-18,P03,local,1,38,13.23
2026-04-18,P04,general,0,49,16.07
2026-04-18,P04,local,1,27,17.34
2026-04-18,P05,general,5,90,5.15
2026-04-18,P05,local,3,70,5.33
2026-04-18,P06,general,1,35,12.87
2026-04-18,P06,local,0,21,13.15
2026-04-18,P07,general,4,90,11.61
2026-04-18,P07,local,2,27,11.28
2026-04-18,P08,general,7,68,4.5
2026-04-18,P08,local,2,27,4.49
2026-04-18,P09,general,3,56,10.24
2026-04-18,P09,local,2,26,9.8
2026-04-18,P10,general,2,36,14.6
2026-04-18,P10,local,0,22,14.98
2026-04-18,P11,general,0,23,12.13
2026-04-18,P11,local,0,22,12.52
2026-04-18,P12,general,1,58,6
2026-04-18,P12,local,0,31,6.39
2026-04-18,P13,general,1,50,5.78
2026-04-18,P13,local,1,36,5.89
2026-04-18,P14,general,1,39,16.49
2026-04-18,P14,local,0,24,16.93
2026-04-18,P15,general,0,40,18.19
2026-04-18,P15,local,0,18,18.97
2026-04-18,P16,general,2,56,15.97
2026-04-18,P16,local,1,46,15.92
2026-04-18,P17,general,3,73,9.44
2026-04-18,P17,local,0,38,8.91
2026-04-18,P18,general,0,47,15.12
2026-04-18,P18,local,1,28,15.01
2026-04-18,P19,general,2,87,6.05
2026-04-18,P19,local,3,53,6.03
2026-04-18,P20,general,4,42,7.03
2026-04-18,P20,local,3,39,7.27
2026-04-18,P21,general,3,52,10.76
2026-04-18,P21,local,0,57,10.92
2026-04-18,P22,general,2,60,15.42
2026-04-18,P22,local,1,26,15.99
2026-04-18,P23,general,3,74,8.93
2026-04-18,P23,local,0,37,9.42
2026-04-18,P24,general,0,52,14.25
2026-04-18,P24,local,2,33,14.2
2026-04-18,P25,general,1,30,14.83
2026-04-18,P25,local,0,20,16.08
2026-04-19,P01,general,0,38,15.4
2026-04-19,P01,local,1,21,14.96
2026-04-19,P02,general,0,47,11.74
2026-04-19,P02,local,3,34,11.14
2026-04-19,P03,general,0,46,15.8
2026-04-19,P03,local,0,29,16.22
2026-04-19,P04,general,1,60,16.74
2026-04-19,P04,local,3,40,17.86
2026-04-19,P05,general,5,98,5.31
2026-04-19,P05,local,5,79,5.34
2026-04-19,P06,general,0,30,12.64
2026-04-19,P06,local,0,25,13.04
2026-04-19,P07,general,4,93,10.07
2026-04-19,P07,local,0,35,9.63
2026-04-19,P08,general,2,69,4.62
2026-04-19,P08,local,0,33,4.87
2026-04-19,P09,general,0,50,11.61
2026-04-19,P09,local,1,30,10.82
2026-04-19,P10,general,2,53,14.87
2026-04-19,P10,local,0,20,14.49
2026-04-19,P11,general,1,24,11.81
2026-04-19,P11,local,1,17,12.01
2026-04-19,P12,general,1,50,6.09
2026-04-19,P12,local,1,22,6.22
2026-04-19,P13,general,5,58,5.32
2026-04-19,P13,local,6,51,5.76
2026-04-19,P14,general,0,34,19.47
2026-04-19,P14,local,0,24,19.49
2026-04-19,P15,general,1,33,18.46
2026-04-19,P15,local,0,16,18.37
2026-04-19,P16,general,6,62,14.97
2026-04-19,P16,local,3,49,16.19
2026-04-19,P17,general,4,66,8.89
2026-04-19,P17,local,4,43,9.31
2026-04-19,P18,general,1,59,14.87
2026-04-19,P18,local,0,26,15.04
2026-04-19,P19,general,7,104,5.77
2026-04-19,P19,local,4,57,5.77
2026-04-19,P20,general,4,40,7.02
2026-04-19,P20,local,1,33,6.87
2026-04-19,P21,general,3,70,10.24
2026-04-19,P21,local,3,57,9.68
2026-04-19,P22,general,2,66,17.52
2026-04-19,P22,local,1,19,18.09
2026-04-19,P23,general,0,65,9.05
2026-04-19,P23,local,3,25,8.83
2026-04-19,P24,general,1,55,14.03
2026-04-19,P24,local,1,30,14.98
2026-04-19,P25,general,0,37,15.14
2026-04-19,P25,local,0,22,15.28
2026-04-20,P01,general,2,58,14.08
2026-04-20,P01,local,0,41,14.82
2026-04-20,P02,general,4,82,11.55
2026-04-20,P02,local,1,38,11.65
2026-04-20,P03,general,4,80,14.55
2026-04-20,P03,local,1,47,15.14
2026-04-20,P04,general,0,68,17.89
2026-04-20,P04,local,1,62,16.29
2026-04-20,P05,general,4,132,4.8
2026-04-20,P05,local,10,94,4.79
2026-04-20,P06,general,1,46,12.26
2026-04-20,P06,local,1,37,12.16
2026-04-20,P07,general,0,110,12.05
2026-04-20,P07,local,4,34,11.42
2026-04-20,P08,general,5,103,4.56
2026-04-20,P08,local,3,37,4.7
2026-04-20,P09,general,3,70,11.25
2026-04-20,P09,local,0,21,10.47
2026-04-20,P10,general,0,66,12.67
2026-04-20,P10,local,0,27,13.61
2026-04-20,P11,general,1,27,13.62
2026-04-20,P11,local,1,26,13.53
2026-04-20,P12,general,2,58,6.42
2026-04-20,P12,local,0,36,6.64
2026-04-20,P13,general,5,73,5.36
2026-04-20,P13,local,5,65,5.91
2026-04-20,P14,general,0,46,18.26
2026-04-20,P14,local,2,25,17.91
2026-04-20,P15,general,5,50,16.66
2026-04-20,P15,local,0,19,17.23
2026-04-20,P16,general,2,90,14.41
2026-04-20,P16,local,1,63,14.9
2026-04-20,P17,general,8,113,9.64
2026-04-20,P17,local,2,50,9.93
2026-04-20,P18,general,0,72,15.69
2026-04-20,P18,local,1,44,15.22
2026-04-20,P19,general,8,151,5.3
2026-04-20,P19,local,1,69,5.27
2026-04-20,P20,general,2,62,7.66
2026-04-20,P20,local,1,50,7.58
2026-04-20,P21,general,2,94,9.71
2026-04-20,P21,local,2,84,10.05
2026-04-20,P22,general,1,69,18.26
2026-04-20,P22,local,1,32,18.73
2026-04-20,P23,general,2,81,8.63
2026-04-20,P23,local,2,41,7.74
2026-04-20,P24,general,1,102,12.62
2026-04-20,P24,local,2,43,13.16
2026-04-20,P25,general,1,37,15.41
2026-04-20,P25,local,3,35,15.52
2026-04-21,P01,general,2,55,13.96
2026-04-21,P01,local,1,36,13.76
2026-04-21,P02,general,2,73,10.62
2026-04-21,P02,local,2,55,10.72
2026-04-21,P03,general,0,78,13.98
2026-04-21,P03,local,1,46,13.95
2026-04-21,P04,general,1,78,15.99
2026-04-21,P04,local,0,41,15.88
2026-04-21,P05,general,7,137,5.47
2026-04-21,P05,local,1,94,5.62
2026-04-21,P06,general,0,42,12.67
2026-04-21,P06,local,0,30,12.88
2026-04-21,P07,general,3,143,9.97
2026-04-21,P07,local,0,56,10
2026-04-21,P08,general,9,107,4.6
2026-04-21,P08,local,2,43,4.86
2026-04-21,P09,general,4,94,9.88
2026-04-21,P09,local,1,36,9.81
2026-04-21,P10,general,1,51,14.66
2026-04-21,P10,local,1,30,14.52
2026-04-21,P11,general,1,27,11.68
2026-04-21,P11,local,0,30,11.68
2026-04-21,P12,general,4,61,6.15
2026-04-21,P12,local,1,24,6.23
2026-04-21,P13,general,5,76,6.22
2026-04-21,P13,local,2,57,5.88
2026-04-21,P14,general,0,44,19.07
2026-04-21,P14,local,0,31,19.23
2026-04-21,P15,general,1,46,18.89
2026-04-21,P15,local,0,19,19.66
2026-04-21,P16,general,3,80,15.81
2026-04-21,P16,local,3,58,15.41
2026-04-21,P17,general,5,107,9.53
2026-04-21,P17,local,2,50,10.2
2026-04-21,P18,general,5,93,13
2026-04-21,P18,local,2,38,13.39
2026-04-21,P19,general,10,138,5.63
2026-04-21,P19,local,6,87,5.87
2026-04-21,P20,general,5,64,7.15
2026-04-21,P20,local,2,53,7.43
2026-04-21,P21,general,6,94,10.02
2026-04-21,P21,local,2,88,9.66
2026-04-21,P22,general,4,78,16.85
2026-04-21,P22,local,1,42,15.96
2026-04-21,P23,general,2,79,7.92
2026-04-21,P23,local,2,40,8.36
2026-04-21,P24,general,5,89,14.22
2026-04-21,P24,local,2,37,14.27
2026-04-21,P25,general,0,30,18.85
2026-04-21,P25,local,2,33,19.44
2026-04-22,P01,general,3,67,13.51
2026-04-22,P01,local,0,32,13.29
2026-04-22,P02,general,2,80,11.61
2026-04-22,P02,local,4,49,10.54
2026-04-22,P03,general,4,66,15.64
2026-04-22,P03,local,0,45,15.99
2026-04-22,P04,general,0,78,15.67
2026-04-22,P04,local,0,42,16.44
2026-04-22,P05,general,7,146,4.92
2026-04-22,P05,local,6,95,5.11
2026-04-22,P06,general,0,42,12.56
2026-04-22,P06,local,0,29,12.96
2026-04-22,P07,general,6,153,9.49
2026-04-22,P07,local,3,53,9.63
2026-04-22,P08,general,10,92,4.38
2026-04-22,P08,local,4,33,4.48
2026-04-22,P09,general,1,61,10.27
2026-04-22,P09,local,0,31,10
2026-04-22,P10,general,1,65,14
2026-04-22,P10,local,0,16,13.89
2026-04-22,P11,general,0,28,12.42
2026-04-22,P11,local,1,22,12.53
2026-04-22,P12,general,6,81,6.05
2026-04-22,P12,local,2,28,6.34
2026-04-22,P13,general,5,78,6.03
2026-04-22,P13,local,2,50,6.14
2026-04-22,P14,general,1,38,17.5
2026-04-22,P14,local,0,39,17.02
2026-04-22,P15,general,2,62,18.16
2026-04-22,P15,local,0,13,17.71
2026-04-22,P16,general,1,81,17.07
2026-04-22,P16,local,1,60,16.26
2026-04-22,P17,general,6,116,8.74
2026-04-22,P17,local,4,58,8.56
2026-04-22,P18,general,3,70,15.63
2026-04-22,P18,local,0,41,15.17
2026-04-22,P19,general,16,166,5.42
2026-04-22,P19,local,5,78,5.23
2026-04-22,P20,general,1,63,7.7
2026-04-22,P20,local,2,38,7.32
2026-04-22,P21,general,0,80,10.58
2026-04-22,P21,local,3,96,10.34
2026-04-22,P22,general,2,67,17.06
2026-04-22,P22,local,0,29,16.64
2026-04-22,P23,general,3,100,8.68
2026-04-22,P23,local,0,30,8.81
2026-04-22,P24,general,1,102,12.87
2026-04-22,P24,local,2,55,13.05
2026-04-22,P25,general,1,44,16.55
2026-04-22,P25,local,2,35,15.32
2026-04-23,P01,general,1,72,13.31
2026-04-23,P01,local,0,33,13.98
2026-04-23,P02,general,4,94,10.71
2026-04-23,P02,local,2,51,10.45
2026-04-23,P03,general,3,70,13.82
2026-04-23,P03,local,3,51,13.85
2026-04-23,P04,general,0,87,16.61
2026-04-23,P04,local,3,42,16.79
2026-04-23,P05,general,5,150,5.47
2026-04-23,P05,local,7,82,5.05
2026-04-23,P06,general,0,48,13.31
2026-04-23,P06,local,0,16,12.68
2026-04-23,P07,general,3,142,10.63
2026-04-23,P07,local,0,54,10.57
2026-04-23,P08,general,8,104,4.2
2026-04-23,P08,local,6,49,4.47
2026-04-23,P09,general,2,75,9.17
2026-04-23,P09,local,5,25,10.09
2026-04-23,P10,general,1,46,14.25
2026-04-23,P10,local,0,19,14.48
2026-04-23,P11,general,0,22,12.41
2026-04-23,P11,local,0,30,12.18
2026-04-23,P12,general,0,65,6.39
2026-04-23,P12,local,1,26,6.54
2026-04-23,P13,general,8,86,6.2
2026-04-23,P13,local,2,54,6.1
2026-04-23,P14,general,1,59,16.74
2026-04-23,P14,local,1,28,16.77
2026-04-23,P15,general,3,46,24.57
2026-04-23,P15,local,0,15,25.48
2026-04-23,P16,general,3,90,17.92
2026-04-23,P16,local,1,54,17.93
2026-04-23,P17,general,2,104,8.25
2026-04-23,P17,local,2,48,8.08
2026-04-23,P18,general,2,76,14.68
2026-04-23,P18,local,2,43,14.04
2026-04-23,P19,general,11,142,5.68
2026-04-23,P19,local,8,81,5.4
2026-04-23,P20,general,3,71,6.58
2026-04-23,P20,local,2,57,6.9
2026-04-23,P21,general,1,82,11.56
2026-04-23,P21,local,2,71,10.74
2026-04-23,P22,general,1,80,16.3
2026-04-23,P22,local,1,30,16.13
2026-04-23,P23,general,4,87,8.47
2026-04-23,P23,local,4,37,8.36
2026-04-23,P24,general,0,91,14.19
2026-04-23,P24,local,1,43,14.01
2026-04-23,P25,general,1,46,18.1
2026-04-23,P25,local,0,32,18.77
2026-04-24,P01,general,0,73,13.78
2026-04-24,P01,local,0,32,13
2026-04-24,P02,general,3,84,11.8
2026-04-24,P02,local,2,53,11.9
2026-04-24,P03,general,1,57,14.74
2026-04-24,P03,local,0,39,13.98
2026-04-24,P04,general,1,68,16.56
2026-04-24,P04,local,0,49,16.13
2026-04-24,P05,general,8,149,4.34
2026-04-24,P05,local,5,104,4.49
2026-04-24,P06,general,2,49,12.54
2026-04-24,P06,local,1,36,12.85
2026-04-24,P07,general,5,122,10.15
2026-04-24,P07,local,0,55,10.28
2026-04-24,P08,general,11,103,4.05
2026-04-24,P08,local,4,39,4.17
2026-04-24,P09,general,6,74,10.94
2026-04-24,P09,local,0,35,11.01
2026-04-24,P10,general,2,60,13.25
2026-04-24,P10,local,0,27,13.74
2026-04-24,P11,general,2,32,12.02
2026-04-24,P11,local,0,28,12.83
2026-04-24,P12,general,5,63,5.9
2026-04-24,P12,local,2,19,6.02
2026-04-24,P13,general,7,100,5.33
2026-04-24,P13,local,5,56,5.29
2026-04-24,P14,general,1,51,17.97
2026-04-24,P14,local,3,25,17.77
2026-04-24,P15,general,1,56,20.2
2026-04-24,P15,local,0,17,21.13
2026-04-24,P16,general,1,78,15.03
2026-04-24,P16,local,1,54,15.31
2026-04-24,P17,general,1,103,9.16
2026-04-24,P17,local,1,49,9.02
2026-04-24,P18,general,2,68,14.15
2026-04-24,P18,local,1,46,14.09
2026-04-24,P19,general,9,127,5.8
2026-04-24,P19,local,5,81,5.33
2026-04-24,P20,general,4,80,6.62
2026-04-24,P20,local,5,55,6.78
2026-04-24,P21,general,1,77,11.61
2026-04-24,P21,local,0,73,10.75
2026-04-24,P22,general,0,78,15.67
2026-04-24,P22,local,0,36,16.85
2026-04-24,P23,general,5,88,8.36
2026-04-24,P23,local,1,33,8.93
2026-04-24,P24,general,2,78,15.34
2026-04-24,P24,local,0,53,14.47
2026-04-24,P25,general,1,43,16.65
2026-04-24,P25,local,0,34,17.57
2026-04-25,P01,general,0,41,13.5
2026-04-25,P01,local,0,32,13.03
2026-04-25,P02,general,1,60,10.91
2026-04-25,P02,local,1,30,11.97
2026-04-25,P03,general,2,63,13.7
2026-04-25,P03,local,0,33,14.3
2026-04-25,P04,general,1,62,17.85
2026-04-25,P04,local,0,24,17.89
2026-04-25,P05,general,6,98,5.27
2026-04-25,P05,local,5,75,4.93
2026-04-25,P06,general,2,37,11.8
2026-04-25,P06,local,0,20,12.2
2026-04-25,P07,general,1,100,10.71
2026-04-25,P07,local,1,29,10.71
2026-04-25,P08,general,7,72,4.68
2026-04-25,P08,local,2,30,4.45
2026-04-25,P09,general,3,66,11.05
2026-04-25,P09,local,1,23,10.58
2026-04-25,P10,general,1,27,15.53
2026-04-25,P10,local,2,14,16.06
2026-04-25,P11,general,0,35,11.84
2026-04-25,P11,local,1,17,12.47
2026-04-25,P12,general,1,63,6.3
2026-04-25,P12,local,2,17,6.29
2026-04-25,P13,general,5,54,6.27
2026-04-25,P13,local,3,56,6.27
2026-04-25,P14,general,1,38,17.56
2026-04-25,P14,local,2,31,17.9
2026-04-25,P15,general,2,29,19.75
2026-04-25,P15,local,0,10,21.2
2026-04-25,P16,general,2,61,15.69
2026-04-25,P16,local,0,35,16.67
2026-04-25,P17,general,5,79,8.72
2026-04-25,P17,local,1,29,8.13
2026-04-25,P18,general,0,51,17.02
2026-04-25,P18,local,1,32,15.82
2026-04-25,P19,general,6,97,6.36
2026-04-25,P19,local,2,44,6.04
2026-04-25,P20,general,0,36,7.15
2026-04-25,P20,local,3,27,7.4
2026-04-25,P21,general,5,81,10.14
2026-04-25,P21,local,2,52,10.35
2026-04-25,P22,general,1,58,15.84
2026-04-25,P22,local,0,31,15.75
2026-04-25,P23,general,2,68,8.37
2026-04-25,P23,local,1,34,8.36
2026-04-25,P24,general,5,57,14.58
2026-04-25,P24,local,0,39,14.36
2026-04-25,P25,general,2,27,16.8
2026-04-25,P25,local,2,37,15.91
2026-04-26,P01,general,3,42,15.19
2026-04-26,P01,local,0,19,14
2026-04-26,P02,general,1,52,10.54
2026-04-26,P02,local,1,43,10.02
2026-04-26,P03,general,1,40,16.22
2026-04-26,P03,local,2,29,15.06
2026-04-26,P04,general,0,55,18.06
2026-04-26,P04,local,1,31,17.36
2026-04-26,P05,general,7,88,5.23
2026-04-26,P05,local,8,83,4.99
2026-04-26,P06,general,1,21,13.18
2026-04-26,P06,local,1,26,12.52
2026-04-26,P07,general,1,108,9.86
2026-04-26,P07,local,2,29,9.82
2026-04-26,P08,general,8,83,4.41
2026-04-26,P08,local,1,26,4.41
2026-04-26,P09,general,3,65,9.26
2026-04-26,P09,local,0,23,9.45
2026-04-26,P10,general,3,40,14.03
2026-04-26,P10,local,0,23,14.71
2026-04-26,P11,general,0,18,12.03
2026-04-26,P11,local,1,23,12.49
2026-04-26,P12,general,4,45,6.49
2026-04-26,P12,local,0,18,6.44
2026-04-26,P13,general,1,54,5.34
2026-04-26,P13,local,2,49,5.54
2026-04-26,P14,general,0,52,17.48
2026-04-26,P14,local,0,21,16.06
2026-04-26,P15,general,2,36,18.66
2026-04-26,P15,local,0,20,18.89
2026-04-26,P16,general,0,70,13.62
2026-04-26,P16,local,0,42,13.61
2026-04-26,P17,general,3,73,8.27
2026-04-26,P17,local,7,38,8.02
2026-04-26,P18,general,2,64,13.19
2026-04-26,P18,local,1,32,13.98
2026-04-26,P19,general,6,114,5.72
2026-04-26,P19,local,2,52,5.61
2026-04-26,P20,general,2,49,6.82
2026-04-26,P20,local,1,25,6.93
2026-04-26,P21,general,1,66,10.47
2026-04-26,P21,local,1,52,11.11
2026-04-26,P22,general,3,60,16.28
2026-04-26,P22,local,0,18,17.09
2026-04-26,P23,general,2,71,8.87
2026-04-26,P23,local,4,21,9.1
2026-04-26,P24,general,0,77,13.57
2026-04-26,P24,local,1,33,13.52
2026-04-26,P25,general,0,41,14.07
2026-04-26,P25,local,1,24,15.09
2026-04-27,P01,general,1,64,15.47
2026-04-27,P01,local,2,34,15.68
2026-04-27,P02,general,1,70,11.76
2026-04-27,P02,local,1,38,11.34
2026-04-27,P03,general,0,68,13.57
2026-04-27,P03,local,1,49,14.11
2026-04-27,P04,general,2,80,17.71
2026-04-27,P04,local,0,40,17.92
2026-04-27,P05,general,8,130,5.75
2026-04-27,P05,local,10,99,6.04
2026-04-27,P06,general,2,49,13.44
2026-04-27,P06,local,0,33,12.22
2026-04-27,P07,general,7,153,9.5
2026-04-27,P07,local,1,57,9.95
2026-04-27,P08,general,11,111,4.16
2026-04-27,P08,local,4,51,4.08
2026-04-27,P09,general,5,78,10.84
2026-04-27,P09,local,1,33,11.03
2026-04-27,P10,general,2,39,14.07
2026-04-27,P10,local,0,22,13.14
2026-04-27,P11,general,0,29,12.89
2026-04-27,P11,local,1,22,12.97
2026-04-27,P12,general,5,70,6.54
2026-04-27,P12,local,0,31,6.29
2026-04-27,P13,general,5,81,6.35
2026-04-27,P13,local,1,60,6.11
2026-04-27,P14,general,2,59,18.49
2026-04-27,P14,local,0,29,18.47
2026-04-27,P15,general,3,56,16.93
2026-04-27,P15,local,0,23,18.22
2026-04-27,P16,general,1,84,13.54
2026-04-27,P16,local,3,71,13.79
2026-04-27,P17,general,0,98,9.56
2026-04-27,P17,local,5,52,8.67
2026-04-27,P18,general,2,67,14.52
2026-04-27,P18,local,3,53,14.01
2026-04-27,P19,general,9,137,5.65
2026-04-27,P19,local,7,86,5.67
2026-04-27,P20,general,7,78,7.85
2026-04-27,P20,local,3,45,8.43
2026-04-27,P21,general,7,92,10.76
2026-04-27,P21,local,3,69,10.08
2026-04-27,P22,general,4,76,16.85
2026-04-27,P22,local,0,34,16.49
2026-04-27,P23,general,3,84,8.25
2026-04-27,P23,local,1,38,8.36
2026-04-27,P24,general,4,83,14.13
2026-04-27,P24,local,1,46,13.84
2026-04-27,P25,general,1,41,16.45
2026-04-27,P25,local,0,35,17.12
2026-04-28,P01,general,2,70,14.71
2026-04-28,P01,local,0,42,15.43
2026-04-28,P02,general,0,78,11.28
2026-04-28,P02,local,1,46,11.05
2026-04-28,P03,general,1,82,14.91
2026-04-28,P03,local,0,37,14.77
2026-04-28,P04,general,0,75,15.27
2026-04-28,P04,local,1,45,15.51
2026-04-28,P05,general,9,124,4.96
2026-04-28,P05,local,3,90,5.2
2026-04-28,P06,general,0,55,12.39
2026-04-28,P06,local,1,41,11.98
2026-04-28,P07,general,6,139,9.15
2026-04-28,P07,local,0,46,8.65
2026-04-28,P08,general,10,116,4.44
2026-04-28,P08,local,5,45,4.46
2026-04-28,P09,general,2,79,11.86
2026-04-28,P09,local,0,27,11.82
2026-04-28,P10,general,1,50,13.34
2026-04-28,P10,local,0,23,14.3
2026-04-28,P11,general,1,29,12.72
2026-04-28,P11,local,2,24,12.61
2026-04-28,P12,general,5,68,6.03
2026-04-28,P12,local,2,33,5.91
2026-04-28,P13,general,4,79,5.63
2026-04-28,P13,local,3,66,5.46
2026-04-28,P14,general,1,49,17.39
2026-04-28,P14,local,1,23,18.26
2026-04-28,P15,general,2,51,19.47
2026-04-28,P15,local,0,28,17.45
2026-04-28,P16,general,2,83,15.8
2026-04-28,P16,local,2,67,15.91
2026-04-28,P17,general,2,102,9.34
2026-04-28,P17,local,1,55,9.02
2026-04-28,P18,general,4,90,14.74
2026-04-28,P18,local,0,44,15.25
2026-04-28,P19,general,11,148,5.24
2026-04-28,P19,local,4,81,5.46
2026-04-28,P20,general,5,81,6.96
2026-04-28,P20,local,1,46,7.24
2026-04-28,P21,general,4,78,10.24
2026-04-28,P21,local,4,82,10.66
2026-04-28,P22,general,3,67,16.92
2026-04-28,P22,local,0,38,17.39
2026-04-28,P23,general,5,117,8.04
2026-04-28,P23,local,1,51,8.18
2026-04-28,P24,general,2,106,12.51
2026-04-28,P24,local,0,47,13.3
2026-04-28,P25,general,1,47,16.96
2026-04-28,P25,local,2,28,18.24
2026-04-29,P01,general,1,57,13.39
2026-04-29,P01,local,0,37,13.63
2026-04-29,P02,general,2,95,10.97
2026-04-29,P02,local,1,34,11.17
2026-04-29,P03,general,3,68,13.99
2026-04-29,P03,local,3,35,14.36
2026-04-29,P04,general,3,73,17.43
2026-04-29,P04,local,1,45,18.84
2026-04-29,P05,general,6,120,5.72
2026-04-29,P05,local,12,88,5.61
2026-04-29,P06,general,1,47,13.07
2026-04-29,P06,local,1,30,13.84
2026-04-29,P07,general,3,134,10.32
2026-04-29,P07,local,2,51,9.68
2026-04-29,P08,general,10,104,4.24
2026-04-29,P08,local,4,45,4.15
2026-04-29,P09,general,1,86,12
2026-04-29,P09,local,2,31,11.64
2026-04-29,P10,general,5,65,12.08
2026-04-29,P10,local,0,29,11.72
2026-04-29,P11,general,2,31,12.77
2026-04-29,P11,local,4,24,11.82
2026-04-29,P12,general,3,74,6.13
2026-04-29,P12,local,1,34,6.14
2026-04-29,P13,general,9,89,5.33
2026-04-29,P13,local,5,65,5.36
2026-04-29,P14,general,0,53,18.89
2026-04-29,P14,local,0,25,19.15
2026-04-29,P15,general,1,46,18.71
2026-04-29,P15,local,1,23,19.09
2026-04-29,P16,general,3,94,15.27
2026-04-29,P16,local,2,45,15.21
2026-04-29,P17,general,3,102,8.39
2026-04-29,P17,local,0,50,8.63
2026-04-29,P18,general,2,78,15.05
2026-04-29,P18,local,0,39,14.72
2026-04-29,P19,general,12,141,5.99
2026-04-29,P19,local,4,71,5.81
2026-04-29,P20,general,3,62,6.93
2026-04-29,P20,local,2,49,6.39
2026-04-29,P21,general,4,107,10.22
2026-04-29,P21,local,2,70,9.85
2026-04-29,P22,general,2,68,17.28
2026-04-29,P22,local,0,47,15.97
2026-04-29,P23,general,0,93,8.26
2026-04-29,P23,local,5,43,8.7
2026-04-29,P24,general,1,80,14.2
2026-04-29,P24,local,0,42,13.9
2026-04-29,P25,general,0,47,15.16
2026-04-29,P25,local,1,36,16.83
2026-04-30,P01,general,4,57,13.23
2026-04-30,P01,local,3,30,13.68
2026-04-30,P02,general,3,66,10.69
2026-04-30,P02,local,3,56,10.69
2026-04-30,P03,general,4,86,13.64
2026-04-30,P03,local,2,50,14.37
2026-04-30,P04,general,0,84,17.46
2026-04-30,P04,local,0,51,17.15
2026-04-30,P05,general,12,129,5.31
2026-04-30,P05,local,12,87,5.45
2026-04-30,P06,general,1,52,14.57
2026-04-30,P06,local,1,27,14.98
2026-04-30,P07,general,7,125,10.41
2026-04-30,P07,local,1,42,10.44
2026-04-30,P08,general,10,98,4.14
2026-04-30,P08,local,3,38,4.47
2026-04-30,P09,general,2,77,10.09
2026-04-30,P09,local,0,35,10.19
2026-04-30,P10,general,2,55,13.98
2026-04-30,P10,local,0,18,14
2026-04-30,P11,general,1,39,12.16
2026-04-30,P11,local,0,22,11.09
2026-04-30,P12,general,4,59,6.52
2026-04-30,P12,local,1,36,6.22
2026-04-30,P13,general,5,78,5.7
2026-04-30,P13,local,3,80,6.04
2026-04-30,P14,general,2,43,18.34
2026-04-30,P14,local,1,37,17.6
2026-04-30,P15,general,2,52,18.24
2026-04-30,P15,local,0,25,18.39
2026-04-30,P16,general,2,99,13.7
2026-04-30,P16,local,0,48,14.5
2026-04-30,P17,general,6,118,8.03
2026-04-30,P17,local,1,51,8.68
2026-04-30,P18,general,0,59,16.21
2026-04-30,P18,local,1,55,15.21
2026-04-30,P19,general,5,123,5.84
2026-04-30,P19,local,5,79,5.89
2026-04-30,P20,general,1,60,7.14
2026-04-30,P20,local,1,47,7.07
2026-04-30,P21,general,6,87,9.61
2026-04-30,P21,local,1,61,9.39
2026-04-30,P22,general,0,69,17.29
2026-04-30,P22,local,0,33,17.55
2026-04-30,P23,general,3,85,7.97
2026-04-30,P23,local,2,40,7.87
2026-04-30,P24,general,2,101,14.49
2026-04-30,P24,local,0,39,13.6
2026-04-30,P25,general,1,44,16.58
2026-04-30,P25,local,0,34,16.8
2026-05-01,P01,general,0,53,15.16
2026-05-01,P01,local,3,33,14.53
2026-05-01,P02,general,0,71,10.19
2026-05-01,P02,local,1,44,10.09
2026-05-01,P03,general,0,75,15.43
2026-05-01,P03,local,0,39,14.35
2026-05-01,P04,general,1,73,16.08
2026-05-01,P04,local,0,42,16.07
2026-05-01,P05,general,7,119,5.58
2026-05-01,P05,local,6,92,5.44
2026-05-01,P06,general,3,50,12.94
2026-05-01,P06,local,1,24,11.7
2026-05-01,P07,general,3,125,10.17
2026-05-01,P07,local,2,60,9.69
2026-05-01,P08,general,6,98,4.64
2026-05-01,P08,local,2,50,4.53
2026-05-01,P09,general,1,69,11.41
2026-05-01,P09,local,1,40,11.29
2026-05-01,P10,general,2,47,14.13
2026-05-01,P10,local,0,26,14.27
2026-05-01,P11,general,0,36,10.79
2026-05-01,P11,local,2,23,11.48
2026-05-01,P12,general,8,65,5.82
2026-05-01,P12,local,2,33,6.42
2026-05-01,P13,general,5,74,5.67
2026-05-01,P13,local,0,58,5.47
2026-05-01,P14,general,0,37,18.02
2026-05-01,P14,local,1,30,17.35
2026-05-01,P15,general,0,56,16.88
2026-05-01,P15,local,1,22,16.96
2026-05-01,P16,general,1,92,13.45
2026-05-01,P16,local,1,54,13.78
2026-05-01,P17,general,2,102,9.68
2026-05-01,P17,local,1,39,9.71
2026-05-01,P18,general,1,76,13.78
2026-05-01,P18,local,1,52,13.7
2026-05-01,P19,general,8,140,6.08
2026-05-01,P19,local,5,67,6.17
2026-05-01,P20,general,1,75,7.19
2026-05-01,P20,local,3,52,6.86
2026-05-01,P21,general,2,67,11.82
2026-05-01,P21,local,3,75,12.53
2026-05-01,P22,general,2,78,15.85
2026-05-01,P22,local,0,33,14.96
2026-05-01,P23,general,7,95,8.76
2026-05-01,P23,local,1,45,9.08
2026-05-01,P24,general,2,106,12.79
2026-05-01,P24,local,1,43,12.76
2026-05-01,P25,general,2,41,16.8
2026-05-01,P25,local,1,33,17.85
2026-05-02,P01,general,0,43,14.38
2026-05-02,P01,local,2,22,14.01
2026-05-02,P02,general,1,63,10.03
2026-05-02,P02,local,0,37,10.29
2026-05-02,P03,general,1,43,16.03
2026-05-02,P03,local,0,24,15.72
2026-05-02,P04,general,1,63,17.13
2026-05-02,P04,local,3,48,17.8
2026-05-02,P05,general,8,104,5.39
2026-05-02,P05,local,6,57,5.19
2026-05-02,P06,general,0,30,14.89
2026-05-02,P06,local,1,20,14.41
2026-05-02,P07,general,7,109,10.8
2026-05-02,P07,local,1,25,11.04
2026-05-02,P08,general,6,91,4.05
2026-05-02,P08,local,1,34,4.37
2026-05-02,P09,general,1,53,11.31
2026-05-02,P09,local,1,24,11.81
2026-05-02,P10,general,1,39,13.39
2026-05-02,P10,local,0,17,13.68
2026-05-02,P11,general,2,17,12.58
2026-05-02,P11,local,1,20,11.57
2026-05-02,P12,general,6,47,6.55
2026-05-02,P12,local,4,33,6.66
2026-05-02,P13,general,4,64,5.61
2026-05-02,P13,local,4,39,5.46
2026-05-02,P14,general,1,39,19.19
2026-05-02,P14,local,0,21,19.92
2026-05-02,P15,general,2,38,20.75
2026-05-02,P15,local,0,15,20.07
2026-05-02,P16,general,0,55,15.63
2026-05-02,P16,local,1,41,15.78
2026-05-02,P17,general,0,65,9.78
2026-05-02,P17,local,1,26,9.69
2026-05-02,P18,general,1,61,16.72
2026-05-02,P18,local,0,20,17.01
2026-05-02,P19,general,4,101,6.06
2026-05-02,P19,local,4,58,6.2
2026-05-02,P20,general,3,43,7.42
2026-05-02,P20,local,1,37,6.75
2026-05-02,P21,general,3,72,10.39
2026-05-02,P21,local,1,52,10.78
2026-05-02,P22,general,2,45,16.45
2026-05-02,P22,local,0,28,14.71
2026-05-02,P23,general,4,72,10
2026-05-02,P23,local,1,28,9.26
2026-05-02,P24,general,2,67,14.06
2026-05-02,P24,local,0,35,14.02
2026-05-02,P25,general,0,31,16.4
2026-05-02,P25,local,1,25,16.12
2026-05-03,P01,general,1,45,14.05
2026-05-03,P01,local,1,35,13.5
2026-05-03,P02,general,1,62,10.79
2026-05-03,P02,local,1,31,10.35
2026-05-03,P03,general,1,57,14.77
2026-05-03,P03,local,0,29,13.8
2026-05-03,P04,general,5,65,16.57
2026-05-03,P04,local,1,25,16.41
2026-05-03,P05,general,6,112,5.02
2026-05-03,P05,local,3,56,4.68
2026-05-03,P06,general,0,30,12.06
2026-05-03,P06,local,0,20,12.78
2026-05-03,P07,general,5,122,9.4
2026-05-03,P07,local,1,41,9.23
2026-05-03,P08,general,6,78,4.81
2026-05-03,P08,local,2,32,5.05
2026-05-03,P09,general,1,48,10.13
2026-05-03,P09,local,1,23,10.43
2026-05-03,P10,general,4,47,14.71
2026-05-03,P10,local,0,26,14.17
2026-05-03,P11,general,0,27,12.03
2026-05-03,P11,local,0,23,12.43
2026-05-03,P12,general,3,53,6.33
2026-05-03,P12,local,3,21,6.24
2026-05-03,P13,general,3,50,6.53
2026-05-03,P13,local,2,58,6.51
2026-05-03,P14,general,1,43,15.85
2026-05-03,P14,local,0,26,16.07
2026-05-03,P15,general,0,35,20.31
2026-05-03,P15,local,0,10,19.07
2026-05-03,P16,general,2,63,14.15
2026-05-03,P16,local,2,44,14.53
2026-05-03,P17,general,3,88,9.06
2026-05-03,P17,local,1,28,9.82
2026-05-03,P18,general,1,52,15.32
2026-05-03,P18,local,0,31,16.52
2026-05-03,P19,general,4,98,5.44
2026-05-03,P19,local,4,59,5.51
2026-05-03,P20,general,2,61,7.96
2026-05-03,P20,local,1,38,7.54
2026-05-03,P21,general,3,75,11.25
2026-05-03,P21,local,1,57,11.23
2026-05-03,P22,general,1,52,19.24
2026-05-03,P22,local,0,29,18.46
2026-05-03,P23,general,1,76,8.44
2026-05-03,P23,local,3,43,8.6
2026-05-03,P24,general,1,62,13.12
2026-05-03,P24,local,0,30,13.74
2026-05-03,P25,general,1,31,15.83
2026-05-03,P25,local,1,27,16.85
2026-05-04,P01,general,0,65,13.44
2026-05-04,P01,local,2,40,13.06
2026-05-04,P02,general,5,79,11.9
2026-05-04,P02,local,0,38,11.43
2026-05-04,P03,general,2,64,15.65
2026-05-04,P03,local,1,41,16.13
2026-05-04,P04,general,1,75,16.08
2026-05-04,P04,local,2,48,15.8
2026-05-04,P05,general,9,147,5.14
2026-05-04,P05,local,8,96,4.96
2026-05-04,P06,general,1,40,12.93
2026-05-04,P06,local,2,23,13.4
2026-05-04,P07,general,5,143,10.3
2026-05-04,P07,local,3,43,10.21
2026-05-04,P08,general,8,118,4.73
2026-05-04,P08,local,3,40,4.63
2026-05-04,P09,general,4,70,10.22
2026-05-04,P09,local,1,41,10.43
2026-05-04,P10,general,1,57,14.73
2026-05-04,P10,local,3,19,14.41
2026-05-04,P11,general,0,33,12.38
2026-05-04,P11,local,0,24,12.85
2026-05-04,P12,general,7,82,6.1
2026-05-04,P12,local,2,36,6.04
2026-05-04,P13,general,5,79,5.77
2026-05-04,P13,local,3,69,5.81
2026-05-04,P14,general,1,39,16.49
2026-05-04,P14,local,1,22,16.99
2026-05-04,P15,general,1,51,17.01
2026-05-04,P15,local,0,22,16.71
2026-05-04,P16,general,2,77,15.98
2026-05-04,P16,local,1,54,15.53
2026-05-04,P17,general,11,104,8.31
2026-05-04,P17,local,5,42,8.97
2026-05-04,P18,general,0,60,16.01
2026-05-04,P18,local,0,38,16.8
2026-05-04,P19,general,7,127,5.54
2026-05-04,P19,local,7,83,5.57
2026-05-04,P20,general,0,65,7.47
2026-05-04,P20,local,0,42,7.87
2026-05-04,P21,general,5,99,10.7
2026-05-04,P21,local,3,65,10.65
2026-05-04,P22,general,3,71,14.85
2026-05-04,P22,local,1,35,14.14
2026-05-04,P23,general,5,95,9.3
2026-05-04,P23,local,2,27,8.48
2026-05-04,P24,general,1,97,13.6
2026-05-04,P24,local,2,37,14.3
2026-05-04,P25,general,1,44,15.58
2026-05-04,P25,local,0,32,15.93
2026-05-05,P01,general,1,71,13.23
2026-05-05,P01,local,1,34,13.8
2026-05-05,P02,general,1,80,10.96
2026-05-05,P02,local,1,34,11.32
2026-05-05,P03,general,2,56,13.62
2026-05-05,P03,local,0,45,14.97
2026-05-05,P04,general,1,78,16.42
2026-05-05,P04,local,0,44,16.14
2026-05-05,P05,general,9,144,5.07
2026-05-05,P05,local,10,103,4.86
2026-05-05,P06,general,2,48,13.44
2026-05-05,P06,local,1,41,13.69
2026-05-05,P07,general,2,135,10.1
2026-05-05,P07,local,1,54,9.52
2026-05-05,P08,general,13,111,4.71
2026-05-05,P08,local,2,38,4.49
2026-05-05,P09,general,1,74,9.95
2026-05-05,P09,local,1,23,10.76
2026-05-05,P10,general,4,62,14.71
2026-05-05,P10,local,0,19,14.51
2026-05-05,P11,general,0,30,12.76
2026-05-05,P11,local,0,21,12.71
2026-05-05,P12,general,6,79,6.59
2026-05-05,P12,local,3,45,6.8
2026-05-05,P13,general,3,75,5.99
2026-05-05,P13,local,5,71,5.74
2026-05-05,P14,general,3,44,16.2
2026-05-05,P14,local,0,45,17.22
2026-05-05,P15,general,1,37,21.57
2026-05-05,P15,local,0,24,21.16
2026-05-05,P16,general,1,95,15.33
2026-05-05,P16,local,1,55,15.56
2026-05-05,P17,general,6,107,7.75
2026-05-05,P17,local,2,60,7.82
2026-05-05,P18,general,1,59,15.97
2026-05-05,P18,local,1,35,14.71
2026-05-05,P19,general,9,139,5.88
2026-05-05,P19,local,3,76,6.12
2026-05-05,P20,general,2,61,7.75
2026-05-05,P20,local,0,52,7.19
2026-05-05,P21,general,3,78,11.5
2026-05-05,P21,local,1,75,11.01
2026-05-05,P22,general,2,76,16.48
2026-05-05,P22,local,0,31,16.6
2026-05-05,P23,general,1,81,9.4
2026-05-05,P23,local,1,37,8.77
2026-05-05,P24,general,1,82,15.47
2026-05-05,P24,local,3,52,15.93
2026-05-05,P25,general,1,48,16.94
2026-05-05,P25,local,2,27,17.41
2026-05-06,P01,general,1,52,14.07
2026-05-06,P01,local,1,18,14.44
2026-05-06,P02,general,5,66,10.48
2026-05-06,P02,local,1,43,10.54
2026-05-06,P03,general,2,61,14.23
2026-05-06,P03,local,0,45,14.16
2026-05-06,P04,general,2,76,15.48
2026-05-06,P04,local,2,52,15.3
2026-05-06,P05,general,13,126,5.21
2026-05-06,P05,local,1,89,5.38
2026-05-06,P06,general,1,40,13.95
2026-05-06,P06,local,1,22,14.19
2026-05-06,P07,general,5,130,10.81
2026-05-06,P07,local,1,46,10.09
2026-05-06,P08,general,10,111,4.77
2026-05-06,P08,local,2,37,4.72
2026-05-06,P09,general,2,95,10.8
2026-05-06,P09,local,0,25,10.51
2026-05-06,P10,general,0,62,13.4
2026-05-06,P10,local,1,15,13.71
2026-05-06,P11,general,1,24,12.41
2026-05-06,P11,local,0,31,13.41
2026-05-06,P12,general,0,95,6.62
2026-05-06,P12,local,2,38,6.48
2026-05-06,P13,general,4,68,6.03
2026-05-06,P13,local,4,62,5.83
2026-05-06,P14,general,0,41,16.39
2026-05-06,P14,local,2,30,15.78
2026-05-06,P15,general,2,46,21.2
2026-05-06,P15,local,0,13,20.47
2026-05-06,P16,general,2,100,14.69
2026-05-06,P16,local,1,77,14.67
2026-05-06,P17,general,6,108,9.36
2026-05-06,P17,local,1,58,9.58
2026-05-06,P18,general,2,87,14.84
2026-05-06,P18,local,0,40,14.87
2026-05-06,P19,general,8,141,5.53
2026-05-06,P19,local,6,79,5.6
2026-05-06,P20,general,9,75,6.29
2026-05-06,P20,local,4,51,6.46
2026-05-06,P21,general,0,82,10.39
2026-05-06,P21,local,1,70,9.91
2026-05-06,P22,general,1,75,16.94
2026-05-06,P22,local,0,31,18.4
2026-05-06,P23,general,6,88,9.4
2026-05-06,P23,local,4,51,9.51
2026-05-06,P24,general,5,102,12.39
2026-05-06,P24,local,2,46,12.69
2026-05-06,P25,general,1,45,15.89
2026-05-06,P25,local,0,26,15.08
2026-05-07,P01,general,0,56,13.03
2026-05-07,P01,local,3,38,13.03
2026-05-07,P02,general,2,78,11.35
2026-05-07,P02,local,1,47,11.93
2026-05-07,P03,general,3,85,14
2026-05-07,P03,local,0,34,12.71
2026-05-07,P04,general,2,69,16.72
2026-05-07,P04,local,1,52,16.6
2026-05-07,P05,general,10,126,4.8
2026-05-07,P05,local,6,128,4.69
2026-05-07,P06,general,1,62,13.22
2026-05-07,P06,local,1,33,12.77
2026-05-07,P07,general,4,136,9.66
2026-05-07,P07,local,0,44,10.17
2026-05-07,P08,general,6,99,4.41
2026-05-07,P08,local,0,34,4.35
2026-05-07,P09,general,4,80,11.48
2026-05-07,P09,local,1,32,11.42
2026-05-07,P10,general,5,69,13.99
2026-05-07,P10,local,0,22,14.79
2026-05-07,P11,general,0,29,13.09
2026-05-07,P11,local,1,22,13.17
2026-05-07,P12,general,5,67,6.16
2026-05-07,P12,local,2,23,6.43
2026-05-07,P13,general,5,83,6.46
2026-05-07,P13,local,3,56,6.29
2026-05-07,P14,general,1,53,17.28
2026-05-07,P14,local,0,39,17.45
2026-05-07,P15,general,3,66,17.2
2026-05-07,P15,local,0,27,17.44
2026-05-07,P16,general,2,86,16.18
2026-05-07,P16,local,1,57,16.31
2026-05-07,P17,general,4,88,7.62
2026-05-07,P17,local,4,46,7.17
2026-05-07,P18,general,4,91,15.79
2026-05-07,P18,local,1,45,15.47
2026-05-07,P19,general,6,131,5.47
2026-05-07,P19,local,5,92,5.18
2026-05-07,P20,general,7,68,6.74
2026-05-07,P20,local,3,45,6.64
2026-05-07,P21,general,4,80,11.49
2026-05-07,P21,local,1,61,12.2
2026-05-07,P22,general,1,71,16.42
2026-05-07,P22,local,1,28,16.36
2026-05-07,P23,general,2,96,8.86
2026-05-07,P23,local,1,33,8.6
2026-05-07,P24,general,2,80,14.36
2026-05-07,P24,local,0,35,13.97
2026-05-07,P25,general,0,51,17.58
2026-05-07,P25,local,1,26,18.03
2026-05-08,P01,general,0,64,14.16
2026-05-08,P01,local,2,32,14.39
2026-05-08,P02,general,1,77,11.34
2026-05-08,P02,local,1,44,11.66
2026-05-08,P03,general,3,63,15.32
2026-05-08,P03,local,0,39,14.99
2026-05-08,P04,general,0,79,16.19
2026-05-08,P04,local,0,41,15.58
2026-05-08,P05,general,11,131,4.66
2026-05-08,P05,local,2,86,4.79
2026-05-08,P06,general,0,37,12.8
2026-05-08,P06,local,1,22,12.86
2026-05-08,P07,general,4,120,10.58
2026-05-08,P07,local,2,41,9.96
2026-05-08,P08,general,6,104,4.66
2026-05-08,P08,local,3,35,4.7
2026-05-08,P09,general,0,62,10.29
2026-05-08,P09,local,2,40,10.84
2026-05-08,P10,general,1,74,12.76
2026-05-08,P10,local,1,26,12.39
2026-05-08,P11,general,2,32,11.78
2026-05-08,P11,local,2,39,12.36
2026-05-08,P12,general,5,84,5.66
2026-05-08,P12,local,5,39,5.97
2026-05-08,P13,general,7,89,5.6
2026-05-08,P13,local,7,59,5.84
2026-05-08,P14,general,0,60,16.34
2026-05-08,P14,local,4,29,16.73
2026-05-08,P15,general,0,56,18.41
2026-05-08,P15,local,3,25,17.3
2026-05-08,P16,general,2,75,16.34
2026-05-08,P16,local,1,55,15.97
2026-05-08,P17,general,3,91,9.63
2026-05-08,P17,local,2,54,9.54
2026-05-08,P18,general,1,70,16.03
2026-05-08,P18,local,0,39,15.33
2026-05-08,P19,general,10,151,5.95
2026-05-08,P19,local,2,76,5.76
2026-05-08,P20,general,4,64,6.89
2026-05-08,P20,local,2,59,7.01
2026-05-08,P21,general,4,88,10.74
2026-05-08,P21,local,1,71,11.03
2026-05-08,P22,general,3,74,14.96
2026-05-08,P22,local,1,41,15.03
2026-05-08,P23,general,3,80,8.38
2026-05-08,P23,local,2,36,8.91
2026-05-08,P24,general,4,86,13.31
2026-05-08,P24,local,1,39,13.94
2026-05-08,P25,general,1,37,17.27
2026-05-08,P25,local,0,28,16.79
2026-05-09,P01,general,1,56,12.89
2026-05-09,P01,local,0,24,13.31
2026-05-09,P02,general,1,57,11.49
2026-05-09,P02,local,0,44,11.35
2026-05-09,P03,general,0,53,15.71
2026-05-09,P03,local,0,25,15.99
2026-05-09,P04,general,1,48,16.82
2026-05-09,P04,local,1,38,15.89
2026-05-09,P05,general,12,98,5.09
2026-05-09,P05,local,2,79,4.9
2026-05-09,P06,general,0,35,12.59
2026-05-09,P06,local,0,25,12.85
2026-05-09,P07,general,1,97,9.87
2026-05-09,P07,local,3,35,9.65
2026-05-09,P08,general,4,91,4.2
2026-05-09,P08,local,7,42,4.35
2026-05-09,P09,general,5,65,10.51
2026-05-09,P09,local,2,30,10.22
2026-05-09,P10,general,0,51,15.37
2026-05-09,P10,local,2,17,15.26
2026-05-09,P11,general,1,16,11.73
2026-05-09,P11,local,0,17,12.48
2026-05-09,P12,general,2,58,6.13
2026-05-09,P12,local,0,25,6.18
2026-05-09,P13,general,5,55,6.44
2026-05-09,P13,local,5,43,6.59
2026-05-09,P14,general,1,31,16.92
2026-05-09,P14,local,0,20,17.89
2026-05-09,P15,general,0,43,19.08
2026-05-09,P15,local,2,19,19.77
2026-05-09,P16,general,1,69,13.76
2026-05-09,P16,local,2,50,13.4
2026-05-09,P17,general,2,84,7.69
2026-05-09,P17,local,3,50,7.97
2026-05-09,P18,general,2,70,13.4
2026-05-09,P18,local,1,32,13.34
2026-05-09,P19,general,6,108,5.62
2026-05-09,P19,local,1,50,5.59
2026-05-09,P20,general,2,45,7.89
2026-05-09,P20,local,1,46,7.72
2026-05-09,P21,general,3,93,10.34
2026-05-09,P21,local,0,56,10.73
2026-05-09,P22,general,1,62,16.48
2026-05-09,P22,local,2,33,16.61
2026-05-09,P23,general,5,67,9.17
2026-05-09,P23,local,1,28,9.03
2026-05-09,P24,general,4,67,12.84
2026-05-09,P24,local,1,30,13.7
2026-05-09,P25,general,1,36,17.71
2026-05-09,P25,local,1,21,17.79
2026-05-10,P01,general,1,38,13.85
2026-05-10,P01,local,0,32,13.35
2026-05-10,P02,general,2,59,10.85
2026-05-10,P02,local,2,30,11.07
2026-05-10,P03,general,3,44,15.27
2026-05-10,P03,local,1,35,15.54
2026-05-10,P04,general,0,53,15.05
2026-05-10,P04,local,0,39,15.57
2026-05-10,P05,general,11,112,5.28
2026-05-10,P05,local,2,80,5.3
2026-05-10,P06,general,0,30,14.51
2026-05-10,P06,local,1,17,14.13
2026-05-10,P07,general,7,112,9.33
2026-05-10,P07,local,1,33,9.7
2026-05-10,P08,general,8,62,4.77
2026-05-10,P08,local,2,25,4.75
2026-05-10,P09,general,3,56,10.84
2026-05-10,P09,local,3,30,10.52
2026-05-10,P10,general,1,52,12.52
2026-05-10,P10,local,0,21,13.1
2026-05-10,P11,general,1,23,12.1
2026-05-10,P11,local,0,25,11.82
2026-05-10,P12,general,8,58,6.21
2026-05-10,P12,local,2,28,6.28
2026-05-10,P13,general,1,65,6.23
2026-05-10,P13,local,2,48,6.35
2026-05-10,P14,general,2,29,18.02
2026-05-10,P14,local,0,20,18.72
2026-05-10,P15,general,2,44,18.31
2026-05-10,P15,local,0,17,18.31
2026-05-10,P16,general,2,59,15.95
2026-05-10,P16,local,2,51,15.47
2026-05-10,P17,general,2,63,9.25
2026-05-10,P17,local,1,46,9.24
2026-05-10,P18,general,0,54,13.77
2026-05-10,P18,local,0,27,14.2
2026-05-10,P19,general,7,83,5.16
2026-05-10,P19,local,3,67,5.14
2026-05-10,P20,general,3,50,6.62
2026-05-10,P20,local,1,35,6.88
2026-05-10,P21,general,1,65,10.33
2026-05-10,P21,local,2,58,10.52
2026-05-10,P22,general,3,59,15.68
2026-05-10,P22,local,0,34,14.91
2026-05-10,P23,general,4,79,8.72
2026-05-10,P23,local,0,36,8.75
2026-05-10,P24,general,1,68,12.27
2026-05-10,P24,local,1,38,12.06
2026-05-10,P25,general,3,34,16.47
2026-05-10,P25,local,0,31,15.3
2026-05-11,P01,general,1,53,16.64
2026-05-11,P01,local,0,29,15.88
2026-05-11,P02,general,1,82,10.56
2026-05-11,P02,local,4,52,11.15
2026-05-11,P03,general,4,56,15.85
2026-05-11,P03,local,1,45,14.9
2026-05-11,P04,general,0,67,17.39
2026-05-11,P04,local,0,43,17.69
2026-05-11,P05,general,10,134,4.67
2026-05-11,P05,local,18,106,4.75
2026-05-11,P06,general,1,51,13.5
2026-05-11,P06,local,0,27,12.58
2026-05-11,P07,general,6,139,9.82
2026-05-11,P07,local,3,64,10.51
2026-05-11,P08,general,11,108,4.29
2026-05-11,P08,local,2,32,4.38
2026-05-11,P09,general,5,89,11.01
2026-05-11,P09,local,1,36,10.87
2026-05-11,P10,general,0,50,15.06
2026-05-11,P10,local,0,26,14.87
2026-05-11,P11,general,2,27,14.1
2026-05-11,P11,local,1,31,13.08
2026-05-11,P12,general,2,71,5.87
2026-05-11,P12,local,1,33,6.18
2026-05-11,P13,general,3,92,6.1
2026-05-11,P13,local,4,65,6.33
2026-05-11,P14,general,0,46,16.2
2026-05-11,P14,local,0,45,17.31
2026-05-11,P15,general,4,40,17.4
2026-05-11,P15,local,0,24,18.41
2026-05-11,P16,general,4,76,15.74
2026-05-11,P16,local,1,50,15.42
2026-05-11,P17,general,6,108,8.56
2026-05-11,P17,local,2,45,8.77
2026-05-11,P18,general,1,70,13.67
2026-05-11,P18,local,1,48,13.75
2026-05-11,P19,general,6,122,5.9
2026-05-11,P19,local,2,82,6.45
2026-05-11,P20,general,1,61,7.7
2026-05-11,P20,local,2,50,7.54
2026-05-11,P21,general,4,93,10.63
2026-05-11,P21,local,2,81,10.35
2026-05-11,P22,general,0,84,17.47
2026-05-11,P22,local,1,34,16.5
2026-05-11,P23,general,6,104,9.26
2026-05-11,P23,local,2,39,9.62
2026-05-11,P24,general,2,82,13.59
2026-05-11,P24,local,2,42,13.4
2026-05-11,P25,general,0,46,16.44
2026-05-11,P25,local,1,25,15.85
2026-05-12,P01,general,1,48,14.98
2026-05-12,P01,local,1,32,14.85
2026-05-12,P02,general,3,85,11.99
2026-05-12,P02,local,1,46,11.62
2026-05-12,P03,general,1,59,15.02
2026-05-12,P03,local,2,42,16.01
2026-05-12,P04,general,1,74,16.11
2026-05-12,P04,local,0,53,16.94
2026-05-12,P05,general,8,130,4.85
2026-05-12,P05,local,11,100,4.69
2026-05-12,P06,general,2,50,13.49
2026-05-12,P06,local,1,29,13.28
2026-05-12,P07,general,7,124,9.39
2026-05-12,P07,local,4,47,9.24
2026-05-12,P08,general,6,110,4.25
2026-05-12,P08,local,5,54,4.35
2026-05-12,P09,general,6,85,10.14
2026-05-12,P09,local,0,35,9.96
2026-05-12,P10,general,1,58,13.8
2026-05-12,P10,local,1,25,14.98
2026-05-12,P11,general,1,30,10.32
2026-05-12,P11,local,2,32,10.82
2026-05-12,P12,general,4,71,6.37
2026-05-12,P12,local,1,39,6.5
2026-05-12,P13,general,4,94,5.8
2026-05-12,P13,local,4,62,5.51
2026-05-12,P14,general,0,43,17.04
2026-05-12,P14,local,1,41,17.71
2026-05-12,P15,general,2,42,16.73
2026-05-12,P15,local,1,21,16.84
2026-05-12,P16,general,2,92,13.97
2026-05-12,P16,local,0,75,14.08
2026-05-12,P17,general,2,111,9.74
2026-05-12,P17,local,1,48,9.65
2026-05-12,P18,general,0,71,14.64
2026-05-12,P18,local,0,34,14.72
2026-05-12,P19,general,5,126,5.88
2026-05-12,P19,local,5,83,5.73
2026-05-12,P20,general,2,72,6.91
2026-05-12,P20,local,5,48,6.78
2026-05-12,P21,general,2,99,10.13
2026-05-12,P21,local,2,74,10.37
2026-05-12,P22,general,1,67,15.67
2026-05-12,P22,local,1,37,16.06
2026-05-12,P23,general,7,101,7.65
2026-05-12,P23,local,1,28,8.05
2026-05-12,P24,general,4,95,13.95
2026-05-12,P24,local,0,31,13.13
2026-05-12,P25,general,1,45,15.6
2026-05-12,P25,local,0,38,16.11
2026-05-13,P01,general,3,50,15.62
2026-05-13,P01,local,1,38,15.53
2026-05-13,P02,general,2,68,10.59
2026-05-13,P02,local,2,52,10.8
2026-05-13,P03,general,2,62,14
2026-05-13,P03,local,0,30,14.24
2026-05-13,P04,general,2,71,17.96
2026-05-13,P04,local,1,54,18.78
2026-05-13,P05,general,6,133,5.67
2026-05-13,P05,local,2,72,5.72
2026-05-13,P06,general,1,46,11.77
2026-05-13,P06,local,0,22,12.02
2026-05-13,P07,general,6,142,10.25
2026-05-13,P07,local,2,52,9.76
2026-05-13,P08,general,14,115,4
2026-05-13,P08,local,6,42,4.21
2026-05-13,P09,general,6,85,10.91
2026-05-13,P09,local,1,38,10.49
2026-05-13,P10,general,1,56,12.22
2026-05-13,P10,local,0,24,12.32
2026-05-13,P11,general,0,36,13.68
2026-05-13,P11,local,1,36,12.77
2026-05-13,P12,general,1,71,6.6
2026-05-13,P12,local,1,22,6.46
2026-05-13,P13,general,4,80,6.15
2026-05-13,P13,local,3,61,6.01
2026-05-13,P14,general,0,45,17.73
2026-05-13,P14,local,0,33,17.58
2026-05-13,P15,general,2,42,20.07
2026-05-13,P15,local,0,24,20.41
2026-05-13,P16,general,0,75,15.43
2026-05-13,P16,local,1,49,15.07
2026-05-13,P17,general,3,103,9.12
2026-05-13,P17,local,5,61,9.05
2026-05-13,P18,general,2,81,15.07
2026-05-13,P18,local,1,51,15.26
2026-05-13,P19,general,10,128,5.63
2026-05-13,P19,local,4,79,5.52
2026-05-13,P20,general,4,54,7.4
2026-05-13,P20,local,1,45,7.32
2026-05-13,P21,general,3,87,11.13
2026-05-13,P21,local,1,75,10.78
2026-05-13,P22,general,2,79,17.16
2026-05-13,P22,local,1,38,16.46
2026-05-13,P23,general,4,85,8.76
2026-05-13,P23,local,3,26,8.67
2026-05-13,P24,general,4,84,14.71
2026-05-13,P24,local,0,47,14.5
2026-05-13,P25,general,1,47,16.52
2026-05-13,P25,local,0,31,15.95
2026-05-14,P01,general,2,68,15.96
2026-05-14,P01,local,0,25,15.27
2026-05-14,P02,general,3,72,11.31
2026-05-14,P02,local,0,36,11.97
2026-05-14,P03,general,0,62,15.03
2026-05-14,P03,local,1,40,14.87
2026-05-14,P04,general,0,79,15.83
2026-05-14,P04,local,0,52,16.24
2026-05-14,P05,general,12,151,4.86
2026-05-14,P05,local,8,104,4.74
2026-05-14,P06,general,0,38,12.55
2026-05-14,P06,local,1,22,12.44
2026-05-14,P07,general,6,134,8.97
2026-05-14,P07,local,1,46,9.21
2026-05-14,P08,general,5,100,4.44
2026-05-14,P08,local,2,41,4.59
2026-05-14,P09,general,1,65,10.42
2026-05-14,P09,local,2,32,10.1
2026-05-14,P10,general,2,53,14.95
2026-05-14,P10,local,1,18,14.24
2026-05-14,P11,general,0,20,11.16
2026-05-14,P11,local,1,22,11.01
2026-05-14,P12,general,5,82,6.2
2026-05-14,P12,local,4,34,5.85
2026-05-14,P13,general,3,82,5.89
2026-05-14,P13,local,4,62,5.89
2026-05-14,P14,general,1,46,18.66
2026-05-14,P14,local,0,26,19.67
2026-05-14,P15,general,1,57,18.85
2026-05-14,P15,local,0,20,19.41
2026-05-14,P16,general,1,92,13.16
2026-05-14,P16,local,1,62,13.81
2026-05-14,P17,general,4,118,9.32
2026-05-14,P17,local,3,46,9.03
2026-05-14,P18,general,4,85,13.21
2026-05-14,P18,local,2,37,14.38
2026-05-14,P19,general,8,139,5.99
2026-05-14,P19,local,4,73,6.56
2026-05-14,P20,general,4,64,7.81
2026-05-14,P20,local,4,50,7.81
2026-05-14,P21,general,7,98,9.43
2026-05-14,P21,local,4,75,9.42
2026-05-14,P22,general,2,80,15.29
2026-05-14,P22,local,1,33,16.25
2026-05-14,P23,general,1,91,7.96
2026-05-14,P23,local,3,46,8.12
2026-05-14,P24,general,1,94,13.29
2026-05-14,P24,local,0,42,13.48
2026-05-14,P25,general,0,48,15.67
2026-05-14,P25,local,0,29,15.82
2026-05-15,P01,general,2,62,13.66
2026-05-15,P01,local,3,31,13.89
2026-05-15,P02,general,5,87,10.76
2026-05-15,P02,local,4,38,11.07
2026-05-15,P03,general,4,66,13.32
2026-05-15,P03,local,1,36,12.29
2026-05-15,P04,general,2,70,16.77
2026-05-15,P04,local,1,29,16.31
2026-05-15,P05,general,9,145,4.97
2026-05-15,P05,local,4,91,5.11
2026-05-15,P06,general,3,54,12.82
2026-05-15,P06,local,2,36,12.75
2026-05-15,P07,general,4,116,9.71
2026-05-15,P07,local,5,58,9.31
2026-05-15,P08,general,9,107,4.31
2026-05-15,P08,local,4,54,4.14
2026-05-15,P09,general,5,77,10.07
2026-05-15,P09,local,2,30,11.05
2026-05-15,P10,general,2,44,15.24
2026-05-15,P10,local,2,23,15.02
2026-05-15,P11,general,2,32,11.53
2026-05-15,P11,local,0,19,11.71
2026-05-15,P12,general,5,100,5.77
2026-05-15,P12,local,3,30,5.46
2026-05-15,P13,general,2,89,5.91
2026-05-15,P13,local,6,72,5.79
2026-05-15,P14,general,2,37,16.65
2026-05-15,P14,local,0,27,16.2
2026-05-15,P15,general,1,59,16.83
2026-05-15,P15,local,0,14,17.38
2026-05-15,P16,general,5,76,15.47
2026-05-15,P16,local,4,53,14.56
2026-05-15,P17,general,1,108,8.65
2026-05-15,P17,local,1,45,8.98
2026-05-15,P18,general,2,92,13.99
2026-05-15,P18,local,0,44,14.34
2026-05-15,P19,general,12,137,5.71
2026-05-15,P19,local,7,85,5.78
2026-05-15,P20,general,2,68,6.35
2026-05-15,P20,local,2,56,6.46
2026-05-15,P21,general,0,62,10.84
2026-05-15,P21,local,1,74,10.83
2026-05-15,P22,general,1,70,17.81
2026-05-15,P22,local,1,42,16.7
2026-05-15,P23,general,5,81,9.36
2026-05-15,P23,local,4,37,8.72
2026-05-15,P24,general,2,90,15.29
2026-05-15,P24,local,3,50,14.46
2026-05-15,P25,general,0,37,16.77
2026-05-15,P25,local,0,31,17.93
2026-05-16,P01,general,1,41,14.93
2026-05-16,P01,local,2,27,14.05
2026-05-16,P02,general,1,67,10.99
2026-05-16,P02,local,2,26,11.49
2026-05-16,P03,general,2,60,13
2026-05-16,P03,local,1,31,13.52
2026-05-16,P04,general,2,80,17.45
2026-05-16,P04,local,0,34,17.08
2026-05-16,P05,general,9,109,5.05
2026-05-16,P05,local,6,60,4.97
2026-05-16,P06,general,1,43,13.31
2026-05-16,P06,local,2,20,12.24
2026-05-16,P07,general,7,101,10.6
2026-05-16,P07,local,0,45,10.95
2026-05-16,P08,general,4,89,4
2026-05-16,P08,local,2,37,4.13
2026-05-16,P09,general,1,72,10.27
2026-05-16,P09,local,2,26,9.83
2026-05-16,P10,general,1,51,14.29
2026-05-16,P10,local,0,19,14.38
2026-05-16,P11,general,0,21,14.76
2026-05-16,P11,local,2,21,13.63
2026-05-16,P12,general,2,40,6.02
2026-05-16,P12,local,2,24,5.98
2026-05-16,P13,general,4,57,6.56
2026-05-16,P13,local,2,39,6.6
2026-05-16,P14,general,2,33,17.53
2026-05-16,P14,local,1,23,17.59
2026-05-16,P15,general,0,34,21.3
2026-05-16,P15,local,0,20,21.1
2026-05-16,P16,general,2,74,13.52
2026-05-16,P16,local,2,44,13.85
2026-05-16,P17,general,3,84,8.39
2026-05-16,P17,local,3,47,9.08
2026-05-16,P18,general,0,55,14.54
2026-05-16,P18,local,0,32,13.97
2026-05-16,P19,general,7,94,6.35
2026-05-16,P19,local,0,62,6.14
2026-05-16,P20,general,1,43,7.81
2026-05-16,P20,local,1,33,7.21
2026-05-16,P21,general,2,59,10.52
2026-05-16,P21,local,2,48,10.68
2026-05-16,P22,general,1,55,17.57
2026-05-16,P22,local,0,25,18.21
2026-05-16,P23,general,0,60,8.4
2026-05-16,P23,local,0,21,8.71
2026-05-16,P24,general,1,67,13.97
2026-05-16,P24,local,0,35,14.22
2026-05-16,P25,general,0,30,18.43
2026-05-16,P25,local,0,23,16.31
2026-05-17,P01,general,1,69,14.91
2026-05-17,P01,local,1,25,14.95
2026-05-17,P02,general,2,72,9.9
2026-05-17,P02,local,2,38,9.96
2026-05-17,P03,general,2,61,14.01
2026-05-17,P03,local,1,27,13.94
2026-05-17,P04,general,0,68,15.62
2026-05-17,P04,local,1,39,16.28
2026-05-17,P05,general,7,105,4.83
2026-05-17,P05,local,3,98,4.73
2026-05-17,P06,general,1,29,12.01
2026-05-17,P06,local,2,24,11.13
2026-05-17,P07,general,5,118,8.89
2026-05-17,P07,local,3,36,9.35
2026-05-17,P08,general,8,85,4.35
2026-05-17,P08,local,0,33,4.45
2026-05-17,P09,general,1,53,12.41
2026-05-17,P09,local,0,13,12.46
2026-05-17,P10,general,1,49,13.48
2026-05-17,P10,local,1,21,13.71
2026-05-17,P11,general,1,28,10.65
2026-05-17,P11,local,0,14,10.43
2026-05-17,P12,general,2,45,6.18
2026-05-17,P12,local,2,22,5.69
2026-05-17,P13,general,3,48,5.83
2026-05-17,P13,local,3,48,5.85
2026-05-17,P14,general,1,38,19.62
2026-05-17,P14,local,0,27,19.65
2026-05-17,P15,general,1,38,19.73
2026-05-17,P15,local,1,21,17.68
2026-05-17,P16,general,3,53,14.69
2026-05-17,P16,local,1,49,14.34
2026-05-17,P17,general,2,75,9.06
2026-05-17,P17,local,3,40,8.67
2026-05-17,P18,general,1,54,16.93
2026-05-17,P18,local,1,45,16.01
2026-05-17,P19,general,9,95,5.89
2026-05-17,P19,local,3,69,5.45
2026-05-17,P20,general,4,53,7.49
2026-05-17,P20,local,2,27,7.19
2026-05-17,P21,general,5,79,9.72
2026-05-17,P21,local,3,60,9.49
2026-05-17,P22,general,1,66,17.13
2026-05-17,P22,local,0,19,17.26
2026-05-17,P23,general,2,76,8.17
2026-05-17,P23,local,0,23,8.45
2026-05-17,P24,general,1,59,14.47
2026-05-17,P24,local,0,25,13.56
2026-05-17,P25,general,1,28,18.14
2026-05-17,P25,local,2,22,17.4
2026-05-18,P01,general,1,60,14.6
2026-05-18,P01,local,0,36,14.45
2026-05-18,P02,general,1,61,12.03
2026-05-18,P02,local,0,44,12.7
2026-05-18,P03,general,3,83,14.79
2026-05-18,P03,local,0,52,15.31
2026-05-18,P04,general,0,87,16.84
2026-05-18,P04,local,0,58,16.36
2026-05-18,P05,general,10,139,4.79
2026-05-18,P05,local,5,98,4.75
2026-05-18,P06,general,1,43,14.92
2026-05-18,P06,local,0,23,15.59
2026-05-18,P07,general,7,135,10.07
2026-05-18,P07,local,0,50,10.05
2026-05-18,P08,general,9,105,4.65
2026-05-18,P08,local,8,50,4.47
2026-05-18,P09,general,6,97,9.37
2026-05-18,P09,local,2,30,9.24
2026-05-18,P10,general,2,71,13.55
2026-05-18,P10,local,1,27,12.71
2026-05-18,P11,general,1,30,14.4
2026-05-18,P11,local,0,32,14.14
2026-05-18,P12,general,6,73,6.13
2026-05-18,P12,local,1,33,6.53
2026-05-18,P13,general,1,68,6.6
2026-05-18,P13,local,0,60,6.75
2026-05-18,P14,general,1,45,15.4
2026-05-18,P14,local,1,36,15.78
2026-05-18,P15,general,0,50,21.14
2026-05-18,P15,local,0,22,20.72
2026-05-18,P16,general,2,93,14.37
2026-05-18,P16,local,1,53,15.03
2026-05-18,P17,general,3,109,9.43
2026-05-18,P17,local,1,49,9.61
2026-05-18,P18,general,3,74,14.55
2026-05-18,P18,local,0,49,14.2
2026-05-18,P19,general,6,146,5.48
2026-05-18,P19,local,6,84,5.59
2026-05-18,P20,general,3,59,7.33
2026-05-18,P20,local,4,51,6.68
2026-05-18,P21,general,7,101,9.83
2026-05-18,P21,local,4,72,9.61
2026-05-18,P22,general,3,65,15.15
2026-05-18,P22,local,1,49,15.43
2026-05-18,P23,general,5,91,8.56
2026-05-18,P23,local,3,41,8.74
2026-05-18,P24,general,2,91,13.76
2026-05-18,P24,local,2,45,14.19
2026-05-18,P25,general,1,47,17.12
2026-05-18,P25,local,1,32,17.55
2026-05-19,P01,general,2,61,12.86
2026-05-19,P01,local,2,27,13.35
2026-05-19,P02,general,2,82,11.25
2026-05-19,P02,local,0,44,11.34
2026-05-19,P03,general,2,74,13.53
2026-05-19,P03,local,1,51,13.72
2026-05-19,P04,general,0,63,18.28
2026-05-19,P04,local,1,58,18.91
2026-05-19,P05,general,9,140,5.26
2026-05-19,P05,local,3,106,4.75
2026-05-19,P06,general,1,39,14.29
2026-05-19,P06,local,1,34,13.95
2026-05-19,P07,general,4,156,9.19
2026-05-19,P07,local,3,71,9.65
2026-05-19,P08,general,15,114,3.85
2026-05-19,P08,local,4,44,3.94
2026-05-19,P09,general,3,97,10.92
2026-05-19,P09,local,0,26,10.45
2026-05-19,P10,general,2,73,13.4
2026-05-19,P10,local,1,23,13.85
2026-05-19,P11,general,2,26,13.78
2026-05-19,P11,local,0,22,13.29
2026-05-19,P12,general,2,60,6.83
2026-05-19,P12,local,3,28,6.68
2026-05-19,P13,general,5,74,6.09
2026-05-19,P13,local,6,54,5.93
2026-05-19,P14,general,1,53,19.34
2026-05-19,P14,local,0,31,19.22
2026-05-19,P15,general,0,52,19.51
2026-05-19,P15,local,1,14,18.54
2026-05-19,P16,general,4,79,14.5
2026-05-19,P16,local,1,62,14.82
2026-05-19,P17,general,3,116,7.59
2026-05-19,P17,local,1,44,7.76
2026-05-19,P18,general,3,83,15.3
2026-05-19,P18,local,0,32,14.91
2026-05-19,P19,general,7,150,5.61
2026-05-19,P19,local,5,88,5.12
2026-05-19,P20,general,1,67,6.92
2026-05-19,P20,local,4,54,7.38
2026-05-19,P21,general,5,106,11.36
2026-05-19,P21,local,0,66,10.84
2026-05-19,P22,general,1,78,14.37
2026-05-19,P22,local,1,41,15.31
2026-05-19,P23,general,3,112,7.59
2026-05-19,P23,local,6,42,7.46
2026-05-19,P24,general,0,85,14.25
2026-05-19,P24,local,0,41,13.84
2026-05-19,P25,general,1,52,16.27
2026-05-19,P25,local,1,31,16.83
2026-05-20,P01,general,1,67,13.23
2026-05-20,P01,local,1,39,13.08
2026-05-20,P02,general,0,86,10.66
2026-05-20,P02,local,1,44,11.42
2026-05-20,P03,general,2,84,15.36
2026-05-20,P03,local,2,48,14.73
2026-05-20,P04,general,3,69,16.99
2026-05-20,P04,local,1,44,16.97
2026-05-20,P05,general,13,131,4.93
2026-05-20,P05,local,7,114,5.09
2026-05-20,P06,general,0,35,14.26
2026-05-20,P06,local,0,36,14.12
2026-05-20,P07,general,3,143,10.81
2026-05-20,P07,local,1,24,10.02
2026-05-20,P08,general,8,110,4.42
2026-05-20,P08,local,3,32,4.42
2026-05-20,P09,general,3,91,10.72
2026-05-20,P09,local,0,25,9.95
2026-05-20,P10,general,0,55,14.45
2026-05-20,P10,local,0,22,15.29
2026-05-20,P11,general,1,31,10.81
2026-05-20,P11,local,1,14,10.37
2026-05-20,P12,general,3,83,6.63
2026-05-20,P12,local,2,22,7.04
2026-05-20,P13,general,2,64,6.26
2026-05-20,P13,local,4,61,6.57
2026-05-20,P14,general,1,61,18.01
2026-05-20,P14,local,2,25,17.57
2026-05-20,P15,general,2,51,18.47
2026-05-20,P15,local,1,15,19.33
2026-05-20,P16,general,5,95,13.08
2026-05-20,P16,local,3,64,12.98
2026-05-20,P17,general,4,114,8.14
2026-05-20,P17,local,2,47,8.51
2026-05-20,P18,general,3,85,15.35
2026-05-20,P18,local,0,37,14.92
2026-05-20,P19,general,5,113,5.74
2026-05-20,P19,local,4,88,5.66
2026-05-20,P20,general,5,80,6.35
2026-05-20,P20,local,2,53,6.61
2026-05-20,P21,general,4,88,10.37
2026-05-20,P21,local,0,70,10.71
2026-05-20,P22,general,1,77,14.22
2026-05-20,P22,local,1,36,15.39
2026-05-20,P23,general,4,95,7.87
2026-05-20,P23,local,1,44,8.11
2026-05-20,P24,general,2,93,14.63
2026-05-20,P24,local,3,44,14.24
2026-05-20,P25,general,0,45,15.61
2026-05-20,P25,local,0,34,14.68
2026-05-21,P01,general,2,68,14.44
2026-05-21,P01,local,1,36,13.81
2026-05-21,P02,general,0,76,12.53
2026-05-21,P02,local,1,36,12.22
2026-05-21,P03,general,4,87,14.88
2026-05-21,P03,local,0,48,13.93
2026-05-21,P04,general,6,68,17.63
2026-05-21,P04,local,2,51,18.1
2026-05-21,P05,general,8,159,5.28
2026-05-21,P05,local,3,94,5.06
2026-05-21,P06,general,1,44,12.47
2026-05-21,P06,local,1,33,12.96
2026-05-21,P07,general,6,139,9.97
2026-05-21,P07,local,1,50,9.83
2026-05-21,P08,general,13,120,4.4
2026-05-21,P08,local,5,48,4.16
2026-05-21,P09,general,2,78,10.6
2026-05-21,P09,local,1,36,10.7
2026-05-21,P10,general,0,63,14.67
2026-05-21,P10,local,0,29,15.91
2026-05-21,P11,general,1,27,11.62
2026-05-21,P11,local,3,32,11.74
2026-05-21,P12,general,2,67,6.34
2026-05-21,P12,local,2,29,6.22
2026-05-21,P13,general,4,84,6.07
2026-05-21,P13,local,4,66,6.15
2026-05-21,P14,general,2,51,18.75
2026-05-21,P14,local,2,30,17.49
2026-05-21,P15,general,2,49,18.17
2026-05-21,P15,local,0,25,19.27
2026-05-21,P16,general,2,107,13.73
2026-05-21,P16,local,1,68,14.02
2026-05-21,P17,general,3,111,9.87
2026-05-21,P17,local,2,49,9.32
2026-05-21,P18,general,0,68,15.35
2026-05-21,P18,local,2,33,15.69
2026-05-21,P19,general,11,170,5.44
2026-05-21,P19,local,8,85,5.6
2026-05-21,P20,general,7,71,6.31
2026-05-21,P20,local,2,42,6.51
2026-05-21,P21,general,2,88,9.93
2026-05-21,P21,local,3,81,9.68
2026-05-21,P22,general,3,95,16.84
2026-05-21,P22,local,3,46,17.01
2026-05-21,P23,general,1,109,8.3
2026-05-21,P23,local,1,42,8.8
2026-05-21,P24,general,2,96,13.87
2026-05-21,P24,local,4,45,13.1
2026-05-21,P25,general,0,34,16.59
2026-05-21,P25,local,1,36,16.66
2026-05-22,P01,general,3,64,14.32
2026-05-22,P01,local,0,33,13.38
2026-05-22,P02,general,1,62,11.88
2026-05-22,P02,local,3,43,11.03
2026-05-22,P03,general,2,92,13.19
2026-05-22,P03,local,1,46,12.64
2026-05-22,P04,general,2,79,15.73
2026-05-22,P04,local,0,45,15.57
2026-05-22,P05,general,7,131,5.24
2026-05-22,P05,local,4,112,5.24
2026-05-22,P06,general,2,44,13.4
2026-05-22,P06,local,2,22,13.1
2026-05-22,P07,general,4,127,9.69
2026-05-22,P07,local,1,47,9.33
2026-05-22,P08,general,10,116,4.27
2026-05-22,P08,local,5,41,4.64
2026-05-22,P09,general,0,77,10.54
2026-05-22,P09,local,2,24,10.72
2026-05-22,P10,general,1,63,12.56
2026-05-22,P10,local,2,24,12.87
2026-05-22,P11,general,0,28,12.61
2026-05-22,P11,local,0,23,12.37
2026-05-22,P12,general,6,56,6.56
2026-05-22,P12,local,0,26,6.21
2026-05-22,P13,general,3,72,6.08
2026-05-22,P13,local,3,65,5.67
2026-05-22,P14,general,0,42,18
2026-05-22,P14,local,1,36,17.7
2026-05-22,P15,general,0,47,17.93
2026-05-22,P15,local,1,20,18.88
2026-05-22,P16,general,3,99,15.92
2026-05-22,P16,local,2,82,14.52
2026-05-22,P17,general,3,95,9.47
2026-05-22,P17,local,0,44,9.3
2026-05-22,P18,general,4,72,14.6
2026-05-22,P18,local,2,42,14.72
2026-05-22,P19,general,9,125,6.5
2026-05-22,P19,local,2,72,6.51
2026-05-22,P20,general,4,53,7.11
2026-05-22,P20,local,4,41,6.89
2026-05-22,P21,general,4,85,9.74
2026-05-22,P21,local,3,73,9.78
2026-05-22,P22,general,1,69,15.82
2026-05-22,P22,local,1,38,16.21
2026-05-22,P23,general,2,88,7.12
2026-05-22,P23,local,1,43,7.37
2026-05-22,P24,general,1,89,14.38
2026-05-22,P24,local,2,39,14.77
2026-05-22,P25,general,1,34,18.63
2026-05-22,P25,local,0,29,19.24
2026-05-23,P01,general,0,44,14.29
2026-05-23,P01,local,0,26,14.39
2026-05-23,P02,general,2,59,10.75
2026-05-23,P02,local,1,33,11.48
2026-05-23,P03,general,3,51,13.34
2026-05-23,P03,local,0,42,12.56
2026-05-23,P04,general,0,60,16.88
2026-05-23,P04,local,3,37,17.18
2026-05-23,P05,general,7,104,4.89
2026-05-23,P05,local,7,80,4.85
2026-05-23,P06,general,2,31,13.5
2026-05-23,P06,local,2,24,13.08
2026-05-23,P07,general,6,87,10.33
2026-05-23,P07,local,0,42,10.88
2026-05-23,P08,general,4,83,4.47
2026-05-23,P08,local,1,20,4.52
2026-05-23,P09,general,1,61,9.79
2026-05-23,P09,local,1,28,10.11
2026-05-23,P10,general,2,40,14.46
2026-05-23,P10,local,0,21,13.76
2026-05-23,P11,general,1,27,13.07
2026-05-23,P11,local,0,27,12.49
2026-05-23,P12,general,1,53,6.3
2026-05-23,P12,local,1,28,6.55
2026-05-23,P13,general,5,42,6.24
2026-05-23,P13,local,2,51,6.47
2026-05-23,P14,general,1,40,18.9
2026-05-23,P14,local,1,28,16.92
2026-05-23,P15,general,2,30,19.88
2026-05-23,P15,local,0,18,18.93
2026-05-23,P16,general,2,73,15.05
2026-05-23,P16,local,0,53,14.48
2026-05-23,P17,general,5,81,8.63
2026-05-23,P17,local,3,39,8.25
2026-05-23,P18,general,1,60,13.86
2026-05-23,P18,local,1,38,13.7
2026-05-23,P19,general,3,100,5.45
2026-05-23,P19,local,4,53,5.61
2026-05-23,P20,general,0,36,7.3
2026-05-23,P20,local,4,46,6.98
2026-05-23,P21,general,0,78,10.2
2026-05-23,P21,local,3,47,10.26
2026-05-23,P22,general,0,47,16.33
2026-05-23,P22,local,0,27,16.82
2026-05-23,P23,general,3,79,8.15
2026-05-23,P23,local,1,27,8.42
2026-05-23,P24,general,0,65,13.31
2026-05-23,P24,local,1,32,13.39
2026-05-23,P25,general,1,38,15.85
2026-05-23,P25,local,1,23,15.55
2026-05-24,P01,general,3,57,14.22
2026-05-24,P01,local,1,21,13.51
2026-05-24,P02,general,0,46,11.83
2026-05-24,P02,local,0,34,12.23
2026-05-24,P03,general,2,57,13.29
2026-05-24,P03,local,1,36,13.71
2026-05-24,P04,general,1,66,15.36
2026-05-24,P04,local,0,43,14.98
2026-05-24,P05,general,2,90,4.95
2026-05-24,P05,local,10,87,4.9
2026-05-24,P06,general,0,34,13.3
2026-05-24,P06,local,0,12,13.31
2026-05-24,P07,general,5,91,9.68
2026-05-24,P07,local,2,49,9.74
2026-05-24,P08,general,7,87,4.3
2026-05-24,P08,local,4,28,4.55
2026-05-24,P09,general,2,60,10.03
2026-05-24,P09,local,2,19,10.05
2026-05-24,P10,general,0,46,15.21
2026-05-24,P10,local,0,16,14.42
2026-05-24,P11,general,1,22,11.86
2026-05-24,P11,local,0,23,12.7
2026-05-24,P12,general,2,54,6.18
2026-05-24,P12,local,2,27,6.51
2026-05-24,P13,general,4,68,6.17
2026-05-24,P13,local,4,45,6.46
2026-05-24,P14,general,0,30,18.54
2026-05-24,P14,local,1,14,19.02
2026-05-24,P15,general,0,30,18.64
2026-05-24,P15,local,1,14,18.57
2026-05-24,P16,general,2,74,15.44
2026-05-24,P16,local,2,48,14.71
2026-05-24,P17,general,2,84,8.21
2026-05-24,P17,local,0,36,8.58
2026-05-24,P18,general,1,36,17.05
2026-05-24,P18,local,1,36,15.95
2026-05-24,P19,general,5,99,5.9
2026-05-24,P19,local,3,58,5.98
2026-05-24,P20,general,5,68,6.04
2026-05-24,P20,local,3,38,6.08
2026-05-24,P21,general,1,69,9.83
2026-05-24,P21,local,0,68,9.98
2026-05-24,P22,general,1,38,16.25
2026-05-24,P22,local,0,25,16.78
2026-05-24,P23,general,1,71,8.56
2026-05-24,P23,local,1,29,8.54
2026-05-24,P24,general,2,74,12.87
2026-05-24,P24,local,0,29,13.35
2026-05-24,P25,general,1,34,16.32
2026-05-24,P25,local,1,29,16.71
2026-05-25,P01,general,2,58,14.04
2026-05-25,P01,local,0,34,13.58
2026-05-25,P02,general,6,70,10.53
2026-05-25,P02,local,1,43,9.95
2026-05-25,P03,general,1,68,14.64
2026-05-25,P03,local,2,33,14.46
2026-05-25,P04,general,3,79,17.33
2026-05-25,P04,local,1,34,18.82
2026-05-25,P05,general,15,140,4.88
2026-05-25,P05,local,5,91,4.79
2026-05-25,P06,general,0,38,12.71
2026-05-25,P06,local,2,25,12.79
2026-05-25,P07,general,5,141,9.97
2026-05-25,P07,local,0,52,9.73
2026-05-25,P08,general,8,126,4.12
2026-05-25,P08,local,2,40,4.33
2026-05-25,P09,general,0,84,10.07
2026-05-25,P09,local,2,38,10.32
2026-05-25,P10,general,2,68,13.44
2026-05-25,P10,local,1,22,13.96
2026-05-25,P11,general,0,38,11.78
2026-05-25,P11,local,0,25,12.06
2026-05-25,P12,general,1,75,6.01
2026-05-25,P12,local,1,37,6.01
2026-05-25,P13,general,5,87,5.79
2026-05-25,P13,local,6,59,5.66
2026-05-25,P14,general,0,45,18.64
2026-05-25,P14,local,2,30,18.27
2026-05-25,P15,general,2,48,17.64
2026-05-25,P15,local,1,21,17.3
2026-05-25,P16,general,2,95,14.7
2026-05-25,P16,local,2,54,14.58
2026-05-25,P17,general,7,94,8.3
2026-05-25,P17,local,1,47,8.77
2026-05-25,P18,general,3,79,14.97
2026-05-25,P18,local,1,44,13.78
2026-05-25,P19,general,9,136,5.86
2026-05-25,P19,local,6,70,6.17
2026-05-25,P20,general,6,67,6.44
2026-05-25,P20,local,2,55,6.61
2026-05-25,P21,general,3,83,10.41
2026-05-25,P21,local,3,64,10.29
2026-05-25,P22,general,1,71,17.12
2026-05-25,P22,local,1,33,17.06
2026-05-25,P23,general,4,102,7.93
2026-05-25,P23,local,1,40,8.46
2026-05-25,P24,general,3,99,13.78
2026-05-25,P24,local,0,41,13.72
2026-05-25,P25,general,0,47,15.54
2026-05-25,P25,local,1,19,16.43
2026-05-26,P01,general,0,58,13.09
2026-05-26,P01,local,0,38,12.64
2026-05-26,P02,general,1,88,12.3
2026-05-26,P02,local,2,46,11.29
2026-05-26,P03,general,3,67,13.72
2026-05-26,P03,local,0,41,14.06
2026-05-26,P04,general,4,96,15.5
2026-05-26,P04,local,2,61,15.26
2026-05-26,P05,general,11,141,4.91
2026-05-26,P05,local,8,98,4.79
2026-05-26,P06,general,1,48,12.28
2026-05-26,P06,local,2,35,12.9
2026-05-26,P07,general,7,144,9.65
2026-05-26,P07,local,0,51,10.38
2026-05-26,P08,general,10,124,4.3
2026-05-26,P08,local,1,44,4.38
2026-05-26,P09,general,0,55,10.42
2026-05-26,P09,local,2,23,10.68
2026-05-26,P10,general,1,55,13.03
2026-05-26,P10,local,2,32,13.46
2026-05-26,P11,general,0,37,12.43
2026-05-26,P11,local,0,20,12.28
2026-05-26,P12,general,5,81,6.26
2026-05-26,P12,local,1,38,6.29
2026-05-26,P13,general,5,99,5.77
2026-05-26,P13,local,5,66,5.8
2026-05-26,P14,general,0,60,18.35
2026-05-26,P14,local,0,29,16.93
2026-05-26,P15,general,0,42,18.18
2026-05-26,P15,local,0,26,18.6
2026-05-26,P16,general,2,90,14.7
2026-05-26,P16,local,0,56,14.62
2026-05-26,P17,general,3,98,8.93
2026-05-26,P17,local,1,53,9.46
2026-05-26,P18,general,1,77,14.08
2026-05-26,P18,local,1,39,15.26
2026-05-26,P19,general,11,140,5.46
2026-05-26,P19,local,4,62,5.46
2026-05-26,P20,general,1,71,7.93
2026-05-26,P20,local,1,44,7.65
2026-05-26,P21,general,4,80,9.8
2026-05-26,P21,local,3,74,10.39
2026-05-26,P22,general,3,62,17.11
2026-05-26,P22,local,0,26,18.3
2026-05-26,P23,general,6,94,8.66
2026-05-26,P23,local,1,41,8.43
2026-05-26,P24,general,2,86,13.54
2026-05-26,P24,local,0,42,13.65
2026-05-26,P25,general,0,47,16.87
2026-05-26,P25,local,1,26,17.41
2026-05-27,P01,general,0,54,15.41
2026-05-27,P01,local,2,48,15.33
2026-05-27,P02,general,1,67,11.38
2026-05-27,P02,local,2,38,12.32
2026-05-27,P03,general,0,61,13.48
2026-05-27,P03,local,1,39,13.58
2026-05-27,P04,general,2,81,16.69
2026-05-27,P04,local,1,38,16.63
2026-05-27,P05,general,9,134,5.1
2026-05-27,P05,local,7,108,5.1
2026-05-27,P06,general,2,41,11.92
2026-05-27,P06,local,2,35,12.39
2026-05-27,P07,general,1,137,9.39
2026-05-27,P07,local,2,48,9.98
2026-05-27,P08,general,6,117,4.47
2026-05-27,P08,local,6,48,4.22
2026-05-27,P09,general,2,77,9.67
2026-05-27,P09,local,2,26,9.46
2026-05-27,P10,general,1,54,14.4
2026-05-27,P10,local,1,27,14.14
2026-05-27,P11,general,0,35,12.82
2026-05-27,P11,local,1,24,12.9
2026-05-27,P12,general,4,75,6.78
2026-05-27,P12,local,2,38,6.34
2026-05-27,P13,general,4,59,6.04
2026-05-27,P13,local,4,59,5.51
2026-05-27,P14,general,2,54,18.52
2026-05-27,P14,local,0,29,18.97
2026-05-27,P15,general,2,45,21
2026-05-27,P15,local,1,22,19.5
2026-05-27,P16,general,2,113,14.34
2026-05-27,P16,local,2,62,15.17
2026-05-27,P17,general,10,96,7.97
2026-05-27,P17,local,4,57,8.14
2026-05-27,P18,general,2,77,14.71
2026-05-27,P18,local,0,37,15.08
2026-05-27,P19,general,8,155,5.56
2026-05-27,P19,local,2,75,5.54
2026-05-27,P20,general,3,65,7.17
2026-05-27,P20,local,1,54,7.3
2026-05-27,P21,general,3,102,9.63
2026-05-27,P21,local,3,82,9.2
2026-05-27,P22,general,1,71,16.66
2026-05-27,P22,local,1,36,17.1
2026-05-27,P23,general,1,79,9.82
2026-05-27,P23,local,2,34,9.62
2026-05-27,P24,general,2,85,13.62
2026-05-27,P24,local,1,45,12.75
2026-05-27,P25,general,0,28,15.98
2026-05-27,P25,local,1,22,16.83
2026-05-28,P01,general,3,69,13.41
2026-05-28,P01,local,1,44,12.95
2026-05-28,P02,general,1,83,10.91
2026-05-28,P02,local,2,43,10.53
2026-05-28,P03,general,4,62,12.81
2026-05-28,P03,local,1,49,13.99
2026-05-28,P04,general,1,88,15.73
2026-05-28,P04,local,1,37,15.27
2026-05-28,P05,general,9,141,4.94
2026-05-28,P05,local,8,126,4.99
2026-05-28,P06,general,2,46,13.15
2026-05-28,P06,local,0,30,13.97
2026-05-28,P07,general,7,141,10.35
2026-05-28,P07,local,2,46,10.58
2026-05-28,P08,general,9,123,4.29
2026-05-28,P08,local,4,42,4.12
2026-05-28,P09,general,0,65,9.7
2026-05-28,P09,local,1,21,9.67
2026-05-28,P10,general,3,66,14.58
2026-05-28,P10,local,0,14,15.45
2026-05-28,P11,general,1,30,12.37
2026-05-28,P11,local,1,23,12.99
2026-05-28,P12,general,7,84,5.7
2026-05-28,P12,local,2,29,5.52
2026-05-28,P13,general,3,74,5.91
2026-05-28,P13,local,1,63,5.9
2026-05-28,P14,general,1,63,17.14
2026-05-28,P14,local,1,22,17.9
2026-05-28,P15,general,0,44,18.34
2026-05-28,P15,local,1,10,18.36
2026-05-28,P16,general,2,95,15.09
2026-05-28,P16,local,0,43,14.8
2026-05-28,P17,general,5,87,8.78
2026-05-28,P17,local,2,47,8.97
2026-05-28,P18,general,1,77,14.33
2026-05-28,P18,local,3,46,15.17
2026-05-28,P19,general,9,148,5.18
2026-05-28,P19,local,8,85,5.39
2026-05-28,P20,general,3,65,7.3
2026-05-28,P20,local,5,44,6.81
2026-05-28,P21,general,2,94,10.34
2026-05-28,P21,local,2,79,10.14
2026-05-28,P22,general,1,66,17.32
2026-05-28,P22,local,0,34,17.76
2026-05-28,P23,general,8,92,8.03
2026-05-28,P23,local,0,39,8.2
2026-05-28,P24,general,3,80,12.85
2026-05-28,P24,local,0,41,13.92
2026-05-28,P25,general,1,53,15.84
2026-05-28,P25,local,0,36,15.97
2026-05-29,P01,general,1,55,13.7
2026-05-29,P01,local,2,44,14.14
2026-05-29,P02,general,1,81,11.28
2026-05-29,P02,local,2,46,11.4
2026-05-29,P03,general,5,91,13.79
2026-05-29,P03,local,3,44,13.82
2026-05-29,P04,general,2,61,17.13
2026-05-29,P04,local,0,48,16.75
2026-05-29,P05,general,8,114,5.23
2026-05-29,P05,local,6,96,5.41
2026-05-29,P06,general,3,32,12.37
2026-05-29,P06,local,1,26,12.25
2026-05-29,P07,general,4,151,10.98
2026-05-29,P07,local,1,46,11.08
2026-05-29,P08,general,13,93,4.43
2026-05-29,P08,local,7,46,4.36
2026-05-29,P09,general,1,86,10.09
2026-05-29,P09,local,1,26,10.15
2026-05-29,P10,general,2,68,14.27
2026-05-29,P10,local,0,21,13.75
2026-05-29,P11,general,0,36,12.01
2026-05-29,P11,local,0,33,13.14
2026-05-29,P12,general,4,63,6.39
2026-05-29,P12,local,1,41,6.38
2026-05-29,P13,general,8,80,5.76
2026-05-29,P13,local,6,85,5.77
2026-05-29,P14,general,1,53,16.4
2026-05-29,P14,local,0,19,15.8
2026-05-29,P15,general,3,58,19.88
2026-05-29,P15,local,2,22,18.92
2026-05-29,P16,general,3,76,13.21
2026-05-29,P16,local,0,66,13.9
2026-05-29,P17,general,2,115,9.58
2026-05-29,P17,local,4,59,9.3
2026-05-29,P18,general,0,70,14.44
2026-05-29,P18,local,2,39,13.72
2026-05-29,P19,general,8,121,5.82
2026-05-29,P19,local,12,101,5.76
2026-05-29,P20,general,3,55,7.19
2026-05-29,P20,local,0,44,6.92
2026-05-29,P21,general,4,102,9.84
2026-05-29,P21,local,4,78,9.93
2026-05-29,P22,general,3,78,15.41
2026-05-29,P22,local,1,33,15.55
2026-05-29,P23,general,5,87,8.34
2026-05-29,P23,local,4,48,8.54
2026-05-29,P24,general,2,108,13.67
2026-05-29,P24,local,2,47,13.02
2026-05-29,P25,general,2,46,15.38
2026-05-29,P25,local,0,33,15.73
2026-05-30,P01,general,0,49,14.69
2026-05-30,P01,local,1,31,14.32
2026-05-30,P02,general,4,58,11.11
2026-05-30,P02,local,0,29,11.24
2026-05-30,P03,general,3,55,13.85
2026-05-30,P03,local,1,21,13.91
2026-05-30,P04,general,0,70,15.36
2026-05-30,P04,local,1,30,16.22
2026-05-30,P05,general,11,127,5.08
2026-05-30,P05,local,5,76,4.93
2026-05-30,P06,general,0,34,12.78
2026-05-30,P06,local,1,26,12.73
2026-05-30,P07,general,5,113,9.96
2026-05-30,P07,local,0,36,9.92
2026-05-30,P08,general,3,85,4.54
2026-05-30,P08,local,1,21,4.33
2026-05-30,P09,general,6,61,9.33
2026-05-30,P09,local,1,31,9.21
2026-05-30,P10,general,1,42,14.17
2026-05-30,P10,local,1,12,14.79
2026-05-30,P11,general,1,23,12.3
2026-05-30,P11,local,0,23,12.08
2026-05-30,P12,general,1,49,6.79
2026-05-30,P12,local,3,23,6.78
2026-05-30,P13,general,0,66,6.08
2026-05-30,P13,local,4,49,6.02
2026-05-30,P14,general,0,27,18.54
2026-05-30,P14,local,1,19,17.77
2026-05-30,P15,general,1,48,17.74
2026-05-30,P15,local,2,18,18.15
2026-05-30,P16,general,3,58,14.41
2026-05-30,P16,local,2,43,15
2026-05-30,P17,general,2,86,9.1
2026-05-30,P17,local,1,37,9.35
2026-05-30,P18,general,2,60,14.63
2026-05-30,P18,local,1,35,15.55
2026-05-30,P19,general,4,110,6.04
2026-05-30,P19,local,4,52,6.1
2026-05-30,P20,general,3,51,7.06
2026-05-30,P20,local,1,35,7.03
2026-05-30,P21,general,1,72,10.86
2026-05-30,P21,local,3,64,10.33
2026-05-30,P22,general,3,62,16.54
2026-05-30,P22,local,1,29,15.91
2026-05-30,P23,general,2,75,9.94
2026-05-30,P23,local,0,32,9.71
2026-05-30,P24,general,3,68,13.94
2026-05-30,P24,local,1,36,13.55
2026-05-30,P25,general,0,26,16.04
2026-05-30,P25,local,2,33,15.34
2026-05-31,P01,general,3,46,15.12
2026-05-31,P01,local,1,22,15.27
2026-05-31,P02,general,1,59,11.46
2026-05-31,P02,local,1,27,11.92
2026-05-31,P03,general,0,43,13.87
2026-05-31,P03,local,0,30,14.04
2026-05-31,P04,general,3,54,18.4
2026-05-31,P04,local,1,47,17.83
2026-05-31,P05,general,7,106,4.4
2026-05-31,P05,local,6,72,4.54
2026-05-31,P06,general,1,34,12.51
2026-05-31,P06,local,1,22,12.6
2026-05-31,P07,general,6,114,10.77
2026-05-31,P07,local,1,40,10.45
2026-05-31,P08,general,4,82,4.22
2026-05-31,P08,local,1,28,4.45
2026-05-31,P09,general,0,50,10.44
2026-05-31,P09,local,0,27,10.27
2026-05-31,P10,general,1,35,15.38
2026-05-31,P10,local,1,14,15.9
2026-05-31,P11,general,0,19,12.21
2026-05-31,P11,local,0,22,12.84
2026-05-31,P12,general,3,64,6.16
2026-05-31,P12,local,0,25,6.18
2026-05-31,P13,general,6,71,5.28
2026-05-31,P13,local,2,48,5.35
2026-05-31,P14,general,0,32,16.61
2026-05-31,P14,local,2,28,17.71
2026-05-31,P15,general,3,38,19.81
2026-05-31,P15,local,0,13,19.12
2026-05-31,P16,general,1,73,14.64
2026-05-31,P16,local,2,42,15
2026-05-31,P17,general,5,87,9.22
2026-05-31,P17,local,1,28,9.2
2026-05-31,P18,general,0,57,15.29
2026-05-31,P18,local,1,42,15.73
2026-05-31,P19,general,7,99,5.75
2026-05-31,P19,local,1,47,5.98
2026-05-31,P20,general,3,51,7.2
2026-05-31,P20,local,4,37,7.33
2026-05-31,P21,general,3,68,9.53
2026-05-31,P21,local,3,47,9.96
2026-05-31,P22,general,3,55,15.38
2026-05-31,P22,local,0,27,15.71
2026-05-31,P23,general,4,68,10.01
2026-05-31,P23,local,2,31,9.29
2026-05-31,P24,general,2,69,13.93
2026-05-31,P24,local,2,37,13.97
2026-05-31,P25,general,0,27,17.74
2026-05-31,P25,local,1,30,17.82
2026-06-01,P01,general,2,63,12.67
2026-06-01,P01,local,0,38,12.11
2026-06-01,P02,general,2,73,10.68
2026-06-01,P02,local,0,38,10.82
2026-06-01,P03,general,0,78,12.7
2026-06-01,P03,local,0,66,13.18
2026-06-01,P04,general,0,73,19.39
2026-06-01,P04,local,1,38,18.59
2026-06-01,P05,general,9,145,5.11
2026-06-01,P05,local,8,89,4.91
2026-06-01,P06,general,2,50,12.11
2026-06-01,P06,local,1,24,12.95
2026-06-01,P07,general,3,123,9.33
2026-06-01,P07,local,2,51,10.03
2026-06-01,P08,general,12,110,4.15
2026-06-01,P08,local,4,41,4.27
2026-06-01,P09,general,2,96,9.71
2026-06-01,P09,local,3,29,9.98
2026-06-01,P10,general,1,48,14.27
2026-06-01,P10,local,0,25,13.58
2026-06-01,P11,general,2,29,12.02
2026-06-01,P11,local,0,24,12.18
2026-06-01,P12,general,5,80,5.43
2026-06-01,P12,local,2,42,5.55
2026-06-01,P13,general,5,78,5.71
2026-06-01,P13,local,6,73,5.98
2026-06-01,P14,general,1,46,15.92
2026-06-01,P14,local,1,37,16.14
2026-06-01,P15,general,0,42,18.73
2026-06-01,P15,local,0,23,20.91
2026-06-01,P16,general,2,95,14.76
2026-06-01,P16,local,2,64,14.85
2026-06-01,P17,general,2,118,9.49
2026-06-01,P17,local,3,56,9.8
2026-06-01,P18,general,1,69,16.2
2026-06-01,P18,local,0,49,16.61
2026-06-01,P19,general,12,140,6.06
2026-06-01,P19,local,4,87,6.13
2026-06-01,P20,general,6,62,7.52
2026-06-01,P20,local,2,48,8.21
2026-06-01,P21,general,2,83,9.64
2026-06-01,P21,local,2,75,9.45
2026-06-01,P22,general,3,76,15.14
2026-06-01,P22,local,1,44,14.32
2026-06-01,P23,general,4,94,9.49
2026-06-01,P23,local,3,35,9
2026-06-01,P24,general,1,95,14.52
2026-06-01,P24,local,1,52,13.78
2026-06-01,P25,general,1,35,17.45
2026-06-01,P25,local,2,36,17.45
2026-06-02,P01,general,1,54,14.16
2026-06-02,P01,local,1,33,14.34
2026-06-02,P02,general,3,76,10.81
2026-06-02,P02,local,1,36,10.65
2026-06-02,P03,general,0,65,12.85
2026-06-02,P03,local,2,45,13.37
2026-06-02,P04,general,2,61,18.15
2026-06-02,P04,local,0,48,17
2026-06-02,P05,general,10,154,4.66
2026-06-02,P05,local,6,98,4.63
2026-06-02,P06,general,0,46,11.91
2026-06-02,P06,local,1,32,12.89
2026-06-02,P07,general,8,120,10.81
2026-06-02,P07,local,0,34,10.89
2026-06-02,P08,general,7,122,4.58
2026-06-02,P08,local,1,35,4.23
2026-06-02,P09,general,5,85,9.9
2026-06-02,P09,local,1,40,9.34
2026-06-02,P10,general,2,58,15.15
2026-06-02,P10,local,0,24,14.78
2026-06-02,P11,general,3,27,12.38
2026-06-02,P11,local,0,29,12.82
2026-06-02,P12,general,2,71,6.11
2026-06-02,P12,local,2,27,6.35
2026-06-02,P13,general,5,66,5.55
2026-06-02,P13,local,3,56,5.94
2026-06-02,P14,general,1,54,18.4
2026-06-02,P14,local,1,28,18.41
2026-06-02,P15,general,1,44,19.77
2026-06-02,P15,local,0,17,19.97
2026-06-02,P16,general,2,91,15.44
2026-06-02,P16,local,0,60,15.3
2026-06-02,P17,general,4,120,8.43
2026-06-02,P17,local,1,50,8.59
2026-06-02,P18,general,3,85,16.99
2026-06-02,P18,local,0,33,16.95
2026-06-02,P19,general,10,129,5.75
2026-06-02,P19,local,3,78,5.78
2026-06-02,P20,general,4,74,6.2
2026-06-02,P20,local,1,52,6.2
2026-06-02,P21,general,3,80,11.28
2026-06-02,P21,local,2,91,11.12
2026-06-02,P22,general,0,66,17.64
2026-06-02,P22,local,2,39,16.72
2026-06-02,P23,general,3,99,7.83
2026-06-02,P23,local,1,42,7.86
2026-06-02,P24,general,2,87,13.93
2026-06-02,P24,local,1,33,13.46
2026-06-02,P25,general,1,44,17.21
2026-06-02,P25,local,0,31,16.8
2026-06-03,P01,general,2,62,14
2026-06-03,P01,local,0,39,13.76
2026-06-03,P02,general,3,79,11.98
2026-06-03,P02,local,2,50,11.6
2026-06-03,P03,general,3,90,14.23
2026-06-03,P03,local,0,42,14.53
2026-06-03,P04,general,4,80,18.35
2026-06-03,P04,local,0,50,18.72
2026-06-03,P05,general,5,140,5.23
2026-06-03,P05,local,5,93,5.38
2026-06-03,P06,general,1,55,12.71
2026-06-03,P06,local,0,23,12.33
2026-06-03,P07,general,9,145,9.65
2026-06-03,P07,local,1,45,8.97
2026-06-03,P08,general,2,89,4.68
2026-06-03,P08,local,3,40,4.78
2026-06-03,P09,general,1,85,9.54
2026-06-03,P09,local,1,35,9.09
2026-06-03,P10,general,2,60,15.72
2026-06-03,P10,local,1,18,15.38
2026-06-03,P11,general,1,35,13.56
2026-06-03,P11,local,2,19,13.32
2026-06-03,P12,general,1,67,6.17
2026-06-03,P12,local,1,28,6.24
2026-06-03,P13,general,6,81,5.86
2026-06-03,P13,local,6,70,6.06
2026-06-03,P14,general,2,39,17.27
2026-06-03,P14,local,0,35,18.28
2026-06-03,P15,general,1,51,18.36
2026-06-03,P15,local,2,21,19.1
2026-06-03,P16,general,1,94,13.13
2026-06-03,P16,local,0,54,13.42
2026-06-03,P17,general,5,111,8.9
2026-06-03,P17,local,1,50,8.94
2026-06-03,P18,general,1,81,14.37
2026-06-03,P18,local,1,43,14.88
2026-06-03,P19,general,7,135,5.57
2026-06-03,P19,local,5,74,5.71
2026-06-03,P20,general,5,54,7.02
2026-06-03,P20,local,2,43,7.1
2026-06-03,P21,general,2,95,10.3
2026-06-03,P21,local,3,65,10.07
2026-06-03,P22,general,2,61,16.7
2026-06-03,P22,local,0,31,15.79
2026-06-03,P23,general,4,86,8.15
2026-06-03,P23,local,0,36,7.86
2026-06-03,P24,general,2,88,13.94
2026-06-03,P24,local,1,49,14.51
2026-06-03,P25,general,0,43,17.37
2026-06-03,P25,local,0,20,17.03
2026-06-04,P01,general,4,71,13.83
2026-06-04,P01,local,0,34,13.31
2026-06-04,P02,general,0,54,11.09
2026-06-04,P02,local,2,47,11.32
2026-06-04,P03,general,3,77,13.97
2026-06-04,P03,local,1,49,14.77
2026-06-04,P04,general,5,89,16.84
2026-06-04,P04,local,1,57,16.94
2026-06-04,P05,general,10,156,5.39
2026-06-04,P05,local,6,83,5.57
2026-06-04,P06,general,1,41,13.78
2026-06-04,P06,local,2,31,12.79
2026-06-04,P07,general,6,143,9.76
2026-06-04,P07,local,4,46,9.85
2026-06-04,P08,general,8,112,5.06
2026-06-04,P08,local,3,39,4.68
2026-06-04,P09,general,3,83,11.03
2026-06-04,P09,local,1,31,10.96
2026-06-04,P10,general,1,69,16.32
2026-06-04,P10,local,0,21,16
2026-06-04,P11,general,1,42,13.44
2026-06-04,P11,local,0,18,13.36
2026-06-04,P12,general,4,79,5.38
2026-06-04,P12,local,0,35,5.82
2026-06-04,P13,general,1,73,6.2
2026-06-04,P13,local,1,55,6.06
2026-06-04,P14,general,2,53,16.29
2026-06-04,P14,local,0,43,16.64
2026-06-04,P15,general,1,40,19.68
2026-06-04,P15,local,1,15,19.75
2026-06-04,P16,general,2,96,14.54
2026-06-04,P16,local,0,45,14.33
2026-06-04,P17,general,5,89,9.32
2026-06-04,P17,local,3,45,9.29
2026-06-04,P18,general,5,83,14.35
2026-06-04,P18,local,0,46,15.36
2026-06-04,P19,general,8,150,5.82
2026-06-04,P19,local,4,79,5.84
2026-06-04,P20,general,5,68,6.84
2026-06-04,P20,local,3,51,6.97
2026-06-04,P21,general,1,103,10.75
2026-06-04,P21,local,1,80,10.79
2026-06-04,P22,general,3,80,17.02
2026-06-04,P22,local,2,30,17.05
2026-06-04,P23,general,3,85,9.06
2026-06-04,P23,local,1,36,8.81
2026-06-04,P24,general,3,82,14.34
2026-06-04,P24,local,0,40,15.38
2026-06-04,P25,general,4,51,16.65
2026-06-04,P25,local,1,32,16.79
2026-06-05,P01,general,0,74,13.3
2026-06-05,P01,local,2,36,13.55
2026-06-05,P02,general,3,88,10.98
2026-06-05,P02,local,2,42,10.73
2026-06-05,P03,general,1,64,14.83
2026-06-05,P03,local,2,46,15.09
2026-06-05,P04,general,2,65,17.51
2026-06-05,P04,local,0,56,18.01
2026-06-05,P05,general,5,154,4.69
2026-06-05,P05,local,5,125,4.87
2026-06-05,P06,general,1,43,13.46
2026-06-05,P06,local,0,36,13.46
2026-06-05,P07,general,6,124,10.12
2026-06-05,P07,local,1,46,9.34
2026-06-05,P08,general,15,129,4.31
2026-06-05,P08,local,6,33,4.14
2026-06-05,P09,general,1,78,10.11
2026-06-05,P09,local,1,26,10.36
2026-06-05,P10,general,1,77,14.1
2026-06-05,P10,local,1,29,14.24
2026-06-05,P11,general,3,41,12.29
2026-06-05,P11,local,0,23,11.73
2026-06-05,P12,general,3,69,6.63
2026-06-05,P12,local,4,31,6.36
2026-06-05,P13,general,7,78,5.86
2026-06-05,P13,local,4,69,5.84
2026-06-05,P14,general,1,45,18.51
2026-06-05,P14,local,0,27,18.85
2026-06-05,P15,general,0,51,16.95
2026-06-05,P15,local,0,29,17.26
2026-06-05,P16,general,4,85,14.28
2026-06-05,P16,local,2,58,14.43
2026-06-05,P17,general,5,100,7.78
2026-06-05,P17,local,2,64,7.98
2026-06-05,P18,general,0,71,16.03
2026-06-05,P18,local,0,36,15.68
2026-06-05,P19,general,4,126,6.12
2026-06-05,P19,local,4,82,6.29
2026-06-05,P20,general,5,70,7.1
2026-06-05,P20,local,2,47,6.71
2026-06-05,P21,general,1,100,8.76
2026-06-05,P21,local,3,84,9.15
2026-06-05,P22,general,1,70,17.35
2026-06-05,P22,local,0,35,16.92
2026-06-05,P23,general,4,79,8.06
2026-06-05,P23,local,1,35,8.59
2026-06-05,P24,general,3,84,14.96
2026-06-05,P24,local,0,35,14.52
2026-06-05,P25,general,0,45,14.4
2026-06-05,P25,local,0,32,15.12
2026-06-06,P01,general,5,45,14
2026-06-06,P01,local,1,28,13.82
2026-06-06,P02,general,1,67,10.24
2026-06-06,P02,local,0,32,10.33
2026-06-06,P03,general,2,51,13.42
2026-06-06,P03,local,0,28,14.36
2026-06-06,P04,general,1,71,15.79
2026-06-06,P04,local,0,39,15.03
2026-06-06,P05,general,4,90,4.98
2026-06-06,P05,local,7,80,4.67
2026-06-06,P06,general,2,48,11.29
2026-06-06,P06,local,1,22,10.65
2026-06-06,P07,general,5,104,10.73
2026-06-06,P07,local,0,34,10.47
2026-06-06,P08,general,5,82,4.21
2026-06-06,P08,local,3,33,4.32
2026-06-06,P09,general,3,51,10.35
2026-06-06,P09,local,0,15,10.71
2026-06-06,P10,general,2,40,13.71
2026-06-06,P10,local,0,15,13.12
2026-06-06,P11,general,2,18,11.43
2026-06-06,P11,local,0,17,11.92
2026-06-06,P12,general,3,48,5.69
2026-06-06,P12,local,1,35,5.75
2026-06-06,P13,general,1,60,5.81
2026-06-06,P13,local,4,41,5.9
2026-06-06,P14,general,0,51,17.83
2026-06-06,P14,local,1,27,17.12
2026-06-06,P15,general,0,54,20.27
2026-06-06,P15,local,0,15,19.66
2026-06-06,P16,general,3,73,14.57
2026-06-06,P16,local,1,39,13.9
2026-06-06,P17,general,3,81,9.02
2026-06-06,P17,local,0,38,8.35
2026-06-06,P18,general,4,59,14.02
2026-06-06,P18,local,0,40,14.93
2026-06-06,P19,general,11,124,5.77
2026-06-06,P19,local,4,65,5.37
2026-06-06,P20,general,3,59,6.37
2026-06-06,P20,local,3,46,6.64
2026-06-06,P21,general,6,79,10.07
2026-06-06,P21,local,4,61,9.52
2026-06-06,P22,general,0,60,16.78
2026-06-06,P22,local,0,24,16.55
2026-06-06,P23,general,5,79,8.46
2026-06-06,P23,local,1,37,8.26
2026-06-06,P24,general,4,65,14.24
2026-06-06,P24,local,2,50,13.48
2026-06-06,P25,general,0,27,15.82
2026-06-06,P25,local,0,32,15.76
2026-06-07,P01,general,4,54,13.36
2026-06-07,P01,local,1,25,13.86
2026-06-07,P02,general,3,55,10.12
2026-06-07,P02,local,0,33,9.45
2026-06-07,P03,general,1,68,15.68
2026-06-07,P03,local,1,29,14.5
2026-06-07,P04,general,1,53,18.21
2026-06-07,P04,local,1,34,18.54
2026-06-07,P05,general,13,103,4.57
2026-06-07,P05,local,5,63,4.82
2026-06-07,P06,general,1,23,12.71
2026-06-07,P06,local,0,17,12.2
2026-06-07,P07,general,1,74,10.02
2026-06-07,P07,local,3,40,9.38
2026-06-07,P08,general,11,73,4.73
2026-06-07,P08,local,1,25,4.99
2026-06-07,P09,general,4,68,10.15
2026-06-07,P09,local,2,26,9.9
2026-06-07,P10,general,1,37,14.22
2026-06-07,P10,local,0,12,13.93
2026-06-07,P11,general,1,30,13.09
2026-06-07,P11,local,0,19,13.46
2026-06-07,P12,general,6,62,6.16
2026-06-07,P12,local,1,28,6.3
2026-06-07,P13,general,3,70,6.37
2026-06-07,P13,local,2,52,5.97
2026-06-07,P14,general,0,37,16.64
2026-06-07,P14,local,1,26,17.05
2026-06-07,P15,general,1,33,19.18
2026-06-07,P15,local,0,11,20.1
2026-06-07,P16,general,1,63,15.43
2026-06-07,P16,local,3,46,15.25
2026-06-07,P17,general,3,87,9.04
2026-06-07,P17,local,1,32,9.1
2026-06-07,P18,general,2,60,14.93
2026-06-07,P18,local,0,33,14.63
2026-06-07,P19,general,7,109,5.32
2026-06-07,P19,local,4,59,5
2026-06-07,P20,general,2,49,6.79
2026-06-07,P20,local,1,27,6.98
2026-06-07,P21,general,2,68,9.65
2026-06-07,P21,local,2,76,9.41
2026-06-07,P22,general,1,47,17.02
2026-06-07,P22,local,0,22,16.69
2026-06-07,P23,general,1,85,8.62
2026-06-07,P23,local,1,25,8.24
2026-06-07,P24,general,0,75,14.3
2026-06-07,P24,local,3,35,13.63
2026-06-07,P25,general,1,34,16.91
2026-06-07,P25,local,0,28,16.69
2026-06-08,P01,general,3,79,13.85
2026-06-08,P01,local,1,29,13.6
2026-06-08,P02,general,3,60,11.92
2026-06-08,P02,local,1,38,12.27
2026-06-08,P03,general,2,74,13.24
2026-06-08,P03,local,1,36,13.08
2026-06-08,P04,general,2,77,16.07
2026-06-08,P04,local,0,48,15.3
2026-06-08,P05,general,13,133,5.08
2026-06-08,P05,local,9,80,4.96
2026-06-08,P06,general,1,59,13.8
2026-06-08,P06,local,1,21,13.5
2026-06-08,P07,general,7,127,10.17
2026-06-08,P07,local,3,62,10.36
2026-06-08,P08,general,14,119,4.09
2026-06-08,P08,local,5,39,4.26
2026-06-08,P09,general,4,63,11.56
2026-06-08,P09,local,2,38,10.92
2026-06-08,P10,general,2,50,14.11
2026-06-08,P10,local,0,23,14.86
2026-06-08,P11,general,2,38,11.87
2026-06-08,P11,local,0,29,12.15
2026-06-08,P12,general,7,73,6.37
2026-06-08,P12,local,0,26,6.3
2026-06-08,P13,general,9,87,5.72
2026-06-08,P13,local,2,57,6
2026-06-08,P14,general,0,44,18.25
2026-06-08,P14,local,0,32,18.45
2026-06-08,P15,general,3,50,20.62
2026-06-08,P15,local,0,21,20.53
2026-06-08,P16,general,1,89,13.75
2026-06-08,P16,local,1,63,14.07
2026-06-08,P17,general,7,128,8.22
2026-06-08,P17,local,2,56,8.32
2026-06-08,P18,general,1,89,13.69
2026-06-08,P18,local,2,54,12.95
2026-06-08,P19,general,7,127,5.64
2026-06-08,P19,local,3,81,5.91
2026-06-08,P20,general,2,57,6.7
2026-06-08,P20,local,2,39,6.63
2026-06-08,P21,general,4,101,10.76
2026-06-08,P21,local,2,77,10.82
2026-06-08,P22,general,2,83,17.92
2026-06-08,P22,local,0,52,16.93
2026-06-08,P23,general,3,102,9.09
2026-06-08,P23,local,2,32,8.77
2026-06-08,P24,general,4,91,13.74
2026-06-08,P24,local,1,45,13.69
2026-06-08,P25,general,1,43,15.11
2026-06-08,P25,local,3,36,16.21
2026-06-09,P01,general,1,54,14.91
2026-06-09,P01,local,0,35,14.38
2026-06-09,P02,general,1,80,12.08
2026-06-09,P02,local,1,46,12.07
2026-06-09,P03,general,2,72,14.3
2026-06-09,P03,local,1,39,15.45
2026-06-09,P04,general,1,89,18.16
2026-06-09,P04,local,2,50,18.07
2026-06-09,P05,general,9,159,4.75
2026-06-09,P05,local,10,108,4.65
2026-06-09,P06,general,0,31,12.84
2026-06-09,P06,local,2,32,13.73
2026-06-09,P07,general,8,147,9.79
2026-06-09,P07,local,4,53,10.07
2026-06-09,P08,general,21,118,4
2026-06-09,P08,local,3,36,4.09
2026-06-09,P09,general,5,70,10.35
2026-06-09,P09,local,0,30,10.51
2026-06-09,P10,general,0,54,15.15
2026-06-09,P10,local,0,21,14.64
2026-06-09,P11,general,0,32,12.55
2026-06-09,P11,local,1,24,12.28
2026-06-09,P12,general,2,67,6.32
2026-06-09,P12,local,2,32,6.73
2026-06-09,P13,general,8,98,5.93
2026-06-09,P13,local,3,61,6
2026-06-09,P14,general,0,52,20.9
2026-06-09,P14,local,1,27,19.49
2026-06-09,P15,general,0,48,19.35
2026-06-09,P15,local,1,17,18.96
2026-06-09,P16,general,1,104,15.73
2026-06-09,P16,local,0,60,15.98
2026-06-09,P17,general,4,105,8.04
2026-06-09,P17,local,4,72,8.46
2026-06-09,P18,general,5,84,14.29
2026-06-09,P18,local,0,46,14.11
2026-06-09,P19,general,9,138,5.71
2026-06-09,P19,local,6,90,5.4
2026-06-09,P20,general,1,56,7.28
2026-06-09,P20,local,1,55,6.59
2026-06-09,P21,general,6,105,10.59
2026-06-09,P21,local,2,76,10.13
2026-06-09,P22,general,1,73,18.37
2026-06-09,P22,local,0,47,17.84
2026-06-09,P23,general,2,87,8.6
2026-06-09,P23,local,2,42,8.58
2026-06-09,P24,general,3,122,11.62
2026-06-09,P24,local,0,44,12.58
2026-06-09,P25,general,2,43,15.37
2026-06-09,P25,local,0,32,14.5
2026-06-10,P01,general,3,56,14.35
2026-06-10,P01,local,1,34,14.93
2026-06-10,P02,general,2,61,10.9
2026-06-10,P02,local,3,44,10.76
2026-06-10,P03,general,2,67,14.11
2026-06-10,P03,local,1,48,14.56
2026-06-10,P04,general,2,53,17.02
2026-06-10,P04,local,2,44,17.42
2026-06-10,P05,general,13,127,5.04
2026-06-10,P05,local,4,104,4.63
2026-06-10,P06,general,0,43,11.21
2026-06-10,P06,local,1,36,11.05
2026-06-10,P07,general,12,123,10.15
2026-06-10,P07,local,2,45,9.87
2026-06-10,P08,general,11,105,4.04
2026-06-10,P08,local,7,43,4.15
2026-06-10,P09,general,3,82,9.73
2026-06-10,P09,local,1,31,9.7
2026-06-10,P10,general,1,57,14.39
2026-06-10,P10,local,1,23,13.77
2026-06-10,P11,general,0,29,13.28
2026-06-10,P11,local,2,31,13.02
2026-06-10,P12,general,5,84,5.72
2026-06-10,P12,local,2,35,5.69
2026-06-10,P13,general,5,67,6.7
2026-06-10,P13,local,4,64,6.29
2026-06-10,P14,general,0,54,16.75
2026-06-10,P14,local,0,34,16.15
2026-06-10,P15,general,2,49,17.89
2026-06-10,P15,local,0,20,17.02
2026-06-10,P16,general,3,85,15.72
2026-06-10,P16,local,0,50,16.11
2026-06-10,P17,general,9,128,7.42
2026-06-10,P17,local,2,49,7.48
2026-06-10,P18,general,1,77,14.89
2026-06-10,P18,local,0,47,16.43
2026-06-10,P19,general,7,129,5.76
2026-06-10,P19,local,4,78,5.27
2026-06-10,P20,general,3,73,6.37
2026-06-10,P20,local,5,55,6.07
2026-06-10,P21,general,1,81,10.9
2026-06-10,P21,local,0,67,11.58
2026-06-10,P22,general,4,91,18.19
2026-06-10,P22,local,0,33,18.41
2026-06-10,P23,general,4,109,7.63
2026-06-10,P23,local,1,40,8.04
2026-06-10,P24,general,2,95,12.45
2026-06-10,P24,local,0,43,13.44
2026-06-10,P25,general,2,37,14.93
2026-06-10,P25,local,1,32,15.02
2026-06-11,P01,general,0,51,14.13
2026-06-11,P01,local,0,31,13.43
2026-06-11,P02,general,2,63,12.9
2026-06-11,P02,local,1,36,12.12
2026-06-11,P03,general,4,68,14.3
2026-06-11,P03,local,0,45,15.8
2026-06-11,P04,general,1,78,15.12
2026-06-11,P04,local,2,57,15.44
2026-06-11,P05,general,11,162,4.7
2026-06-11,P05,local,5,107,4.66
2026-06-11,P06,general,0,30,13.9
2026-06-11,P06,local,1,29,14.14
2026-06-11,P07,general,3,112,10.57
2026-06-11,P07,local,1,52,10.58
2026-06-11,P08,general,8,99,4.48
2026-06-11,P08,local,2,34,4.57
2026-06-11,P09,general,3,75,9
2026-06-11,P09,local,2,35,8.54
2026-06-11,P10,general,1,60,14.36
2026-06-11,P10,local,1,25,14.15
2026-06-11,P11,general,2,31,11.88
2026-06-11,P11,local,0,15,12.62
2026-06-11,P12,general,6,79,6.37
2026-06-11,P12,local,3,31,5.88
2026-06-11,P13,general,8,84,5.89
2026-06-11,P13,local,5,75,5.63
2026-06-11,P14,general,1,44,15.75
2026-06-11,P14,local,1,25,17.09
2026-06-11,P15,general,1,45,19.29
2026-06-11,P15,local,0,24,19.4
2026-06-11,P16,general,2,91,14.01
2026-06-11,P16,local,1,55,14.64
2026-06-11,P17,general,2,98,8.87
2026-06-11,P17,local,1,44,9.29
2026-06-11,P18,general,3,89,15.11
2026-06-11,P18,local,1,39,14.48
2026-06-11,P19,general,14,144,4.99
2026-06-11,P19,local,5,73,5.16
2026-06-11,P20,general,4,72,6.93
2026-06-11,P20,local,4,48,6.63
2026-06-11,P21,general,4,87,9.96
2026-06-11,P21,local,4,75,10.39
2026-06-11,P22,general,1,80,17.54
2026-06-11,P22,local,0,33,17.09
2026-06-11,P23,general,4,100,9.11
2026-06-11,P23,local,2,43,9.27
2026-06-11,P24,general,2,87,14.97
2026-06-11,P24,local,1,39,13.72
2026-06-11,P25,general,0,48,15.69
2026-06-11,P25,local,1,33,15.62
2026-06-12,P01,general,1,73,14.08
2026-06-12,P01,local,0,38,13.84
2026-06-12,P02,general,2,88,12.43
2026-06-12,P02,local,2,54,11.51
2026-06-12,P03,general,5,71,15.31
2026-06-12,P03,local,3,45,14.75
2026-06-12,P04,general,5,74,17.64
2026-06-12,P04,local,0,39,17.78
2026-06-12,P05,general,8,129,4.9
2026-06-12,P05,local,12,91,4.95
2026-06-12,P06,general,1,50,11.33
2026-06-12,P06,local,1,30,10.92
2026-06-12,P07,general,10,125,9.48
2026-06-12,P07,local,2,56,9.8
2026-06-12,P08,general,8,105,4.2
2026-06-12,P08,local,3,52,4.13
2026-06-12,P09,general,7,100,9.37
2026-06-12,P09,local,0,28,9.43
2026-06-12,P10,general,1,56,14.9
2026-06-12,P10,local,0,26,15.71
2026-06-12,P11,general,0,29,13.11
2026-06-12,P11,local,0,22,13.25
2026-06-12,P12,general,5,74,6.58
2026-06-12,P12,local,1,43,6.56
2026-06-12,P13,general,12,92,5.82
2026-06-12,P13,local,2,70,5.42
2026-06-12,P14,general,1,46,17.58
2026-06-12,P14,local,1,34,17.21
2026-06-12,P15,general,3,58,19.66
2026-06-12,P15,local,3,22,20.12
2026-06-12,P16,general,0,81,14.77
2026-06-12,P16,local,2,45,15.46
2026-06-12,P17,general,5,108,9.28
2026-06-12,P17,local,0,50,9.27
2026-06-12,P18,general,0,78,14.66
2026-06-12,P18,local,2,48,14.69
2026-06-12,P19,general,9,131,5.53
2026-06-12,P19,local,3,83,5.73
2026-06-12,P20,general,2,61,7.82
2026-06-12,P20,local,1,46,7.83
2026-06-12,P21,general,4,72,10.19
2026-06-12,P21,local,3,93,10.01
2026-06-12,P22,general,2,91,15.4
2026-06-12,P22,local,0,36,14.19
2026-06-12,P23,general,4,92,8.4
2026-06-12,P23,local,2,42,8.02
2026-06-12,P24,general,1,90,14.44
2026-06-12,P24,local,1,40,14.1
2026-06-12,P25,general,1,52,14.65
2026-06-12,P25,local,0,24,15.69
2026-06-13,P01,general,2,60,13.71
2026-06-13,P01,local,0,24,14.12
2026-06-13,P02,general,2,50,12.69
2026-06-13,P02,local,1,36,11.83
2026-06-13,P03,general,1,51,15.06
2026-06-13,P03,local,3,38,15.45
2026-06-13,P04,general,1,52,17.1
2026-06-13,P04,local,0,39,17.18
2026-06-13,P05,general,4,108,5.03
2026-06-13,P05,local,11,82,4.9
2026-06-13,P06,general,1,34,11.81
2026-06-13,P06,local,1,22,12.97
2026-06-13,P07,general,1,79,10.82
2026-06-13,P07,local,0,38,10.67
2026-06-13,P08,general,6,92,4.52
2026-06-13,P08,local,2,25,4.49
2026-06-13,P09,general,1,58,10.05
2026-06-13,P09,local,1,22,10.91
2026-06-13,P10,general,1,52,13.78
2026-06-13,P10,local,0,16,14.5
2026-06-13,P11,general,0,17,12.63
2026-06-13,P11,local,0,18,11.92
2026-06-13,P12,general,4,44,6.13
2026-06-13,P12,local,3,21,5.87
2026-06-13,P13,general,4,59,6.59
2026-06-13,P13,local,4,55,6.03
2026-06-13,P14,general,2,29,16.08
2026-06-13,P14,local,0,15,18.24
2026-06-13,P15,general,0,40,18.68
2026-06-13,P15,local,2,13,19.32
2026-06-13,P16,general,1,56,14.58
2026-06-13,P16,local,1,37,15.23
2026-06-13,P17,general,3,79,8.51
2026-06-13,P17,local,0,34,8.45
2026-06-13,P18,general,2,63,14.96
2026-06-13,P18,local,0,18,14.83
2026-06-13,P19,general,3,87,6.17
2026-06-13,P19,local,4,57,6.4
2026-06-13,P20,general,3,54,7.66
2026-06-13,P20,local,1,35,7.44
2026-06-13,P21,general,1,61,10.29
2026-06-13,P21,local,1,60,10.03
2026-06-13,P22,general,0,49,18.73
2026-06-13,P22,local,0,27,18.86
2026-06-13,P23,general,3,58,9.12
2026-06-13,P23,local,2,40,9.13
2026-06-13,P24,general,0,60,15.02
2026-06-13,P24,local,1,35,13.92
2026-06-13,P25,general,3,41,18.07
2026-06-13,P25,local,1,29,17.67
2026-06-14,P01,general,3,35,16.23
2026-06-14,P01,local,1,26,16.6
2026-06-14,P02,general,0,56,9.86
2026-06-14,P02,local,2,34,10.19
2026-06-14,P03,general,2,51,13.51
2026-06-14,P03,local,0,35,13.37
2026-06-14,P04,general,1,53,17.99
2026-06-14,P04,local,1,28,17.82
2026-06-14,P05,general,6,113,4.9
2026-06-14,P05,local,4,74,5.02
2026-06-14,P06,general,1,26,12.08
2026-06-14,P06,local,1,21,12.42
2026-06-14,P07,general,6,103,9.42
2026-06-14,P07,local,3,29,8.99
2026-06-14,P08,general,3,90,4.46
2026-06-14,P08,local,1,36,4.02
2026-06-14,P09,general,2,69,10.86
2026-06-14,P09,local,2,26,11.09
2026-06-14,P10,general,4,42,13.46
2026-06-14,P10,local,1,21,13.25
2026-06-14,P11,general,1,23,10.95
2026-06-14,P11,local,0,18,11.73
2026-06-14,P12,general,4,65,6.06
2026-06-14,P12,local,1,15,6.07
2026-06-14,P13,general,4,54,6.08
2026-06-14,P13,local,0,45,6.06
2026-06-14,P14,general,1,32,17.56
2026-06-14,P14,local,0,19,17.72
2026-06-14,P15,general,0,43,18.58
2026-06-14,P15,local,0,17,18.42
2026-06-14,P16,general,1,56,13.94
2026-06-14,P16,local,0,41,15.47
2026-06-14,P17,general,2,67,9.01
2026-06-14,P17,local,3,45,8.91
2026-06-14,P18,general,1,65,14.72
2026-06-14,P18,local,0,30,15.32
2026-06-14,P19,general,5,100,5.68
2026-06-14,P19,local,5,67,5.74
2026-06-14,P20,general,6,56,6.8
2026-06-14,P20,local,5,47,6.86
2026-06-14,P21,general,0,68,10.57
2026-06-14,P21,local,2,53,10.51
2026-06-14,P22,general,1,68,18.19
2026-06-14,P22,local,0,37,17.86
2026-06-14,P23,general,3,59,8.43
2026-06-14,P23,local,0,16,8.07
2026-06-14,P24,general,1,53,13.31
2026-06-14,P24,local,2,37,13.94
2026-06-14,P25,general,3,44,14.81
2026-06-14,P25,local,0,17,14.22
2026-06-15,P01,general,1,77,14.28
2026-06-15,P01,local,1,39,13.8
2026-06-15,P02,general,3,84,10.88
2026-06-15,P02,local,3,41,11.5
2026-06-15,P03,general,4,78,13.02
2026-06-15,P03,local,1,48,13.9
2026-06-15,P04,general,1,78,18.24
2026-06-15,P04,local,1,48,17.84
2026-06-15,P05,general,12,172,4.79
2026-06-15,P05,local,5,99,4.22
2026-06-15,P06,general,2,47,12.78
2026-06-15,P06,local,2,29,13.29
2026-06-15,P07,general,0,150,10.12
2026-06-15,P07,local,2,59,10.38
2026-06-15,P08,general,8,106,4.77
2026-06-15,P08,local,0,37,4.57
2026-06-15,P09,general,1,65,10.91
2026-06-15,P09,local,0,33,11.06
2026-06-15,P10,general,1,62,17.15
2026-06-15,P10,local,1,24,17.57
2026-06-15,P11,general,1,39,11.81
2026-06-15,P11,local,0,17,11.6
2026-06-15,P12,general,6,71,5.38
2026-06-15,P12,local,2,31,5.73
2026-06-15,P13,general,6,81,5.46
2026-06-15,P13,local,4,54,5.54
2026-06-15,P14,general,0,50,18.48
2026-06-15,P14,local,0,29,17.82
2026-06-15,P15,general,1,41,19.14
2026-06-15,P15,local,1,16,18.86
2026-06-15,P16,general,1,81,14.47
2026-06-15,P16,local,0,62,15.33
2026-06-15,P17,general,3,94,8.48
2026-06-15,P17,local,2,67,9.02
2026-06-15,P18,general,2,78,13.45
2026-06-15,P18,local,4,44,14.14
2026-06-15,P19,general,8,148,5.7
2026-06-15,P19,local,5,95,5.5
2026-06-15,P20,general,0,78,6.34
2026-06-15,P20,local,2,53,6.46
2026-06-15,P21,general,3,112,9.9
2026-06-15,P21,local,2,81,9.94
2026-06-15,P22,general,0,83,15.59
2026-06-15,P22,local,1,35,16.16
2026-06-15,P23,general,1,78,9.66
2026-06-15,P23,local,2,43,8.91
2026-06-15,P24,general,2,103,13.84
2026-06-15,P24,local,4,43,13.34
2026-06-15,P25,general,2,59,16.13
2026-06-15,P25,local,1,29,15.69
2026-06-16,P01,general,0,68,14.55
2026-06-16,P01,local,0,29,13.4
2026-06-16,P02,general,2,67,11.01
2026-06-16,P02,local,2,44,11.6
2026-06-16,P03,general,2,79,13.53
2026-06-16,P03,local,0,35,13.11
2026-06-16,P04,general,3,71,16.85
2026-06-16,P04,local,2,45,18.22
2026-06-16,P05,general,10,127,5.03
2026-06-16,P05,local,7,103,4.87
2026-06-16,P06,general,1,42,13.48
2026-06-16,P06,local,3,30,13.38
2026-06-16,P07,general,6,125,9.55
2026-06-16,P07,local,3,48,10.12
2026-06-16,P08,general,9,123,4.13
2026-06-16,P08,local,1,25,3.99
2026-06-16,P09,general,5,83,10.4
2026-06-16,P09,local,1,37,9.8
2026-06-16,P10,general,1,54,14.4
2026-06-16,P10,local,2,30,14.75
2026-06-16,P11,general,1,35,13.45
2026-06-16,P11,local,3,28,12.98
2026-06-16,P12,general,7,66,6.46
2026-06-16,P12,local,0,36,6.43
2026-06-16,P13,general,0,71,6.85
2026-06-16,P13,local,0,61,6.64
2026-06-16,P14,general,1,53,18.28
2026-06-16,P14,local,1,27,17.11
2026-06-16,P15,general,3,65,17.44
2026-06-16,P15,local,0,21,17.08
2026-06-16,P16,general,1,79,13.39
2026-06-16,P16,local,1,54,14.12
2026-06-16,P17,general,8,136,8.81
2026-06-16,P17,local,3,50,8.33
2026-06-16,P18,general,2,76,14.81
2026-06-16,P18,local,0,39,13.99
2026-06-16,P19,general,8,131,5.44
2026-06-16,P19,local,4,80,5.8
2026-06-16,P20,general,6,57,7.16
2026-06-16,P20,local,5,53,7.75
2026-06-16,P21,general,1,86,10.44
2026-06-16,P21,local,1,65,10.63
2026-06-16,P22,general,5,82,15.38
2026-06-16,P22,local,1,43,15.73
2026-06-16,P23,general,3,94,8.02
2026-06-16,P23,local,2,39,7.62
2026-06-16,P24,general,2,90,14.61
2026-06-16,P24,local,2,31,13.55
2026-06-16,P25,general,2,38,16.16
2026-06-16,P25,local,3,30,16.66
2026-06-17,P01,general,2,57,15.18
2026-06-17,P01,local,2,29,14.94
2026-06-17,P02,general,3,69,12.55
2026-06-17,P02,local,1,45,12.81
2026-06-17,P03,general,3,80,14.06
2026-06-17,P03,local,1,51,15.38
2026-06-17,P04,general,3,77,20.36
2026-06-17,P04,local,2,53,18.94
2026-06-17,P05,general,8,150,5.34
2026-06-17,P05,local,6,103,5.51
2026-06-17,P06,general,1,45,12.94
2026-06-17,P06,local,1,36,12.62
2026-06-17,P07,general,8,129,10.3
2026-06-17,P07,local,0,44,9.9
2026-06-17,P08,general,8,109,4.03
2026-06-17,P08,local,1,32,3.73
2026-06-17,P09,general,4,76,10.93
2026-06-17,P09,local,2,32,10.29
2026-06-17,P10,general,1,53,12.08
2026-06-17,P10,local,1,31,12.14
2026-06-17,P11,general,0,30,13.58
2026-06-17,P11,local,3,17,12.75
2026-06-17,P12,general,6,68,6.57
2026-06-17,P12,local,2,32,6.22
2026-06-17,P13,general,3,93,6.39
2026-06-17,P13,local,4,51,6.47
2026-06-17,P14,general,1,36,17.12
2026-06-17,P14,local,1,33,18
2026-06-17,P15,general,1,54,18.3
2026-06-17,P15,local,0,28,18.94
2026-06-17,P16,general,3,105,14.05
2026-06-17,P16,local,0,42,13.66
2026-06-17,P17,general,2,97,8.74
2026-06-17,P17,local,4,65,8.64
2026-06-17,P18,general,2,77,14.86
2026-06-17,P18,local,0,36,14.45
2026-06-17,P19,general,11,155,5.73
2026-06-17,P19,local,5,89,5.51
2026-06-17,P20,general,2,68,5.78
2026-06-17,P20,local,2,61,6.53
2026-06-17,P21,general,4,100,10.47
2026-06-17,P21,local,1,82,10.33
2026-06-17,P22,general,4,91,15.29
2026-06-17,P22,local,0,35,14.84
2026-06-17,P23,general,7,98,7.79
2026-06-17,P23,local,3,56,7.95
2026-06-17,P24,general,4,98,14.91
2026-06-17,P24,local,1,45,13.42
2026-06-17,P25,general,0,46,16.41
2026-06-17,P25,local,0,33,16.81
2026-06-18,P01,general,1,73,15.34
2026-06-18,P01,local,0,37,14.7
2026-06-18,P02,general,1,72,10.82
2026-06-18,P02,local,4,49,10.52
2026-06-18,P03,general,0,64,14.81
2026-06-18,P03,local,1,40,14.76
2026-06-18,P04,general,0,83,15.7
2026-06-18,P04,local,0,54,15.79
2026-06-18,P05,general,10,140,4.7
2026-06-18,P05,local,6,107,4.88
2026-06-18,P06,general,3,50,12.1
2026-06-18,P06,local,1,37,11.92
2026-06-18,P07,general,2,133,11.08
2026-06-18,P07,local,3,52,11.86
2026-06-18,P08,general,17,135,4.48
2026-06-18,P08,local,5,42,4.4
2026-06-18,P09,general,2,78,9.51
2026-06-18,P09,local,1,37,9.36
2026-06-18,P10,general,4,64,13.76
2026-06-18,P10,local,0,25,13.12
2026-06-18,P11,general,1,14,12.2
2026-06-18,P11,local,0,24,11.72
2026-06-18,P12,general,4,63,5.64
2026-06-18,P12,local,5,53,5.73
2026-06-18,P13,general,5,90,5.26
2026-06-18,P13,local,6,75,5.34
2026-06-18,P14,general,2,48,17.89
2026-06-18,P14,local,0,23,18.51
2026-06-18,P15,general,2,52,17.4
2026-06-18,P15,local,1,21,17.91
2026-06-18,P16,general,5,86,15.47
2026-06-18,P16,local,1,54,16.95
2026-06-18,P17,general,6,107,10.15
2026-06-18,P17,local,2,54,9.75
2026-06-18,P18,general,1,81,14.2
2026-06-18,P18,local,1,34,13.86
2026-06-18,P19,general,4,134,6.23
2026-06-18,P19,local,4,93,6.85
2026-06-18,P20,general,2,49,7.29
2026-06-18,P20,local,4,59,7.42
2026-06-18,P21,general,2,93,10.13
2026-06-18,P21,local,3,73,10.41
2026-06-18,P22,general,2,69,16.9
2026-06-18,P22,local,2,44,16.04
2026-06-18,P23,general,5,91,8.95
2026-06-18,P23,local,2,37,8.76
2026-06-18,P24,general,3,95,15.06
2026-06-18,P24,local,0,57,13.4
2026-06-18,P25,general,1,50,16.01
2026-06-18,P25,local,0,30,16.39
2026-06-19,P01,general,3,58,16.09
2026-06-19,P01,local,1,33,15.79
2026-06-19,P02,general,1,64,12.06
2026-06-19,P02,local,1,40,11.57
2026-06-19,P03,general,1,78,14.15
2026-06-19,P03,local,0,42,13.82
2026-06-19,P04,general,0,92,15.47
2026-06-19,P04,local,1,39,16.47
2026-06-19,P05,general,13,125,5.22
2026-06-19,P05,local,10,111,5.18
2026-06-19,P06,general,1,46,13.75
2026-06-19,P06,local,2,31,13.76
2026-06-19,P07,general,5,143,11.15
2026-06-19,P07,local,0,52,11.24
2026-06-19,P08,general,7,107,4.67
2026-06-19,P08,local,3,38,4.7
2026-06-19,P09,general,2,75,10.49
2026-06-19,P09,local,1,28,10.97
2026-06-19,P10,general,0,57,14.23
2026-06-19,P10,local,0,28,13.51
2026-06-19,P11,general,4,32,11.83
2026-06-19,P11,local,4,34,12.11
2026-06-19,P12,general,4,72,6.81
2026-06-19,P12,local,0,33,6.52
2026-06-19,P13,general,2,89,6.12
2026-06-19,P13,local,3,62,6.14
2026-06-19,P14,general,1,49,17.47
2026-06-19,P14,local,0,27,17.82
2026-06-19,P15,general,2,42,20.19
2026-06-19,P15,local,0,32,20.06
2026-06-19,P16,general,1,75,14.69
2026-06-19,P16,local,1,63,14.77
2026-06-19,P17,general,5,115,8.37
2026-06-19,P17,local,1,61,8.58
2026-06-19,P18,general,1,91,13.03
2026-06-19,P18,local,4,43,13.08
2026-06-19,P19,general,4,145,5.49
2026-06-19,P19,local,2,86,5.71
2026-06-19,P20,general,8,67,6.98
2026-06-19,P20,local,1,58,6.78
2026-06-19,P21,general,2,86,11.09
2026-06-19,P21,local,1,83,10.52
2026-06-19,P22,general,3,85,15.4
2026-06-19,P22,local,1,43,15.35
2026-06-19,P23,general,4,111,8.52
2026-06-19,P23,local,2,39,8.71
2026-06-19,P24,general,3,99,12.74
2026-06-19,P24,local,0,52,12.51
2026-06-19,P25,general,1,41,15.39
2026-06-19,P25,local,0,38,14.9
2026-06-20,P01,general,0,40,16.66
2026-06-20,P01,local,1,23,15.26
2026-06-20,P02,general,2,63,11.51
2026-06-20,P02,local,3,37,11.4
2026-06-20,P03,general,1,54,12.22
2026-06-20,P03,local,1,21,13.38
2026-06-20,P04,general,2,66,17.62
2026-06-20,P04,local,1,39,17.93
2026-06-20,P05,general,4,95,5.71
2026-06-20,P05,local,2,70,5.14
2026-06-20,P06,general,0,45,13.15
2026-06-20,P06,local,0,18,12.72
2026-06-20,P07,general,4,106,9.18
2026-06-20,P07,local,1,42,9.74
2026-06-20,P08,general,8,80,4.19
2026-06-20,P08,local,3,31,4.26
2026-06-20,P09,general,0,46,11.48
2026-06-20,P09,local,0,27,12.1
2026-06-20,P10,general,0,36,16.2
2026-06-20,P10,local,0,21,15.78
2026-06-20,P11,general,0,22,10.99
2026-06-20,P11,local,0,23,11.11
2026-06-20,P12,general,1,61,6.76
2026-06-20,P12,local,1,16,6.8
2026-06-20,P13,general,5,57,5.66
2026-06-20,P13,local,3,48,5.65
2026-06-20,P14,general,1,28,16.8
2026-06-20,P14,local,0,25,17.99
2026-06-20,P15,general,1,43,19.19
2026-06-20,P15,local,3,15,19.26
2026-06-20,P16,general,1,59,14.34
2026-06-20,P16,local,0,45,13.86
2026-06-20,P17,general,3,93,8.08
2026-06-20,P17,local,0,41,8.02
2026-06-20,P18,general,2,59,15.29
2026-06-20,P18,local,0,29,16.31
2026-06-20,P19,general,7,129,5.31
2026-06-20,P19,local,5,56,5.49
2026-06-20,P20,general,1,46,7.68
2026-06-20,P20,local,1,35,7.63
2026-06-20,P21,general,3,89,9.18
2026-06-20,P21,local,3,52,9.06
2026-06-20,P22,general,1,58,16.4
2026-06-20,P22,local,1,37,16.6
2026-06-20,P23,general,3,74,7.88
2026-06-20,P23,local,1,25,7.85
2026-06-20,P24,general,1,68,14.33
2026-06-20,P24,local,1,29,14.65
2026-06-20,P25,general,0,31,13.94
2026-06-20,P25,local,1,23,15.55
2026-06-21,P01,general,2,43,14.69
2026-06-21,P01,local,0,26,14.8
2026-06-21,P02,general,2,56,11.88
2026-06-21,P02,local,2,31,11.26
2026-06-21,P03,general,1,48,14.52
2026-06-21,P03,local,2,34,14.58
2026-06-21,P04,general,2,67,17.38
2026-06-21,P04,local,1,33,17.42
2026-06-21,P05,general,7,112,5.34
2026-06-21,P05,local,5,70,5.35
2026-06-21,P06,general,2,42,12.21
2026-06-21,P06,local,1,26,12.41
2026-06-21,P07,general,2,95,10.39
2026-06-21,P07,local,2,37,10.45
2026-06-21,P08,general,5,86,5.09
2026-06-21,P08,local,3,25,4.79
2026-06-21,P09,general,0,61,12.66
2026-06-21,P09,local,0,24,11.85
2026-06-21,P10,general,1,41,12.9
2026-06-21,P10,local,1,20,12.91
2026-06-21,P11,general,1,26,11.63
2026-06-21,P11,local,1,18,12
2026-06-21,P12,general,2,43,6.67
2026-06-21,P12,local,0,23,6.7
2026-06-21,P13,general,4,57,5.9
2026-06-21,P13,local,4,41,5.89
2026-06-21,P14,general,1,32,16.21
2026-06-21,P14,local,0,21,16.46
2026-06-21,P15,general,0,46,19.55
2026-06-21,P15,local,3,25,20.02
2026-06-21,P16,general,3,59,15.84
2026-06-21,P16,local,0,40,16.85
2026-06-21,P17,general,3,78,8.73
2026-06-21,P17,local,1,38,8.93
2026-06-21,P18,general,0,54,15.14
2026-06-21,P18,local,2,27,14.8
2026-06-21,P19,general,6,93,5.87
2026-06-21,P19,local,5,69,5.96
2026-06-21,P20,general,3,43,7.2
2026-06-21,P20,local,0,43,7.59
2026-06-21,P21,general,3,77,9.74
2026-06-21,P21,local,2,60,9.67
2026-06-21,P22,general,0,51,17.57
2026-06-21,P22,local,0,28,16.77
2026-06-21,P23,general,0,79,7.75
2026-06-21,P23,local,2,34,8.58
2026-06-21,P24,general,2,77,12.71
2026-06-21,P24,local,1,45,11.98
2026-06-21,P25,general,2,29,16.11
2026-06-21,P25,local,0,33,15.5
2026-06-22,P01,general,1,71,14.13
2026-06-22,P01,local,0,36,13.8
2026-06-22,P02,general,3,79,11.44
2026-06-22,P02,local,2,51,11.49
2026-06-22,P03,general,1,73,12.36
2026-06-22,P03,local,0,47,12.2
2026-06-22,P04,general,2,78,16.38
2026-06-22,P04,local,0,51,16.39
2026-06-22,P05,general,7,139,5.06
2026-06-22,P05,local,6,100,4.84
2026-06-22,P06,general,2,49,13.81
2026-06-22,P06,local,0,32,13.29
2026-06-22,P07,general,10,137,8.86
2026-06-22,P07,local,0,43,8.9
2026-06-22,P08,general,7,109,4.05
2026-06-22,P08,local,3,38,4.16
2026-06-22,P09,general,3,80,9.39
2026-06-22,P09,local,1,44,9.01
2026-06-22,P10,general,2,66,13.4
2026-06-22,P10,local,0,27,13.71
2026-06-22,P11,general,1,37,12.3
2026-06-22,P11,local,1,29,12.04
2026-06-22,P12,general,3,69,6.55
2026-06-22,P12,local,2,27,6.63
2026-06-22,P13,general,7,78,5.66
2026-06-22,P13,local,5,67,5.68
2026-06-22,P14,general,1,50,16.88
2026-06-22,P14,local,0,28,16.98
2026-06-22,P15,general,2,51,18.82
2026-06-22,P15,local,1,18,19.42
2026-06-22,P16,general,3,80,14.06
2026-06-22,P16,local,2,66,13.54
2026-06-22,P17,general,6,115,9.18
2026-06-22,P17,local,0,48,9.1
2026-06-22,P18,general,4,76,14.29
2026-06-22,P18,local,0,41,14.53
2026-06-22,P19,general,13,171,5.53
2026-06-22,P19,local,6,84,4.95
2026-06-22,P20,general,3,59,7.11
2026-06-22,P20,local,4,48,6.73
2026-06-22,P21,general,4,71,10.88
2026-06-22,P21,local,4,72,9.77
2026-06-22,P22,general,1,92,15.88
2026-06-22,P22,local,1,27,15.34
2026-06-22,P23,general,3,103,8.95
2026-06-22,P23,local,3,40,8.95
2026-06-22,P24,general,3,97,12.42
2026-06-22,P24,local,2,48,12.42
2026-06-22,P25,general,0,50,14.86
2026-06-22,P25,local,1,34,14.29
2026-06-23,P01,general,3,67,14.31
2026-06-23,P01,local,0,25,14.17
2026-06-23,P02,general,4,90,11.05
2026-06-23,P02,local,1,49,11.41
2026-06-23,P03,general,2,74,14.95
2026-06-23,P03,local,2,50,14.3
2026-06-23,P04,general,0,72,18.82
2026-06-23,P04,local,0,45,18.8
2026-06-23,P05,general,7,146,5.27
2026-06-23,P05,local,7,89,5.28
2026-06-23,P06,general,1,41,14.82
2026-06-23,P06,local,0,20,14.97
2026-06-23,P07,general,3,143,9.48
2026-06-23,P07,local,2,41,9.92
2026-06-23,P08,general,14,115,4.24
2026-06-23,P08,local,5,47,4.14
2026-06-23,P09,general,0,83,11.05
2026-06-23,P09,local,1,36,10.54
2026-06-23,P10,general,2,46,14.52
2026-06-23,P10,local,2,21,14.31
2026-06-23,P11,general,2,28,13.93
2026-06-23,P11,local,0,28,13.24
2026-06-23,P12,general,5,82,6.83
2026-06-23,P12,local,1,33,6.27
2026-06-23,P13,general,4,74,6.12
2026-06-23,P13,local,4,66,5.94
2026-06-23,P14,general,3,47,16.78
2026-06-23,P14,local,0,29,18.63
2026-06-23,P15,general,0,49,17.25
2026-06-23,P15,local,0,21,17.76
2026-06-23,P16,general,2,95,13.65
2026-06-23,P16,local,0,63,13.19
2026-06-23,P17,general,2,100,9.52
2026-06-23,P17,local,0,52,10.38
2026-06-23,P18,general,7,74,14.52
2026-06-23,P18,local,3,45,14.83
2026-06-23,P19,general,14,165,5.68
2026-06-23,P19,local,6,79,5.78
2026-06-23,P20,general,3,63,6.99
2026-06-23,P20,local,3,44,6.28
2026-06-23,P21,general,5,94,9.76
2026-06-23,P21,local,4,83,9.48
2026-06-23,P22,general,0,68,16.71
2026-06-23,P22,local,3,50,15.58
2026-06-23,P23,general,8,92,7.93
2026-06-23,P23,local,0,30,7.52
2026-06-23,P24,general,1,93,14.26
2026-06-23,P24,local,0,37,13.73
2026-06-23,P25,general,1,49,16.55
2026-06-23,P25,local,1,39,16.2
2026-06-24,P01,general,3,75,14.19
2026-06-24,P01,local,0,35,14.06
2026-06-24,P02,general,2,68,10.51
2026-06-24,P02,local,1,42,10.12
2026-06-24,P03,general,5,87,12.76
2026-06-24,P03,local,1,54,12.56
2026-06-24,P04,general,3,84,15.28
2026-06-24,P04,local,5,47,15.97
2026-06-24,P05,general,14,147,4.54
2026-06-24,P05,local,7,94,4.66
2026-06-24,P06,general,1,44,13.23
2026-06-24,P06,local,1,33,13.42
2026-06-24,P07,general,4,119,10.47
2026-06-24,P07,local,4,54,9.79
2026-06-24,P08,general,8,118,3.9
2026-06-24,P08,local,5,42,3.79
2026-06-24,P09,general,2,77,10.13
2026-06-24,P09,local,2,37,10.36
2026-06-24,P10,general,2,53,16.71
2026-06-24,P10,local,0,20,17.64
2026-06-24,P11,general,1,32,12.59
2026-06-24,P11,local,0,30,12.15
2026-06-24,P12,general,6,78,5.72
2026-06-24,P12,local,2,26,5.73
2026-06-24,P13,general,9,77,5.89
2026-06-24,P13,local,0,66,5.84
2026-06-24,P14,general,0,40,19.13
2026-06-24,P14,local,0,23,18.85
2026-06-24,P15,general,0,51,17.9
2026-06-24,P15,local,0,16,17.5
2026-06-24,P16,general,2,79,14.95
2026-06-24,P16,local,2,72,14.63
2026-06-24,P17,general,5,117,8.36
2026-06-24,P17,local,3,56,8.88
2026-06-24,P18,general,6,81,14.35
2026-06-24,P18,local,2,43,14.4
2026-06-24,P19,general,11,144,5.85
2026-06-24,P19,local,1,83,6
2026-06-24,P20,general,4,78,6.79
2026-06-24,P20,local,1,47,6.71
2026-06-24,P21,general,1,80,10.25
2026-06-24,P21,local,3,86,10.23
2026-06-24,P22,general,8,74,18.98
2026-06-24,P22,local,0,27,20.14
2026-06-24,P23,general,2,107,8.45
2026-06-24,P23,local,0,50,7.91
2026-06-24,P24,general,3,126,13.36
2026-06-24,P24,local,3,31,13.73
2026-06-24,P25,general,1,52,15.84
2026-06-24,P25,local,0,25,15.75
2026-06-25,P01,general,1,59,13.02
2026-06-25,P01,local,1,20,13.76
2026-06-25,P02,general,5,74,10.06
2026-06-25,P02,local,1,42,10.62
2026-06-25,P03,general,3,71,12.51
2026-06-25,P03,local,3,53,11.76
2026-06-25,P04,general,3,82,15.93
2026-06-25,P04,local,0,45,15.97
2026-06-25,P05,general,8,127,4.58
2026-06-25,P05,local,15,125,4.5
2026-06-25,P06,general,0,58,12.31
2026-06-25,P06,local,0,26,12.46
2026-06-25,P07,general,5,143,11.13
2026-06-25,P07,local,1,51,10.91
2026-06-25,P08,general,9,95,4.15
2026-06-25,P08,local,5,45,4.17
2026-06-25,P09,general,1,83,10.54
2026-06-25,P09,local,2,25,10.99
2026-06-25,P10,general,5,65,14.49
2026-06-25,P10,local,3,25,14.42
2026-06-25,P11,general,0,33,11.1
2026-06-25,P11,local,1,30,11.28
2026-06-25,P12,general,5,63,6.46
2026-06-25,P12,local,1,34,6.33
2026-06-25,P13,general,6,94,5.55
2026-06-25,P13,local,3,58,5.88
2026-06-25,P14,general,1,46,18.59
2026-06-25,P14,local,1,31,18.31
2026-06-25,P15,general,0,42,20.03
2026-06-25,P15,local,1,20,20.1
2026-06-25,P16,general,3,82,16.53
2026-06-25,P16,local,1,54,16.43
2026-06-25,P17,general,2,114,9.32
2026-06-25,P17,local,5,54,8.79
2026-06-25,P18,general,1,89,16.1
2026-06-25,P18,local,0,29,15.8
2026-06-25,P19,general,12,122,5.68
2026-06-25,P19,local,9,84,5.78
2026-06-25,P20,general,4,66,6.99
2026-06-25,P20,local,3,52,6.92
2026-06-25,P21,general,2,93,11.79
2026-06-25,P21,local,3,70,12.16
2026-06-25,P22,general,1,70,17.72
2026-06-25,P22,local,0,30,17.5
2026-06-25,P23,general,4,92,8.76
2026-06-25,P23,local,0,42,8.49
2026-06-25,P24,general,1,97,13.6
2026-06-25,P24,local,2,40,13.53
2026-06-25,P25,general,2,46,15.56
2026-06-25,P25,local,1,32,15.63
2026-06-26,P01,general,2,58,12.86
2026-06-26,P01,local,1,47,12.79
2026-06-26,P02,general,2,74,10.94
2026-06-26,P02,local,1,47,10.58
2026-06-26,P03,general,2,76,12.68
2026-06-26,P03,local,1,48,13.94
2026-06-26,P04,general,0,78,15.09
2026-06-26,P04,local,2,50,15.25
2026-06-26,P05,general,10,140,4.66
2026-06-26,P05,local,12,111,4.39
2026-06-26,P06,general,2,51,13.06
2026-06-26,P06,local,1,30,12.08
2026-06-26,P07,general,2,134,8.98
2026-06-26,P07,local,4,64,9.25
2026-06-26,P08,general,6,124,4.14
2026-06-26,P08,local,4,48,3.91
2026-06-26,P09,general,4,75,10.07
2026-06-26,P09,local,0,34,10.66
2026-06-26,P10,general,3,54,14.53
2026-06-26,P10,local,1,29,15.08
2026-06-26,P11,general,1,38,10.99
2026-06-26,P11,local,1,34,11.03
2026-06-26,P12,general,6,99,6.17
2026-06-26,P12,local,1,35,6.23
2026-06-26,P13,general,6,96,5.75
2026-06-26,P13,local,3,63,5.96
2026-06-26,P14,general,1,45,16.48
2026-06-26,P14,local,0,35,16.63
2026-06-26,P15,general,0,49,22.7
2026-06-26,P15,local,1,31,21.96
2026-06-26,P16,general,1,93,15.17
2026-06-26,P16,local,2,53,15.03
2026-06-26,P17,general,7,98,9.41
2026-06-26,P17,local,3,70,8.88
2026-06-26,P18,general,1,95,13.47
2026-06-26,P18,local,0,45,14.14
2026-06-26,P19,general,16,141,5.62
2026-06-26,P19,local,2,84,5.99
2026-06-26,P20,general,0,71,6.84
2026-06-26,P20,local,4,52,6.71
2026-06-26,P21,general,3,94,10.67
2026-06-26,P21,local,4,93,10.78
2026-06-26,P22,general,3,64,16.27
2026-06-26,P22,local,0,30,17.38
2026-06-26,P23,general,3,87,8.48
2026-06-26,P23,local,1,34,8.32
2026-06-26,P24,general,1,97,13.86
2026-06-26,P24,local,3,44,14.39
2026-06-26,P25,general,1,43,15.41
2026-06-26,P25,local,2,34,16.97
2026-06-27,P01,general,0,53,13.35
2026-06-27,P01,local,0,31,12.64
2026-06-27,P02,general,1,71,9.86
2026-06-27,P02,local,0,29,9.51
2026-06-27,P03,general,1,48,12.6
2026-06-27,P03,local,1,38,12.77
2026-06-27,P04,general,2,48,13.94
2026-06-27,P04,local,2,46,14.53
2026-06-27,P05,general,16,100,3.97
2026-06-27,P05,local,5,80,4.02
2026-06-27,P06,general,2,26,13.45
2026-06-27,P06,local,0,16,12.72
2026-06-27,P07,general,3,87,9.56
2026-06-27,P07,local,1,47,9.51
2026-06-27,P08,general,6,85,4.02
2026-06-27,P08,local,2,31,4.04
2026-06-27,P09,general,1,50,9.58
2026-06-27,P09,local,2,27,9.68
2026-06-27,P10,general,3,40,13.51
2026-06-27,P10,local,1,20,13.44
2026-06-27,P11,general,0,25,13.54
2026-06-27,P11,local,2,16,12.37
2026-06-27,P12,general,3,55,6.52
2026-06-27,P12,local,0,21,6.41
2026-06-27,P13,general,2,61,5.79
2026-06-27,P13,local,1,54,6
2026-06-27,P14,general,1,44,17.54
2026-06-27,P14,local,0,25,18.64
2026-06-27,P15,general,0,41,19.14
2026-06-27,P15,local,0,10,19.59
2026-06-27,P16,general,0,69,14.44
2026-06-27,P16,local,0,50,15.88
2026-06-27,P17,general,5,74,8.75
2026-06-27,P17,local,1,36,8.93
2026-06-27,P18,general,0,62,15.7
2026-06-27,P18,local,0,40,16.68
2026-06-27,P19,general,2,111,5.65
2026-06-27,P19,local,6,72,5.86
2026-06-27,P20,general,1,59,6.61
2026-06-27,P20,local,1,42,6.68
2026-06-27,P21,general,5,73,9.11
2026-06-27,P21,local,2,56,9.41
2026-06-27,P22,general,5,75,14.46
2026-06-27,P22,local,0,31,14.21
2026-06-27,P23,general,7,81,7.87
2026-06-27,P23,local,1,22,8.02
2026-06-27,P24,general,2,73,13.87
2026-06-27,P24,local,0,40,14.23
2026-06-27,P25,general,0,29,17.46
2026-06-27,P25,local,1,23,16.6
2026-06-28,P01,general,2,46,13.77
2026-06-28,P01,local,1,36,13.21
2026-06-28,P02,general,4,68,9.7
2026-06-28,P02,local,0,42,9.32
2026-06-28,P03,general,0,43,13.34
2026-06-28,P03,local,1,40,12.9
2026-06-28,P04,general,3,69,12.54
2026-06-28,P04,local,1,43,12.96
2026-06-28,P05,general,10,118,4.53
2026-06-28,P05,local,8,84,4.51
2026-06-28,P06,general,1,45,13.17
2026-06-28,P06,local,0,18,13.12
2026-06-28,P07,general,3,98,9.85
2026-06-28,P07,local,2,40,10.43
2026-06-28,P08,general,4,82,4.58
2026-06-28,P08,local,3,29,4.82
2026-06-28,P09,general,1,69,9.83
2026-06-28,P09,local,0,26,9.6
2026-06-28,P10,general,1,45,13.14
2026-06-28,P10,local,1,20,13.37
2026-06-28,P11,general,1,28,11.49
2026-06-28,P11,local,0,22,11.7
2026-06-28,P12,general,6,50,6
2026-06-28,P12,local,1,13,5.76
2026-06-28,P13,general,6,61,5.83
2026-06-28,P13,local,2,43,5.74
2026-06-28,P14,general,0,36,18.33
2026-06-28,P14,local,0,26,18.67
2026-06-28,P15,general,1,41,18.36
2026-06-28,P15,local,2,21,20.02
2026-06-28,P16,general,0,69,14.64
2026-06-28,P16,local,2,40,14.95
2026-06-28,P17,general,2,86,7.84
2026-06-28,P17,local,0,46,7.85
2026-06-28,P18,general,1,69,13.95
2026-06-28,P18,local,1,37,13.81
2026-06-28,P19,general,7,99,6.07
2026-06-28,P19,local,5,63,6.04
2026-06-28,P20,general,3,46,7.11
2026-06-28,P20,local,2,32,6.98
2026-06-28,P21,general,1,69,10.37
2026-06-28,P21,local,4,54,10.5
2026-06-28,P22,general,1,46,17.74
2026-06-28,P22,local,0,24,17.36
2026-06-28,P23,general,4,73,8.19
2026-06-28,P23,local,0,28,8.68
2026-06-28,P24,general,1,65,11.79
2026-06-28,P24,local,1,34,12.37
2026-06-28,P25,general,1,26,16.26
2026-06-28,P25,local,1,28,17.08
2026-06-29,P01,general,1,59,11.75
2026-06-29,P01,local,1,23,12.51
2026-06-29,P02,general,4,81,8.58
2026-06-29,P02,local,2,47,9.17
2026-06-29,P03,general,2,93,11.73
2026-06-29,P03,local,2,46,11.71
2026-06-29,P04,general,5,89,13.61
2026-06-29,P04,local,2,61,13.58
2026-06-29,P05,general,13,149,4.24
2026-06-29,P05,local,8,132,4.22
2026-06-29,P06,general,1,56,12.23
2026-06-29,P06,local,0,25,13.33
2026-06-29,P07,general,9,140,10.81
2026-06-29,P07,local,3,39,10.75
2026-06-29,P08,general,10,129,4.29
2026-06-29,P08,local,2,43,4.08
2026-06-29,P09,general,5,81,10.94
2026-06-29,P09,local,2,27,10.44
2026-06-29,P10,general,4,63,13.3
2026-06-29,P10,local,2,22,14.42
2026-06-29,P11,general,0,30,12.9
2026-06-29,P11,local,0,29,12.41
2026-06-29,P12,general,9,72,6.41
2026-06-29,P12,local,2,43,6.36
2026-06-29,P13,general,4,75,5.22
2026-06-29,P13,local,4,58,5.42
2026-06-29,P14,general,0,60,16.41
2026-06-29,P14,local,0,32,16.33
2026-06-29,P15,general,3,56,20.78
2026-06-29,P15,local,1,25,20.14
2026-06-29,P16,general,3,79,16.52
2026-06-29,P16,local,0,51,14.5
2026-06-29,P17,general,8,101,9.17
2026-06-29,P17,local,0,50,8.62
2026-06-29,P18,general,1,68,15.01
2026-06-29,P18,local,1,49,14.17
2026-06-29,P19,general,9,146,4.86
2026-06-29,P19,local,8,99,4.81
2026-06-29,P20,general,1,64,7.66
2026-06-29,P20,local,3,53,7.44
2026-06-29,P21,general,5,109,9.62
2026-06-29,P21,local,2,67,10.36
2026-06-29,P22,general,1,87,14.79
2026-06-29,P22,local,1,36,14.25
2026-06-29,P23,general,3,83,8.76
2026-06-29,P23,local,2,28,8.6
2026-06-29,P24,general,1,98,12.8
2026-06-29,P24,local,0,51,13.08
2026-06-29,P25,general,0,47,15.98
2026-06-29,P25,local,0,30,15.83
2026-06-30,P01,general,1,63,12.51
2026-06-30,P01,local,2,45,13.13
2026-06-30,P02,general,2,83,8.48
2026-06-30,P02,local,0,47,8.11
2026-06-30,P03,general,2,83,11.47
2026-06-30,P03,local,4,44,11.81
2026-06-30,P04,general,3,97,16.1
2026-06-30,P04,local,1,55,14.73
2026-06-30,P05,general,13,140,4.15
2026-06-30,P05,local,5,99,4.13
2026-06-30,P06,general,2,46,14.61
2026-06-30,P06,local,2,37,13.4
2026-06-30,P07,general,4,143,9.9
2026-06-30,P07,local,2,45,9.45
2026-06-30,P08,general,15,125,4.11
2026-06-30,P08,local,0,47,4.21
2026-06-30,P09,general,3,103,9.92
2026-06-30,P09,local,0,25,10.34
2026-06-30,P10,general,1,54,13.7
2026-06-30,P10,local,1,31,14.38
2026-06-30,P11,general,2,24,11.28
2026-06-30,P11,local,1,37,12.03
2026-06-30,P12,general,6,61,6.54
2026-06-30,P12,local,3,33,6.6
2026-06-30,P13,general,4,74,5.66
2026-06-30,P13,local,4,69,5.59
2026-06-30,P14,general,0,46,17.77
2026-06-30,P14,local,2,26,18.66
2026-06-30,P15,general,0,50,20.86
2026-06-30,P15,local,0,18,20.04
2026-06-30,P16,general,3,84,15.71
2026-06-30,P16,local,2,63,15.1
2026-06-30,P17,general,8,114,8.79
2026-06-30,P17,local,1,39,8.76
2026-06-30,P18,general,3,61,14.16
2026-06-30,P18,local,1,47,14.1
2026-06-30,P19,general,6,147,5.83
2026-06-30,P19,local,3,72,5.95
2026-06-30,P20,general,4,77,6.26
2026-06-30,P20,local,0,57,6.57
2026-06-30,P21,general,4,94,10.12
2026-06-30,P21,local,4,74,9.55
2026-06-30,P22,general,3,78,15.91
2026-06-30,P22,local,1,34,16.34
2026-06-30,P23,general,4,96,8.54
2026-06-30,P23,local,0,31,8.61
2026-06-30,P24,general,4,97,12.77
2026-06-30,P24,local,4,56,12.65
2026-06-30,P25,general,2,39,15.04
2026-06-30,P25,local,0,42,14.5
2026-07-01,P01,general,4,77,11.87
2026-07-01,P01,local,2,46,12.41
2026-07-01,P02,general,2,94,8.37
2026-07-01,P02,local,3,52,8.4
2026-07-01,P03,general,2,89,11
2026-07-01,P03,local,1,63,10.73
2026-07-01,P04,general,3,81,13.65
2026-07-01,P04,local,1,63,14.1
2026-07-01,P05,general,17,163,3.8
2026-07-01,P05,local,5,115,3.72
2026-07-01,P06,general,3,46,11.83
2026-07-01,P06,local,0,38,12.19
2026-07-01,P07,general,4,138,9.32
2026-07-01,P07,local,5,49,9.51
2026-07-01,P08,general,6,128,4.84
2026-07-01,P08,local,2,44,4.35
2026-07-01,P09,general,3,81,10.51
2026-07-01,P09,local,0,41,11.27
2026-07-01,P10,general,1,76,13.78
2026-07-01,P10,local,0,20,14.37
2026-07-01,P11,general,1,35,12.98
2026-07-01,P11,local,0,35,13.21
2026-07-01,P12,general,7,83,5.75
2026-07-01,P12,local,0,34,5.56
2026-07-01,P13,general,8,97,5.75
2026-07-01,P13,local,5,71,5.66
2026-07-01,P14,general,1,45,18.51
2026-07-01,P14,local,1,43,17.48
2026-07-01,P15,general,0,55,18.9
2026-07-01,P15,local,0,27,18.49
2026-07-01,P16,general,2,87,13.65
2026-07-01,P16,local,2,63,13.89
2026-07-01,P17,general,6,94,9.15
2026-07-01,P17,local,1,44,8.9
2026-07-01,P18,general,4,75,13.84
2026-07-01,P18,local,3,46,14.35
2026-07-01,P19,general,16,156,5.26
2026-07-01,P19,local,5,87,4.98
2026-07-01,P20,general,2,57,7.12
2026-07-01,P20,local,3,50,7.2
2026-07-01,P21,general,3,92,10.09
2026-07-01,P21,local,3,77,10.31
2026-07-01,P22,general,1,103,15.43
2026-07-01,P22,local,1,38,15.2
2026-07-01,P23,general,5,94,7.81
2026-07-01,P23,local,7,53,7.9
2026-07-01,P24,general,5,91,12.83
2026-07-01,P24,local,2,51,13.42
2026-07-01,P25,general,1,44,15.38
2026-07-01,P25,local,1,33,17.07
2026-07-02,P01,general,2,66,12.19
2026-07-02,P01,local,3,32,11.89
2026-07-02,P02,general,4,92,7.95
2026-07-02,P02,local,1,53,8.02
2026-07-02,P03,general,5,91,11.25
2026-07-02,P03,local,5,49,10.31
2026-07-02,P04,general,2,82,12.75
2026-07-02,P04,local,1,49,12.76
2026-07-02,P05,general,14,167,3.88
2026-07-02,P05,local,14,136,3.72
2026-07-02,P06,general,0,59,12.27
2026-07-02,P06,local,0,24,11.48
2026-07-02,P07,general,6,125,10.01
2026-07-02,P07,local,1,53,10.09
2026-07-02,P08,general,4,88,4.11
2026-07-02,P08,local,5,36,4.28
2026-07-02,P09,general,1,79,10.78
2026-07-02,P09,local,1,32,10.59
2026-07-02,P10,general,1,73,13.62
2026-07-02,P10,local,2,26,13.82
2026-07-02,P11,general,0,37,12.04
2026-07-02,P11,local,2,29,11.66
2026-07-02,P12,general,2,63,6.04
2026-07-02,P12,local,1,44,6.18
2026-07-02,P13,general,3,88,6.5
2026-07-02,P13,local,3,67,6.21
2026-07-02,P14,general,2,46,18.53
2026-07-02,P14,local,0,34,18.27
2026-07-02,P15,general,0,46,20.04
2026-07-02,P15,local,0,23,20.15
2026-07-02,P16,general,2,100,13.38
2026-07-02,P16,local,1,57,14.1
2026-07-02,P17,general,2,113,9.69
2026-07-02,P17,local,2,64,9.97
2026-07-02,P18,general,5,69,14.87
2026-07-02,P18,local,1,32,14.91
2026-07-02,P19,general,7,134,6.12
2026-07-02,P19,local,5,68,5.42
2026-07-02,P20,general,4,61,6.98
2026-07-02,P20,local,0,65,6.57
2026-07-02,P21,general,2,99,10.85
2026-07-02,P21,local,1,70,11.19
2026-07-02,P22,general,0,84,16.25
2026-07-02,P22,local,0,44,16.24
2026-07-02,P23,general,5,92,8.48
2026-07-02,P23,local,2,33,8.53
2026-07-02,P24,general,0,97,13.37
2026-07-02,P24,local,2,46,13.91
2026-07-02,P25,general,0,41,14.88
2026-07-02,P25,local,2,45,14.45
2026-07-03,P01,general,0,83,9.86
2026-07-03,P01,local,2,35,10.32
2026-07-03,P02,general,4,95,8.88
2026-07-03,P02,local,2,44,8.76
2026-07-03,P03,general,1,77,10.44
2026-07-03,P03,local,2,56,10.88
2026-07-03,P04,general,7,97,12.7
2026-07-03,P04,local,3,82,12.53
2026-07-03,P05,general,14,174,4.16
2026-07-03,P05,local,14,123,3.94
2026-07-03,P06,general,1,38,11.42
2026-07-03,P06,local,0,24,11.37
2026-07-03,P07,general,2,130,9.93
2026-07-03,P07,local,3,48,9.58
2026-07-03,P08,general,15,120,4.55
2026-07-03,P08,local,6,43,4.64
2026-07-03,P09,general,2,88,9.44
2026-07-03,P09,local,4,38,9.78
2026-07-03,P10,general,0,55,14.5
2026-07-03,P10,local,0,22,13.65
2026-07-03,P11,general,1,30,12.38
2026-07-03,P11,local,0,23,12.19
2026-07-03,P12,general,4,68,6.08
2026-07-03,P12,local,2,38,6.21
2026-07-03,P13,general,6,74,5.95
2026-07-03,P13,local,3,70,5.65
2026-07-03,P14,general,0,44,18.33
2026-07-03,P14,local,1,37,18.35
2026-07-03,P15,general,2,51,19.3
2026-07-03,P15,local,1,24,19.82
2026-07-03,P16,general,3,105,13.44
2026-07-03,P16,local,2,58,13.35
2026-07-03,P17,general,3,114,8.59
2026-07-03,P17,local,1,48,8.53
2026-07-03,P18,general,0,89,13.63
2026-07-03,P18,local,1,50,12.86
2026-07-03,P19,general,7,144,5.18
2026-07-03,P19,local,2,92,5.37
2026-07-03,P20,general,1,58,7.14
2026-07-03,P20,local,8,50,6.91
2026-07-03,P21,general,4,123,9.05
2026-07-03,P21,local,6,70,9.29
2026-07-03,P22,general,0,77,18.15
2026-07-03,P22,local,1,35,19.02
2026-07-03,P23,general,3,87,9.25
2026-07-03,P23,local,3,30,8.63
2026-07-03,P24,general,5,97,12.15
2026-07-03,P24,local,1,46,11.93
2026-07-03,P25,general,1,40,15.4
2026-07-03,P25,local,0,36,14.98
2026-07-04,P01,general,2,49,9.97
2026-07-04,P01,local,0,40,10.48
2026-07-04,P02,general,3,73,8.36
2026-07-04,P02,local,1,35,7.84
2026-07-04,P03,general,5,60,10.18
2026-07-04,P03,local,0,43,10.58
2026-07-04,P04,general,6,71,11.26
2026-07-04,P04,local,0,44,11.23
2026-07-04,P05,general,12,122,3.94
2026-07-04,P05,local,12,82,3.96
2026-07-04,P06,general,1,42,13.94
2026-07-04,P06,local,0,18,14.22
2026-07-04,P07,general,2,101,11.75
2026-07-04,P07,local,1,31,11.37
2026-07-04,P08,general,7,76,4.75
2026-07-04,P08,local,2,34,4.83
2026-07-04,P09,general,4,78,10.16
2026-07-04,P09,local,0,22,10.43
2026-07-04,P10,general,2,45,15.8
2026-07-04,P10,local,1,14,15.94
2026-07-04,P11,general,3,38,11.39
2026-07-04,P11,local,2,19,11.27
2026-07-04,P12,general,3,67,6.19
2026-07-04,P12,local,1,31,5.89
2026-07-04,P13,general,2,67,5.94
2026-07-04,P13,local,2,62,6.05
2026-07-04,P14,general,2,36,17.07
2026-07-04,P14,local,1,28,15.76
2026-07-04,P15,general,1,40,19.52
2026-07-04,P15,local,0,21,19.92
2026-07-04,P16,general,4,67,14.99
2026-07-04,P16,local,0,39,14.45
2026-07-04,P17,general,5,100,8.84
2026-07-04,P17,local,0,40,9.35
2026-07-04,P18,general,2,87,13.45
2026-07-04,P18,local,1,45,13.87
2026-07-04,P19,general,5,101,5.87
2026-07-04,P19,local,3,59,5.42
2026-07-04,P20,general,2,45,7.65
2026-07-04,P20,local,2,27,7.29
2026-07-04,P21,general,3,65,10.03
2026-07-04,P21,local,5,59,10.03
2026-07-04,P22,general,2,61,13.16
2026-07-04,P22,local,0,28,13.89
2026-07-04,P23,general,5,60,8.76
2026-07-04,P23,local,1,31,8.67
2026-07-04,P24,general,0,85,13.41
2026-07-04,P24,local,2,41,12.84
2026-07-04,P25,general,0,33,17.01
2026-07-04,P25,local,0,27,16.71
2026-07-05,P01,general,2,63,10.97
2026-07-05,P01,local,0,49,10.5
2026-07-05,P02,general,6,70,8.28
2026-07-05,P02,local,5,42,8.02
2026-07-05,P03,general,0,51,11.93
2026-07-05,P03,local,2,46,12.09
2026-07-05,P04,general,2,66,11.86
2026-07-05,P04,local,0,44,12.05
2026-07-05,P05,general,12,128,4.21
2026-07-05,P05,local,7,73,4.02
2026-07-05,P06,general,0,26,13.54
2026-07-05,P06,local,2,17,13.1
2026-07-05,P07,general,1,105,9.49
2026-07-05,P07,local,2,32,9.25
2026-07-05,P08,general,8,71,4.33
2026-07-05,P08,local,1,29,4.44
2026-07-05,P09,general,2,50,10.51
2026-07-05,P09,local,0,27,10.92
2026-07-05,P10,general,1,41,13.62
2026-07-05,P10,local,0,14,13.64
2026-07-05,P11,general,1,17,11.83
2026-07-05,P11,local,1,31,11.43
2026-07-05,P12,general,6,62,6.28
2026-07-05,P12,local,3,39,6.07
2026-07-05,P13,general,1,61,5.45
2026-07-05,P13,local,4,50,5.47
2026-07-05,P14,general,0,20,18.39
2026-07-05,P14,local,0,31,18.51
2026-07-05,P15,general,0,35,18.98
2026-07-05,P15,local,0,18,19.28
2026-07-05,P16,general,3,75,16.13
2026-07-05,P16,local,0,44,15.5
2026-07-05,P17,general,7,71,8.52
2026-07-05,P17,local,2,46,8.5
2026-07-05,P18,general,0,55,15.93
2026-07-05,P18,local,0,26,15.97
2026-07-05,P19,general,9,123,5.23
2026-07-05,P19,local,5,63,5.03
2026-07-05,P20,general,1,46,6.83
2026-07-05,P20,local,3,33,6.78
2026-07-05,P21,general,1,73,9.7
2026-07-05,P21,local,2,68,9.11
2026-07-05,P22,general,1,59,16.52
2026-07-05,P22,local,0,24,17.13
2026-07-05,P23,general,2,66,9.13
2026-07-05,P23,local,2,26,9.29
2026-07-05,P24,general,0,64,14.01
2026-07-05,P24,local,0,31,13.75
2026-07-05,P25,general,0,34,16.52
2026-07-05,P25,local,1,31,17.09
2026-07-06,P01,general,3,66,9.86
2026-07-06,P01,local,4,48,10.27
2026-07-06,P02,general,3,93,7.86
2026-07-06,P02,local,0,60,7.96
2026-07-06,P03,general,8,70,10.85
2026-07-06,P03,local,1,45,10.47
2026-07-06,P04,general,1,119,12.17
2026-07-06,P04,local,3,61,11.43
2026-07-06,P05,general,15,154,4.43
2026-07-06,P05,local,11,109,4.4
2026-07-06,P06,general,2,49,11.51
2026-07-06,P06,local,2,38,11.49
2026-07-06,P07,general,8,123,10.17
2026-07-06,P07,local,3,53,10.62
2026-07-06,P08,general,13,98,4.49
2026-07-06,P08,local,3,44,4.36
2026-07-06,P09,general,1,90,10.48
2026-07-06,P09,local,0,38,10.11
2026-07-06,P10,general,1,42,15.05
2026-07-06,P10,local,1,15,15.47
2026-07-06,P11,general,0,34,11.07
2026-07-06,P11,local,2,27,11.76
2026-07-06,P12,general,4,57,6.37
2026-07-06,P12,local,1,34,6.47
2026-07-06,P13,general,7,92,5.61
2026-07-06,P13,local,2,72,5.45
2026-07-06,P14,general,2,44,16.84
2026-07-06,P14,local,0,34,16.55
2026-07-06,P15,general,0,52,18.4
2026-07-06,P15,local,0,23,19.75
2026-07-06,P16,general,1,76,13.58
2026-07-06,P16,local,4,71,13.54
2026-07-06,P17,general,5,100,9.76
2026-07-06,P17,local,3,52,9.63
2026-07-06,P18,general,4,75,15.3
2026-07-06,P18,local,3,39,14.22
2026-07-06,P19,general,8,139,5.3
2026-07-06,P19,local,6,82,5.33
2026-07-06,P20,general,5,71,7.1
2026-07-06,P20,local,2,53,7.33
2026-07-06,P21,general,3,101,11.03
2026-07-06,P21,local,0,66,10.89
2026-07-06,P22,general,2,67,17.01
2026-07-06,P22,local,0,46,16.97
2026-07-06,P23,general,3,99,8.88
2026-07-06,P23,local,5,37,8.54
2026-07-06,P24,general,1,103,14.05
2026-07-06,P24,local,2,50,13.46
2026-07-06,P25,general,1,50,14.33
2026-07-06,P25,local,1,29,15.41
2026-07-07,P01,general,1,82,10.5
2026-07-07,P01,local,3,34,10.71
2026-07-07,P02,general,4,105,7.27
2026-07-07,P02,local,2,61,7.38
2026-07-07,P03,general,1,74,10.39
2026-07-07,P03,local,0,40,10.15
2026-07-07,P04,general,2,97,11.61
2026-07-07,P04,local,0,44,12.19
2026-07-07,P05,general,19,160,3.52
2026-07-07,P05,local,12,132,3.63
2026-07-07,P06,general,1,43,13.03
2026-07-07,P06,local,1,27,12.93
2026-07-07,P07,general,2,140,9.35
2026-07-07,P07,local,2,48,9.43
2026-07-07,P08,general,11,127,4.42
2026-07-07,P08,local,4,53,4.65
2026-07-07,P09,general,3,72,9.75
2026-07-07,P09,local,1,30,10.69
2026-07-07,P10,general,4,68,14.83
2026-07-07,P10,local,1,19,14.76
2026-07-07,P11,general,2,43,13.16
2026-07-07,P11,local,1,19,12.86
2026-07-07,P12,general,6,82,5.7
2026-07-07,P12,local,1,32,6.22
2026-07-07,P13,general,5,91,6.52
2026-07-07,P13,local,1,66,6.46
2026-07-07,P14,general,3,54,18.27
2026-07-07,P14,local,0,32,18.51
2026-07-07,P15,general,2,48,17.52
2026-07-07,P15,local,1,21,17.21
2026-07-07,P16,general,5,104,14.75
2026-07-07,P16,local,1,64,15.19
2026-07-07,P17,general,5,126,8.26
2026-07-07,P17,local,2,54,8.87
2026-07-07,P18,general,2,93,13.69
2026-07-07,P18,local,0,47,14.27
2026-07-07,P19,general,10,142,6.01
2026-07-07,P19,local,8,74,5.83
2026-07-07,P20,general,4,69,6.44
2026-07-07,P20,local,5,64,6.27
2026-07-07,P21,general,5,96,10.48
2026-07-07,P21,local,6,79,10.25
2026-07-07,P22,general,1,66,16.97
2026-07-07,P22,local,0,34,16.54
2026-07-07,P23,general,4,93,9.07
2026-07-07,P23,local,2,34,8.67
2026-07-07,P24,general,4,96,13.53
2026-07-07,P24,local,0,37,14.93
2026-07-07,P25,general,3,36,15.74
2026-07-07,P25,local,0,42,16.18
2026-07-08,P01,general,0,69,10.72
2026-07-08,P01,local,3,41,11.13
2026-07-08,P02,general,6,114,8.42
2026-07-08,P02,local,0,48,8.58
2026-07-08,P03,general,5,84,10.43
2026-07-08,P03,local,0,55,11.12
2026-07-08,P04,general,3,92,12.51
2026-07-08,P04,local,2,56,12.43
2026-07-08,P05,general,10,164,3.9
2026-07-08,P05,local,3,120,3.86
2026-07-08,P06,general,2,46,12.11
2026-07-08,P06,local,1,35,13.09
2026-07-08,P07,general,13,158,8.86
2026-07-08,P07,local,0,54,9.05
2026-07-08,P08,general,7,90,5.29
2026-07-08,P08,local,2,42,4.75
2026-07-08,P09,general,2,77,12.31
2026-07-08,P09,local,1,25,11.97
2026-07-08,P10,general,0,47,14.72
2026-07-08,P10,local,1,27,13.92
2026-07-08,P11,general,0,44,11.84
2026-07-08,P11,local,2,30,12.25
2026-07-08,P12,general,4,78,5.63
2026-07-08,P12,local,2,33,5.44
2026-07-08,P13,general,4,78,5.57
2026-07-08,P13,local,1,59,6.01
2026-07-08,P14,general,4,62,15.91
2026-07-08,P14,local,1,35,16.21
2026-07-08,P15,general,0,52,17.71
2026-07-08,P15,local,1,30,19.67
2026-07-08,P16,general,2,91,14.17
2026-07-08,P16,local,2,73,14.49
2026-07-08,P17,general,7,112,9.18
2026-07-08,P17,local,1,42,9.34
2026-07-08,P18,general,3,79,15.38
2026-07-08,P18,local,1,41,14.76
2026-07-08,P19,general,14,157,5.19
2026-07-08,P19,local,4,87,5.07
2026-07-08,P20,general,6,75,6.03
2026-07-08,P20,local,4,62,6.16
2026-07-08,P21,general,6,94,9.43
2026-07-08,P21,local,2,84,9.58
2026-07-08,P22,general,1,67,19.04
2026-07-08,P22,local,1,33,20.2
2026-07-08,P23,general,8,110,7.81
2026-07-08,P23,local,1,35,7.98
2026-07-08,P24,general,3,101,13
2026-07-08,P24,local,1,44,12.85
2026-07-08,P25,general,1,53,17.1
2026-07-08,P25,local,0,39,15.94
2026-07-09,P01,general,5,86,9.9
2026-07-09,P01,local,3,51,9.98
2026-07-09,P02,general,1,82,9.38
2026-07-09,P02,local,5,50,9.53
2026-07-09,P03,general,4,94,10.18
2026-07-09,P03,local,1,58,9.68
2026-07-09,P04,general,3,80,12.05
2026-07-09,P04,local,1,55,12.38
2026-07-09,P05,general,16,157,3.83
2026-07-09,P05,local,8,106,3.84
2026-07-09,P06,general,1,44,14.23
2026-07-09,P06,local,1,26,13.9
2026-07-09,P07,general,7,135,9.75
2026-07-09,P07,local,1,44,10.52
2026-07-09,P08,general,12,107,4.21
2026-07-09,P08,local,8,52,4.31
2026-07-09,P09,general,1,71,10.31
2026-07-09,P09,local,0,44,10.9
2026-07-09,P10,general,3,69,11.97
2026-07-09,P10,local,1,20,11.78
2026-07-09,P11,general,1,28,11.72
2026-07-09,P11,local,1,32,11.93
2026-07-09,P12,general,3,85,6.43
2026-07-09,P12,local,2,34,6.04
2026-07-09,P13,general,3,69,5.71
2026-07-09,P13,local,2,67,5.96
2026-07-09,P14,general,2,60,16.59
2026-07-09,P14,local,0,33,16.8
2026-07-09,P15,general,3,62,19.05
2026-07-09,P15,local,1,21,19.09
2026-07-09,P16,general,4,97,13.3
2026-07-09,P16,local,1,56,13.29
2026-07-09,P17,general,2,115,8.7
2026-07-09,P17,local,1,44,9
2026-07-09,P18,general,2,84,13.86
2026-07-09,P18,local,1,42,13.07
2026-07-09,P19,general,8,128,5.78
2026-07-09,P19,local,5,84,5.86
2026-07-09,P20,general,0,62,6.81
2026-07-09,P20,local,2,48,6.9
2026-07-09,P21,general,2,100,11.32
2026-07-09,P21,local,3,76,10.75
2026-07-09,P22,general,3,72,17.62
2026-07-09,P22,local,1,35,17.27
2026-07-09,P23,general,3,80,8.32
2026-07-09,P23,local,1,33,7.73
2026-07-09,P24,general,6,84,13.22
2026-07-09,P24,local,0,46,13.92
2026-07-09,P25,general,1,47,14.8
2026-07-09,P25,local,1,35,15.99
2026-07-10,P01,general,2,74,10.48
2026-07-10,P01,local,2,41,10.49
2026-07-10,P02,general,2,98,7.37
2026-07-10,P02,local,2,49,7.19
2026-07-10,P03,general,5,76,10.02
2026-07-10,P03,local,1,48,9.72
2026-07-10,P04,general,4,94,11.74
2026-07-10,P04,local,1,48,10.94
2026-07-10,P05,general,15,174,3.53
2026-07-10,P05,local,8,113,3.91
2026-07-10,P06,general,1,37,11.83
2026-07-10,P06,local,1,28,11.54
2026-07-10,P07,general,6,136,9.6
2026-07-10,P07,local,1,48,9.78
2026-07-10,P08,general,14,105,4.28
2026-07-10,P08,local,6,52,4.29
2026-07-10,P09,general,6,96,10.46
2026-07-10,P09,local,2,31,10.8
2026-07-10,P10,general,3,62,14.45
2026-07-10,P10,local,0,20,14.64
2026-07-10,P11,general,1,42,11.36
2026-07-10,P11,local,2,31,12.23
2026-07-10,P12,general,6,63,6.75
2026-07-10,P12,local,5,35,6.62
2026-07-10,P13,general,5,87,5.33
2026-07-10,P13,local,4,79,5.09
2026-07-10,P14,general,2,57,17.01
2026-07-10,P14,local,1,57,16.49
2026-07-10,P15,general,1,58,16.5
2026-07-10,P15,local,0,32,15.88
2026-07-10,P16,general,0,82,14.96
2026-07-10,P16,local,4,62,15.43
2026-07-10,P17,general,4,112,9.06
2026-07-10,P17,local,3,45,9.03
2026-07-10,P18,general,1,73,14.32
2026-07-10,P18,local,1,37,14.35
2026-07-10,P19,general,9,169,5.69
2026-07-10,P19,local,5,78,6
2026-07-10,P20,general,3,84,6.81
2026-07-10,P20,local,4,47,7.04
2026-07-10,P21,general,3,82,10.91
2026-07-10,P21,local,4,90,10.38
2026-07-10,P22,general,2,76,17.08
2026-07-10,P22,local,0,33,16.02
2026-07-10,P23,general,4,81,8.87
2026-07-10,P23,local,2,37,9.19
2026-07-10,P24,general,3,93,13.32
2026-07-10,P24,local,4,46,13.72
2026-07-10,P25,general,1,51,17.3
2026-07-10,P25,local,1,25,17.16
2026-07-11,P01,general,1,47,10.08
2026-07-11,P01,local,2,46,10.25
2026-07-11,P02,general,4,75,7.31
2026-07-11,P02,local,4,47,7.56
2026-07-11,P03,general,1,63,10.93
2026-07-11,P03,local,1,43,10.78
2026-07-11,P04,general,2,77,11.86
2026-07-11,P04,local,3,50,11.34
2026-07-11,P05,general,11,121,3.31
2026-07-11,P05,local,14,101,3.33
2026-07-11,P06,general,1,37,12.17
2026-07-11,P06,local,0,17,11.66
2026-07-11,P07,general,4,94,9.55
2026-07-11,P07,local,1,38,9.58
2026-07-11,P08,general,10,83,4.22
2026-07-11,P08,local,3,34,4.25
2026-07-11,P09,general,1,56,11.11
2026-07-11,P09,local,4,20,11.22
2026-07-11,P10,general,1,35,15.53
2026-07-11,P10,local,1,16,15.12
2026-07-11,P11,general,1,28,12.54
2026-07-11,P11,local,0,18,12.47
2026-07-11,P12,general,5,52,6.23
2026-07-11,P12,local,2,31,6.18
2026-07-11,P13,general,0,58,6.41
2026-07-11,P13,local,2,66,6.25
2026-07-11,P14,general,2,30,18.98
2026-07-11,P14,local,0,22,18.93
2026-07-11,P15,general,0,32,18.19
2026-07-11,P15,local,0,26,18.55
2026-07-11,P16,general,2,64,13.36
2026-07-11,P16,local,0,48,14.08
2026-07-11,P17,general,3,106,8.39
2026-07-11,P17,local,5,37,8.32
2026-07-11,P18,general,4,57,14.06
2026-07-11,P18,local,2,37,13.72
2026-07-11,P19,general,6,118,5.36
2026-07-11,P19,local,4,53,5.09
2026-07-11,P20,general,6,62,7.35
2026-07-11,P20,local,1,48,7.48
2026-07-11,P21,general,3,83,9.73
2026-07-11,P21,local,1,59,10.15
2026-07-11,P22,general,0,57,16.88
2026-07-11,P22,local,0,28,17.63
2026-07-11,P23,general,3,68,8.02
2026-07-11,P23,local,1,25,7.91
2026-07-11,P24,general,1,63,13.64
2026-07-11,P24,local,2,38,14.26
2026-07-11,P25,general,0,25,15.7
2026-07-11,P25,local,0,26,16.07
2026-07-12,P01,general,2,53,11.1
2026-07-12,P01,local,0,32,11.69
2026-07-12,P02,general,3,63,6.85
2026-07-12,P02,local,4,40,7.05
2026-07-12,P03,general,2,77,9.32
2026-07-12,P03,local,2,43,9.52
2026-07-12,P04,general,0,68,12.94
2026-07-12,P04,local,1,47,12.32
2026-07-12,P05,general,14,144,3.37
2026-07-12,P05,local,10,80,3.46
2026-07-12,P06,general,2,30,10.47
2026-07-12,P06,local,2,25,10.34
2026-07-12,P07,general,5,122,9.63
2026-07-12,P07,local,0,51,9.78
2026-07-12,P08,general,6,93,3.9
2026-07-12,P08,local,2,31,3.74
2026-07-12,P09,general,4,60,10.79
2026-07-12,P09,local,2,24,10.43
2026-07-12,P10,general,1,38,15.09
2026-07-12,P10,local,0,17,14.81
2026-07-12,P11,general,2,28,11.17
2026-07-12,P11,local,0,25,11.03
2026-07-12,P12,general,4,64,5.51
2026-07-12,P12,local,1,32,5.61
2026-07-12,P13,general,1,56,5.53
2026-07-12,P13,local,4,65,5.69
2026-07-12,P14,general,1,35,18.96
2026-07-12,P14,local,0,27,20.2
2026-07-12,P15,general,1,38,20.35
2026-07-12,P15,local,0,17,19.78
2026-07-12,P16,general,2,61,15.43
2026-07-12,P16,local,0,45,15.46
2026-07-12,P17,general,1,71,8.86
2026-07-12,P17,local,3,38,9.09
2026-07-12,P18,general,0,51,17.42
2026-07-12,P18,local,1,34,16.34
2026-07-12,P19,general,4,109,6.11
2026-07-12,P19,local,4,70,6.34
2026-07-12,P20,general,3,58,6.64
2026-07-12,P20,local,0,39,6.35
2026-07-12,P21,general,1,77,11.12
2026-07-12,P21,local,1,60,11.15
2026-07-12,P22,general,0,56,16.71
2026-07-12,P22,local,0,24,16.08
2026-07-12,P23,general,5,69,9.85
2026-07-12,P23,local,0,32,9.68
2026-07-12,P24,general,1,75,13.14
2026-07-12,P24,local,1,38,13.9
2026-07-12,P25,general,0,40,16.96
2026-07-12,P25,local,0,33,17.91
2026-07-13,P01,general,8,84,9.32
2026-07-13,P01,local,2,41,10.37
2026-07-13,P02,general,5,108,6.95
2026-07-13,P02,local,7,54,7.04
2026-07-13,P03,general,6,89,10.08
2026-07-13,P03,local,3,58,9.79
2026-07-13,P04,general,6,99,11.37
2026-07-13,P04,local,2,57,11.7
2026-07-13,P05,general,10,170,3.65
2026-07-13,P05,local,14,106,3.66
2026-07-13,P06,general,1,49,11.82
2026-07-13,P06,local,1,19,12.51
2026-07-13,P07,general,8,131,9.83
2026-07-13,P07,local,2,42,10.22
2026-07-13,P08,general,11,102,4.55
2026-07-13,P08,local,3,39,4.5
2026-07-13,P09,general,3,80,10.23
2026-07-13,P09,local,3,32,9.94
2026-07-13,P10,general,2,62,11.8
2026-07-13,P10,local,1,25,12.14
2026-07-13,P11,general,0,35,12.52
2026-07-13,P11,local,1,30,13.06
2026-07-13,P12,general,5,71,6.02
2026-07-13,P12,local,3,47,5.99
2026-07-13,P13,general,3,78,5.45
2026-07-13,P13,local,3,87,5.5
2026-07-13,P14,general,0,49,19.12
2026-07-13,P14,local,1,29,18.51
2026-07-13,P15,general,1,47,18.33
2026-07-13,P15,local,0,20,19.45
2026-07-13,P16,general,4,103,13.36
2026-07-13,P16,local,0,73,13.51
2026-07-13,P17,general,6,108,8.57
2026-07-13,P17,local,2,66,9.34
2026-07-13,P18,general,3,70,14.18
2026-07-13,P18,local,3,39,14.85
2026-07-13,P19,general,9,155,5.33
2026-07-13,P19,local,4,71,5.2
2026-07-13,P20,general,8,70,7.33
2026-07-13,P20,local,2,54,6.87
2026-07-13,P21,general,5,97,9.42
2026-07-13,P21,local,1,75,9.83
2026-07-13,P22,general,2,80,17.32
2026-07-13,P22,local,1,30,16.58
2026-07-13,P23,general,2,95,8.74
2026-07-13,P23,local,2,30,9.1
2026-07-13,P24,general,1,89,13.25
2026-07-13,P24,local,1,50,14.05
2026-07-13,P25,general,1,38,16.62
2026-07-13,P25,local,0,22,15.41
2026-07-14,P01,general,1,74,11.29
2026-07-14,P01,local,1,45,11.05
2026-07-14,P02,general,2,111,7.51
2026-07-14,P02,local,1,50,7.44
2026-07-14,P03,general,3,95,10.22
2026-07-14,P03,local,0,54,10.28
2026-07-14,P04,general,7,91,12.93
2026-07-14,P04,local,1,47,12.63
2026-07-14,P05,general,16,179,3.68
2026-07-14,P05,local,9,120,3.69
2026-07-14,P06,general,1,39,12.37
2026-07-14,P06,local,1,34,13.14
2026-07-14,P07,general,8,137,9.39
2026-07-14,P07,local,4,53,9.1
2026-07-14,P08,general,9,119,4.3
2026-07-14,P08,local,4,39,4.28
2026-07-14,P09,general,3,80,10.49
2026-07-14,P09,local,1,25,10.28
2026-07-14,P10,general,1,57,14.73
2026-07-14,P10,local,0,19,14.32
2026-07-14,P11,general,2,36,12.78
2026-07-14,P11,local,1,31,12.92
2026-07-14,P12,general,6,75,6.48
2026-07-14,P12,local,0,39,6.43
2026-07-14,P13,general,2,73,6
2026-07-14,P13,local,4,66,5.99
2026-07-14,P14,general,1,42,20.16
2026-07-14,P14,local,1,37,20.5
2026-07-14,P15,general,0,49,19.3
2026-07-14,P15,local,1,29,17.8
2026-07-14,P16,general,3,103,13.7
2026-07-14,P16,local,1,61,13.98
2026-07-14,P17,general,1,113,9.97
2026-07-14,P17,local,2,51,9.88
2026-07-14,P18,general,1,75,15.28
2026-07-14,P18,local,1,56,15.62
2026-07-14,P19,general,9,140,5.44
2026-07-14,P19,local,6,95,5.42
2026-07-14,P20,general,4,60,7.54
2026-07-14,P20,local,3,55,7.89
2026-07-14,P21,general,4,98,10.14
2026-07-14,P21,local,1,64,9.93
2026-07-14,P22,general,3,82,18.44
2026-07-14,P22,local,2,33,17.43
2026-07-14,P23,general,6,97,8.59
2026-07-14,P23,local,0,40,8.52
2026-07-14,P24,general,2,97,12.7
2026-07-14,P24,local,4,55,14.35
2026-07-14,P25,general,1,46,16.52
2026-07-14,P25,local,0,22,17.6
2026-07-15,P01,general,3,72,9.06
2026-07-15,P01,local,0,48,9.27
2026-07-15,P02,general,4,84,8.1
2026-07-15,P02,local,2,58,8.12
2026-07-15,P03,general,4,95,10.14
2026-07-15,P03,local,4,51,10.29
2026-07-15,P04,general,5,88,12.4
2026-07-15,P04,local,2,56,12.51
2026-07-15,P05,general,20,162,3.43
2026-07-15,P05,local,8,118,3.59
2026-07-15,P06,general,0,53,13.17
2026-07-15,P06,local,1,28,12.68
2026-07-15,P07,general,5,148,9.14
2026-07-15,P07,local,3,60,9.56
2026-07-15,P08,general,13,119,4.28
2026-07-15,P08,local,8,53,4.25
2026-07-15,P09,general,4,66,11.02
2026-07-15,P09,local,3,28,10.25
2026-07-15,P10,general,2,57,14.68
2026-07-15,P10,local,1,23,13.7
2026-07-15,P11,general,0,29,13.33
2026-07-15,P11,local,0,35,13.12
2026-07-15,P12,general,4,80,6.31
2026-07-15,P12,local,4,45,6.16
2026-07-15,P13,general,4,89,5.94
2026-07-15,P13,local,9,81,6.29
2026-07-15,P14,general,2,56,17.52
2026-07-15,P14,local,1,43,17.87
2026-07-15,P15,general,2,54,17.1
2026-07-15,P15,local,1,34,17.64
2026-07-15,P16,general,3,93,14.23
2026-07-15,P16,local,2,70,13.95
2026-07-15,P17,general,2,99,9.19
2026-07-15,P17,local,2,62,9.33
2026-07-15,P18,general,3,88,16.07
2026-07-15,P18,local,0,35,15.71
2026-07-15,P19,general,5,126,5.64
2026-07-15,P19,local,11,109,5.33
2026-07-15,P20,general,4,57,7.33
2026-07-15,P20,local,4,42,7.02
2026-07-15,P21,general,6,106,11.38
2026-07-15,P21,local,2,71,11.1
2026-07-15,P22,general,1,69,15.71
2026-07-15,P22,local,0,25,16.66
2026-07-15,P23,general,2,92,8.11
2026-07-15,P23,local,2,34,8.39
2026-07-15,P24,general,4,97,12.64
2026-07-15,P24,local,2,48,12.5
2026-07-15,P25,general,2,48,16.26
2026-07-15,P25,local,1,37,15.47
2026-07-16,P01,general,5,79,11.69
2026-07-16,P01,local,2,35,11.35
2026-07-16,P02,general,2,107,7.87
2026-07-16,P02,local,2,63,7.64
2026-07-16,P03,general,3,74,9.13
2026-07-16,P03,local,0,47,9.17
2026-07-16,P04,general,0,95,12.19
2026-07-16,P04,local,0,58,12.21
2026-07-16,P05,general,24,182,3.39
2026-07-16,P05,local,16,133,3.55
2026-07-16,P06,general,1,56,11.42
2026-07-16,P06,local,0,17,12.01
2026-07-16,P07,general,8,141,9.04
2026-07-16,P07,local,3,51,9.49
2026-07-16,P08,general,7,97,4.24
2026-07-16,P08,local,9,47,4.49
2026-07-16,P09,general,5,88,10.76
2026-07-16,P09,local,2,31,10.5
2026-07-16,P10,general,2,56,14.3
2026-07-16,P10,local,1,27,14.28
2026-07-16,P11,general,1,28,12.14
2026-07-16,P11,local,1,31,13.25
2026-07-16,P12,general,3,90,6.52
2026-07-16,P12,local,3,41,6.22
2026-07-16,P13,general,2,76,5.89
2026-07-16,P13,local,6,82,5.55
2026-07-16,P14,general,1,47,19.51
2026-07-16,P14,local,1,37,19.56
2026-07-16,P15,general,0,45,18
2026-07-16,P15,local,0,21,18.61
2026-07-16,P16,general,1,82,14.28
2026-07-16,P16,local,1,60,15.27
2026-07-16,P17,general,5,110,8.55
2026-07-16,P17,local,3,62,8.95
2026-07-16,P18,general,3,63,15.45
2026-07-16,P18,local,2,55,16.8
2026-07-16,P19,general,6,118,5.68
2026-07-16,P19,local,6,87,5.51
2026-07-16,P20,general,2,72,7.45
2026-07-16,P20,local,1,43,7.39
2026-07-16,P21,general,7,99,9.25
2026-07-16,P21,local,7,65,9.4
2026-07-16,P22,general,2,83,16.85
2026-07-16,P22,local,1,32,16.33
2026-07-16,P23,general,3,92,9.6
2026-07-16,P23,local,1,36,9.42
2026-07-16,P24,general,3,99,14.7
2026-07-16,P24,local,0,48,14.79
2026-07-16,P25,general,0,54,18.42
2026-07-16,P25,local,0,32,18.71
2026-07-17,P01,general,1,99,9.05
2026-07-17,P01,local,1,38,9
2026-07-17,P02,general,2,87,8.15
2026-07-17,P02,local,1,40,7.93
2026-07-17,P03,general,0,90,11.06
2026-07-17,P03,local,4,51,11.13
2026-07-17,P04,general,2,90,11.68
2026-07-17,P04,local,2,56,11.34
2026-07-17,P05,general,14,155,3.83
2026-07-17,P05,local,6,112,3.87
2026-07-17,P06,general,2,37,11.48
2026-07-17,P06,local,2,31,11.24
2026-07-17,P07,general,6,114,10
2026-07-17,P07,local,4,54,9.68
2026-07-17,P08,general,12,102,4.75
2026-07-17,P08,local,4,50,4.77
2026-07-17,P09,general,1,85,9.54
2026-07-17,P09,local,2,36,9.92
2026-07-17,P10,general,0,80,15.72
2026-07-17,P10,local,1,16,15.04
2026-07-17,P11,general,3,29,13.66
2026-07-17,P11,local,0,33,13.02
2026-07-17,P12,general,6,75,5.73
2026-07-17,P12,local,6,44,5.9
2026-07-17,P13,general,5,89,5.46
2026-07-17,P13,local,6,93,5.51
2026-07-17,P14,general,0,44,15.78
2026-07-17,P14,local,0,57,16.19
2026-07-17,P15,general,0,48,17.45
2026-07-17,P15,local,1,25,16.48
2026-07-17,P16,general,3,104,14.19
2026-07-17,P16,local,3,56,13.48
2026-07-17,P17,general,6,110,9.98
2026-07-17,P17,local,1,52,9.69
2026-07-17,P18,general,0,86,15.97
2026-07-17,P18,local,0,34,15.94
2026-07-17,P19,general,13,140,5.4
2026-07-17,P19,local,2,75,5.33
2026-07-17,P20,general,0,57,6.78
2026-07-17,P20,local,4,37,6.91
2026-07-17,P21,general,1,92,8.98
2026-07-17,P21,local,1,75,9.02
2026-07-17,P22,general,1,67,20.09
2026-07-17,P22,local,0,37,19.43
2026-07-17,P23,general,5,76,9.86
2026-07-17,P23,local,0,39,9.66
2026-07-17,P24,general,0,93,14.66
2026-07-17,P24,local,3,51,14.18
2026-07-17,P25,general,1,44,16.37
2026-07-17,P25,local,1,32,16.38
2026-07-18,P01,general,1,60,9.31
2026-07-18,P01,local,0,42,9.13
2026-07-18,P02,general,1,63,8.6
2026-07-18,P02,local,1,40,8.3
2026-07-18,P03,general,2,73,9.57
2026-07-18,P03,local,1,35,9.37
2026-07-18,P04,general,1,80,11.87
2026-07-18,P04,local,1,44,12.08
2026-07-18,P05,general,9,119,3.65
2026-07-18,P05,local,8,96,3.47
2026-07-18,P06,general,2,27,12.88
2026-07-18,P06,local,1,26,12.31
2026-07-18,P07,general,2,95,10.09
2026-07-18,P07,local,2,31,9.94
2026-07-18,P08,general,7,82,4.13
2026-07-18,P08,local,5,37,4.1
2026-07-18,P09,general,2,65,10.58
2026-07-18,P09,local,1,25,11.1
2026-07-18,P10,general,2,40,13.84
2026-07-18,P10,local,0,12,13.88
2026-07-18,P11,general,0,30,12.4
2026-07-18,P11,local,1,33,13.12
2026-07-18,P12,general,5,72,6.15
2026-07-18,P12,local,1,32,5.98
2026-07-18,P13,general,4,54,6.3
2026-07-18,P13,local,8,71,6.8
2026-07-18,P14,general,1,29,18.44
2026-07-18,P14,local,0,19,18.12
2026-07-18,P15,general,1,40,19.43
2026-07-18,P15,local,0,23,20.21
2026-07-18,P16,general,0,64,14.42
2026-07-18,P16,local,1,37,14.2
2026-07-18,P17,general,4,76,8.88
2026-07-18,P17,local,2,31,9.36
2026-07-18,P18,general,7,59,14.69
2026-07-18,P18,local,1,23,14.76
2026-07-18,P19,general,5,98,5.71
2026-07-18,P19,local,5,57,5.83
2026-07-18,P20,general,3,64,7.16
2026-07-18,P20,local,4,44,7.12
2026-07-18,P21,general,1,71,10.9
2026-07-18,P21,local,2,58,10.93
2026-07-18,P22,general,0,54,18.45
2026-07-18,P22,local,1,28,17.68
2026-07-18,P23,general,3,67,8.01
2026-07-18,P23,local,0,26,8.45
2026-07-18,P24,general,2,80,15.16
2026-07-18,P24,local,0,39,15.67
2026-07-18,P25,general,2,33,14.14
2026-07-18,P25,local,0,28,14.64
2026-07-19,P01,general,2,48,9.97
2026-07-19,P01,local,2,27,10.09
2026-07-19,P02,general,3,72,8.9
2026-07-19,P02,local,1,31,8.72
2026-07-19,P03,general,3,71,10.35
2026-07-19,P03,local,2,37,9.49
2026-07-19,P04,general,4,68,12.98
2026-07-19,P04,local,2,47,12.3
2026-07-19,P05,general,16,131,3.27
2026-07-19,P05,local,11,88,3.15
2026-07-19,P06,general,4,38,12.76
2026-07-19,P06,local,0,16,13.23
2026-07-19,P07,general,6,109,9.51
2026-07-19,P07,local,1,32,9.37
2026-07-19,P08,general,6,75,4.73
2026-07-19,P08,local,1,25,4.53
2026-07-19,P09,general,3,60,10.28
2026-07-19,P09,local,0,24,10.3
2026-07-19,P10,general,2,44,15.35
2026-07-19,P10,local,2,26,15.25
2026-07-19,P11,general,0,32,14.06
2026-07-19,P11,local,1,28,14.16
2026-07-19,P12,general,3,52,6.02
2026-07-19,P12,local,3,35,6.3
2026-07-19,P13,general,3,56,5.75
2026-07-19,P13,local,8,85,5.72
2026-07-19,P14,general,0,40,16.27
2026-07-19,P14,local,2,34,16.73
2026-07-19,P15,general,1,41,19
2026-07-19,P15,local,0,20,18.64
2026-07-19,P16,general,1,57,15.49
2026-07-19,P16,local,1,48,15.44
2026-07-19,P17,general,5,81,8.82
2026-07-19,P17,local,4,48,8.71
2026-07-19,P18,general,1,65,15.79
2026-07-19,P18,local,0,20,15.48
2026-07-19,P19,general,6,110,5.77
2026-07-19,P19,local,5,56,5.55
2026-07-19,P20,general,1,50,7.41
2026-07-19,P20,local,3,43,7.68
2026-07-19,P21,general,2,64,9.89
2026-07-19,P21,local,2,64,10.71
2026-07-19,P22,general,2,69,15.22
2026-07-19,P22,local,0,19,15.7
2026-07-19,P23,general,2,68,8.33
2026-07-19,P23,local,0,36,9.22
2026-07-19,P24,general,1,95,13.42
2026-07-19,P24,local,1,39,14.02
2026-07-19,P25,general,0,33,14.8
2026-07-19,P25,local,1,21,15.83
2026-07-20,P01,general,1,77,10.14
2026-07-20,P01,local,1,47,10.87
2026-07-20,P02,general,6,108,9.02
2026-07-20,P02,local,0,64,8.95
2026-07-20,P03,general,4,73,10.38
2026-07-20,P03,local,4,48,10.2
2026-07-20,P04,general,4,119,12.01
2026-07-20,P04,local,3,64,12.27
2026-07-20,P05,general,18,164,3.37
2026-07-20,P05,local,15,109,3.42
2026-07-20,P06,general,2,46,11.39
2026-07-20,P06,local,2,35,12.26
2026-07-20,P07,general,6,133,9.82
2026-07-20,P07,local,5,65,10.44
2026-07-20,P08,general,12,126,4.07
2026-07-20,P08,local,8,49,4.42
2026-07-20,P09,general,3,101,10.22
2026-07-20,P09,local,3,28,10.2
2026-07-20,P10,general,0,60,14.82
2026-07-20,P10,local,1,26,15.81
2026-07-20,P11,general,0,35,12.74
2026-07-20,P11,local,2,35,12.69
2026-07-20,P12,general,4,77,5.86
2026-07-20,P12,local,4,50,6
2026-07-20,P13,general,3,77,6.41
2026-07-20,P13,local,4,104,6.11
2026-07-20,P14,general,1,53,16.16
2026-07-20,P14,local,1,42,16.01
2026-07-20,P15,general,0,51,17.85
2026-07-20,P15,local,1,24,18.93
2026-07-20,P16,general,3,113,13.36
2026-07-20,P16,local,0,59,12.72
2026-07-20,P17,general,9,106,8.39
2026-07-20,P17,local,3,67,8.16
2026-07-20,P18,general,0,77,16.64
2026-07-20,P18,local,1,39,16.45
2026-07-20,P19,general,13,149,5.78
2026-07-20,P19,local,3,91,6
2026-07-20,P20,general,3,74,7.23
2026-07-20,P20,local,2,59,7.19
2026-07-20,P21,general,1,87,13.18
2026-07-20,P21,local,2,61,12.22
2026-07-20,P22,general,2,83,16.43
2026-07-20,P22,local,0,32,16.63
2026-07-20,P23,general,3,94,7.52
2026-07-20,P23,local,6,58,7.65
2026-07-20,P24,general,1,76,13.58
2026-07-20,P24,local,0,42,13.72
2026-07-20,P25,general,1,40,17
2026-07-20,P25,local,1,22,17.34
2026-07-21,P01,general,1,72,8.89
2026-07-21,P01,local,2,51,9.35
2026-07-21,P02,general,6,91,7.54
2026-07-21,P02,local,2,43,7.82
2026-07-21,P03,general,4,89,11.44
2026-07-21,P03,local,1,57,11.35
2026-07-21,P04,general,1,103,11.43
2026-07-21,P04,local,3,57,11.13
2026-07-21,P05,general,16,184,3.55
2026-07-21,P05,local,10,102,3.51
2026-07-21,P06,general,1,50,11.51
2026-07-21,P06,local,0,25,11.78
2026-07-21,P07,general,5,152,9.51
2026-07-21,P07,local,3,53,10.08
2026-07-21,P08,general,17,115,4.18
2026-07-21,P08,local,3,42,4.06
2026-07-21,P09,general,6,76,9.92
2026-07-21,P09,local,5,40,9.69
2026-07-21,P10,general,3,56,13.04
2026-07-21,P10,local,2,24,13.22
2026-07-21,P11,general,0,31,12.98
2026-07-21,P11,local,1,59,11.83
2026-07-21,P12,general,3,73,5.39
2026-07-21,P12,local,7,58,5.57
2026-07-21,P13,general,5,87,5.51
2026-07-21,P13,local,5,96,5.57
2026-07-21,P14,general,0,46,18.05
2026-07-21,P14,local,0,46,19.54
2026-07-21,P15,general,0,50,19.73
2026-07-21,P15,local,1,31,19.08
2026-07-21,P16,general,5,91,15.54
2026-07-21,P16,local,6,51,14.73
2026-07-21,P17,general,3,108,10.15
2026-07-21,P17,local,1,55,10.07
2026-07-21,P18,general,4,76,17.09
2026-07-21,P18,local,0,52,15.9
2026-07-21,P19,general,7,116,5.5
2026-07-21,P19,local,5,79,5.13
2026-07-21,P20,general,4,61,6.97
2026-07-21,P20,local,1,59,7.68
2026-07-21,P21,general,5,110,10.98
2026-07-21,P21,local,4,62,10.96
2026-07-21,P22,general,1,88,15.13
2026-07-21,P22,local,0,34,15.19
2026-07-21,P23,general,5,94,8.04
2026-07-21,P23,local,2,36,7.59
2026-07-21,P24,general,3,106,12.02
2026-07-21,P24,local,1,52,12.18
2026-07-21,P25,general,1,48,14.48
2026-07-21,P25,local,1,27,16.27
2026-07-22,P01,general,5,91,10.6
2026-07-22,P01,local,1,48,10.28
2026-07-22,P02,general,3,88,8.12
2026-07-22,P02,local,2,58,8.13
2026-07-22,P03,general,2,87,10.05
2026-07-22,P03,local,2,47,10.3
2026-07-22,P04,general,7,110,11.9
2026-07-22,P04,local,2,61,12.2
2026-07-22,P05,general,16,160,3.72
2026-07-22,P05,local,14,107,3.64
2026-07-22,P06,general,4,50,11.63
2026-07-22,P06,local,1,34,12.05
2026-07-22,P07,general,14,149,9.58
2026-07-22,P07,local,1,52,10.34
2026-07-22,P08,general,15,122,4.51
2026-07-22,P08,local,5,52,4.62
2026-07-22,P09,general,3,72,9.75
2026-07-22,P09,local,3,41,9.65
2026-07-22,P10,general,2,85,13.17
2026-07-22,P10,local,4,26,13.67
2026-07-22,P11,general,1,22,14.37
2026-07-22,P11,local,1,33,13.35
2026-07-22,P12,general,5,71,5.94
2026-07-22,P12,local,4,52,5.69
2026-07-22,P13,general,4,91,6.15
2026-07-22,P13,local,1,96,5.89
2026-07-22,P14,general,0,64,16.58
2026-07-22,P14,local,1,66,15.06
2026-07-22,P15,general,0,42,19.61
2026-07-22,P15,local,1,25,19.01
2026-07-22,P16,general,3,94,13.71
2026-07-22,P16,local,1,58,12.79
2026-07-22,P17,general,4,89,9.37
2026-07-22,P17,local,2,55,9.7
2026-07-22,P18,general,1,73,14.65
2026-07-22,P18,local,4,39,15.28
2026-07-22,P19,general,16,162,5.85
2026-07-22,P19,local,8,82,6.01
2026-07-22,P20,general,8,78,5.98
2026-07-22,P20,local,4,53,6
2026-07-22,P21,general,5,95,9.51
2026-07-22,P21,local,5,79,9.74
2026-07-22,P22,general,4,86,15.51
2026-07-22,P22,local,1,37,15.59
2026-07-22,P23,general,2,92,8.42
2026-07-22,P23,local,1,48,8.43
2026-07-22,P24,general,2,89,14.02
2026-07-22,P24,local,0,42,14.8
2026-07-22,P25,general,0,50,16.48
2026-07-22,P25,local,0,38,16.31
2026-07-23,P01,general,5,80,10.33
2026-07-23,P01,local,1,47,10.48
2026-07-23,P02,general,4,98,7.47
2026-07-23,P02,local,0,60,7.72
2026-07-23,P03,general,4,74,10.8
2026-07-23,P03,local,1,44,10.6
2026-07-23,P04,general,3,80,12.11
2026-07-23,P04,local,2,57,11.85
2026-07-23,P05,general,20,190,3.35
2026-07-23,P05,local,17,119,3.29
2026-07-23,P06,general,1,43,13.14
2026-07-23,P06,local,1,22,13.3
2026-07-23,P07,general,3,144,11.46
2026-07-23,P07,local,3,53,11.78
2026-07-23,P08,general,12,107,4.16
2026-07-23,P08,local,3,42,3.94
2026-07-23,P09,general,4,97,10.12
2026-07-23,P09,local,1,37,9.75
2026-07-23,P10,general,4,66,14.03
2026-07-23,P10,local,0,27,13.73
2026-07-23,P11,general,3,41,13.05
2026-07-23,P11,local,0,30,13.23
2026-07-23,P12,general,5,72,6.26
2026-07-23,P12,local,3,52,6.27
2026-07-23,P13,general,6,67,6.69
2026-07-23,P13,local,3,103,6.82
2026-07-23,P14,general,2,42,18.81
2026-07-23,P14,local,0,44,19.23
2026-07-23,P15,general,2,51,17.25
2026-07-23,P15,local,1,36,16.54
2026-07-23,P16,general,6,96,15.03
2026-07-23,P16,local,3,54,14.92
2026-07-23,P17,general,6,117,9.04
2026-07-23,P17,local,6,68,8.44
2026-07-23,P18,general,2,80,13.34
2026-07-23,P18,local,0,48,14.58
2026-07-23,P19,general,12,164,5.51
2026-07-23,P19,local,8,72,5.39
2026-07-23,P20,general,4,69,6.64
2026-07-23,P20,local,2,52,6.98
2026-07-23,P21,general,4,87,11.36
2026-07-23,P21,local,3,77,11.37
2026-07-23,P22,general,2,71,16.98
2026-07-23,P22,local,0,33,17.59
2026-07-23,P23,general,4,100,8.26
2026-07-23,P23,local,2,39,8.36
2026-07-23,P24,general,2,93,15.52
2026-07-23,P24,local,0,39,15.23
2026-07-23,P25,general,2,40,17.3
2026-07-23,P25,local,1,27,17.74
2026-07-24,P01,general,1,87,10.18
2026-07-24,P01,local,0,40,10.44
2026-07-24,P02,general,4,90,7.5
2026-07-24,P02,local,1,48,7.71
2026-07-24,P03,general,6,95,10.54
2026-07-24,P03,local,0,57,10.3
2026-07-24,P04,general,1,87,14.08
2026-07-24,P04,local,2,54,13.71
2026-07-24,P05,general,22,157,3.52
2026-07-24,P05,local,13,143,3.5
2026-07-24,P06,general,2,45,11.69
2026-07-24,P06,local,1,31,12.57
2026-07-24,P07,general,6,134,10.39
2026-07-24,P07,local,7,54,10.61
2026-07-24,P08,general,9,116,4.6
2026-07-24,P08,local,4,36,4.19
2026-07-24,P09,general,4,79,9.4
2026-07-24,P09,local,2,29,10.05
2026-07-24,P10,general,9,73,13.83
2026-07-24,P10,local,2,22,14.94
2026-07-24,P11,general,2,31,11.51
2026-07-24,P11,local,1,42,11.91
2026-07-24,P12,general,7,65,6.14
2026-07-24,P12,local,1,43,6.41
2026-07-24,P13,general,0,78,5.84
2026-07-24,P13,local,8,97,5.66
2026-07-24,P14,general,1,54,15.74
2026-07-24,P14,local,1,56,15.81
2026-07-24,P15,general,0,55,19.4
2026-07-24,P15,local,1,36,18.96
2026-07-24,P16,general,1,92,15.78
2026-07-24,P16,local,2,68,15.15
2026-07-24,P17,general,3,102,9.58
2026-07-24,P17,local,4,56,9.6
2026-07-24,P18,general,0,87,13.91
2026-07-24,P18,local,1,37,13.81
2026-07-24,P19,general,9,141,5.51
2026-07-24,P19,local,6,99,5.46
2026-07-24,P20,general,6,75,6.77
2026-07-24,P20,local,3,55,6.48
2026-07-24,P21,general,2,91,9.82
2026-07-24,P21,local,3,80,9.7
2026-07-24,P22,general,4,86,15.37
2026-07-24,P22,local,2,37,15.82
2026-07-24,P23,general,5,94,8.23
2026-07-24,P23,local,3,32,8.31
2026-07-24,P24,general,2,95,13.31
2026-07-24,P24,local,1,46,13.46
2026-07-24,P25,general,3,49,15.65
2026-07-24,P25,local,1,31,15.62
2026-07-25,P01,general,1,53,9.6
2026-07-25,P01,local,0,33,10.27
2026-07-25,P02,general,3,65,7.5
2026-07-25,P02,local,2,40,7.79
2026-07-25,P03,general,3,84,10.2
2026-07-25,P03,local,1,34,10.66
2026-07-25,P04,general,5,74,12.6
2026-07-25,P04,local,3,38,12.64
2026-07-25,P05,general,10,126,3.76
2026-07-25,P05,local,9,93,3.63
2026-07-25,P06,general,3,47,11.98
2026-07-25,P06,local,3,22,12.05
2026-07-25,P07,general,4,102,10.82
2026-07-25,P07,local,4,46,10.26
2026-07-25,P08,general,7,77,4.38
2026-07-25,P08,local,3,39,4.39
2026-07-25,P09,general,2,58,10.24
2026-07-25,P09,local,1,18,9.5
2026-07-25,P10,general,2,54,13.92
2026-07-25,P10,local,0,16,14.41
2026-07-25,P11,general,2,34,11.52
2026-07-25,P11,local,1,28,11.43
2026-07-25,P12,general,4,73,5.12
2026-07-25,P12,local,2,47,4.85
2026-07-25,P13,general,2,50,6.31
2026-07-25,P13,local,1,68,6.03
2026-07-25,P14,general,0,31,17.45
2026-07-25,P14,local,0,23,16.77
2026-07-25,P15,general,0,44,18.71
2026-07-25,P15,local,0,26,20.49
2026-07-25,P16,general,2,63,13.45
2026-07-25,P16,local,0,45,14.01
2026-07-25,P17,general,3,83,9.58
2026-07-25,P17,local,1,41,9.21
2026-07-25,P18,general,5,54,15.6
2026-07-25,P18,local,2,32,14.91
2026-07-25,P19,general,6,99,5.5
2026-07-25,P19,local,2,75,5.87
2026-07-25,P20,general,2,48,6.39
2026-07-25,P20,local,3,36,6.14
2026-07-25,P21,general,4,74,9.78
2026-07-25,P21,local,0,52,10.12
2026-07-25,P22,general,0,52,15.32
2026-07-25,P22,local,2,32,15.21
2026-07-25,P23,general,2,58,8.53
2026-07-25,P23,local,1,24,8.59
2026-07-25,P24,general,0,63,14.12
2026-07-25,P24,local,3,31,13.91
2026-07-25,P25,general,0,24,17.76
2026-07-25,P25,local,0,24,17.15
2026-07-26,P01,general,1,61,9.52
2026-07-26,P01,local,2,24,9.57
2026-07-26,P02,general,4,57,8.56
2026-07-26,P02,local,2,38,8.34
2026-07-26,P03,general,3,69,11.33
2026-07-26,P03,local,1,37,11.35
2026-07-26,P04,general,2,61,12.94
2026-07-26,P04,local,2,58,11.78
2026-07-26,P05,general,9,111,3.41
2026-07-26,P05,local,6,84,3.27
2026-07-26,P06,general,2,36,14.27
2026-07-26,P06,local,0,23,13.26
2026-07-26,P07,general,5,97,8.8
2026-07-26,P07,local,2,37,8.95
2026-07-26,P08,general,8,76,4.55
2026-07-26,P08,local,4,29,4.56
2026-07-26,P09,general,1,60,11.89
2026-07-26,P09,local,0,23,12.02
2026-07-26,P10,general,1,45,13.53
2026-07-26,P10,local,2,14,13.33
2026-07-26,P11,general,2,36,11.42
2026-07-26,P11,local,0,30,11.4
2026-07-26,P12,general,0,63,6.15
2026-07-26,P12,local,0,27,6.04
2026-07-26,P13,general,5,66,5.67
2026-07-26,P13,local,3,84,5.85
2026-07-26,P14,general,0,28,18.49
2026-07-26,P14,local,1,46,17.35
2026-07-26,P15,general,0,36,18.56
2026-07-26,P15,local,0,25,18.32
2026-07-26,P16,general,0,77,14.85
2026-07-26,P16,local,1,43,14.84
2026-07-26,P17,general,0,74,8.28
2026-07-26,P17,local,2,49,8.96
2026-07-26,P18,general,1,50,15.05
2026-07-26,P18,local,0,19,14.93
2026-07-26,P19,general,8,96,5.9
2026-07-26,P19,local,5,63,5.78
2026-07-26,P20,general,2,54,6.53
2026-07-26,P20,local,3,50,6.54
2026-07-26,P21,general,2,81,9.48
2026-07-26,P21,local,0,71,10.19
2026-07-26,P22,general,1,62,14.83
2026-07-26,P22,local,1,27,15.42
2026-07-26,P23,general,1,68,8.67
2026-07-26,P23,local,0,20,8.67
2026-07-26,P24,general,0,79,14.24
2026-07-26,P24,local,0,26,14.63
2026-07-26,P25,general,3,35,15.62
2026-07-26,P25,local,1,30,16.85
2026-07-27,P01,general,0,83,10.09
2026-07-27,P01,local,1,41,9.8
2026-07-27,P02,general,3,92,7.4
2026-07-27,P02,local,8,53,7.09
2026-07-27,P03,general,6,83,9.94
2026-07-27,P03,local,2,56,10.54
2026-07-27,P04,general,2,106,10.89
2026-07-27,P04,local,1,53,11.48
2026-07-27,P05,general,12,169,3.65
2026-07-27,P05,local,12,120,3.72
2026-07-27,P06,general,1,51,12.39
2026-07-27,P06,local,2,31,12.35
2026-07-27,P07,general,6,121,10.62
2026-07-27,P07,local,2,38,10.45
2026-07-27,P08,general,15,130,4.36
2026-07-27,P08,local,8,38,4.14
2026-07-27,P09,general,2,81,10.29
2026-07-27,P09,local,1,42,10.44
2026-07-27,P10,general,0,46,15.89
2026-07-27,P10,local,1,27,15.31
2026-07-27,P11,general,2,31,11.77
2026-07-27,P11,local,0,28,11.82
2026-07-27,P12,general,1,65,6.34
2026-07-27,P12,local,1,39,6.71
2026-07-27,P13,general,8,90,5.67
2026-07-27,P13,local,2,104,5.73
2026-07-27,P14,general,2,54,17.76
2026-07-27,P14,local,2,56,17.72
2026-07-27,P15,general,0,43,19.07
2026-07-27,P15,local,1,36,18.3
2026-07-27,P16,general,1,69,15.62
2026-07-27,P16,local,0,55,14.98
2026-07-27,P17,general,3,91,9.11
2026-07-27,P17,local,2,56,9.37
2026-07-27,P18,general,5,84,15.43
2026-07-27,P18,local,0,51,15.63
2026-07-27,P19,general,14,173,5.51
2026-07-27,P19,local,3,84,5.38
2026-07-27,P20,general,3,72,6.82
2026-07-27,P20,local,3,53,6.94
2026-07-27,P21,general,6,113,9.17
2026-07-27,P21,local,1,82,9.25
2026-07-27,P22,general,0,89,17.67
2026-07-27,P22,local,0,35,16.37
2026-07-27,P23,general,6,119,8.82
2026-07-27,P23,local,4,34,8.36
2026-07-27,P24,general,2,105,13.76
2026-07-27,P24,local,0,41,14.04
2026-07-27,P25,general,0,47,17.19
2026-07-27,P25,local,2,34,17.82
2026-07-28,P01,general,2,75,10.79
2026-07-28,P01,local,3,42,9.77
2026-07-28,P02,general,2,90,7.87
2026-07-28,P02,local,2,51,8.09
2026-07-28,P03,general,2,85,10.11
2026-07-28,P03,local,2,58,9.87
2026-07-28,P04,general,4,88,12.3
2026-07-28,P04,local,1,58,11.82
2026-07-28,P05,general,12,176,3.66
2026-07-28,P05,local,11,125,3.58
2026-07-28,P06,general,3,52,13.35
2026-07-28,P06,local,0,30,13.03
2026-07-28,P07,general,3,138,9.31
2026-07-28,P07,local,1,59,9.4
2026-07-28,P08,general,14,114,4.23
2026-07-28,P08,local,10,47,4.4
2026-07-28,P09,general,4,75,9.7
2026-07-28,P09,local,1,27,9.7
2026-07-28,P10,general,4,75,11.86
2026-07-28,P10,local,1,33,12.73
2026-07-28,P11,general,0,31,11.87
2026-07-28,P11,local,0,29,12.01
2026-07-28,P12,general,9,79,5.76
2026-07-28,P12,local,5,61,6.13
2026-07-28,P13,general,3,75,5.81
2026-07-28,P13,local,5,108,5.87
2026-07-28,P14,general,0,38,17.92
2026-07-28,P14,local,0,41,19.44
2026-07-28,P15,general,0,49,19.07
2026-07-28,P15,local,0,30,18.77
2026-07-28,P16,general,1,97,15.08
2026-07-28,P16,local,0,68,15.16
2026-07-28,P17,general,8,115,7.77
2026-07-28,P17,local,5,55,8.02
2026-07-28,P18,general,2,82,15.07
2026-07-28,P18,local,0,40,15.57
2026-07-28,P19,general,6,131,5.14
2026-07-28,P19,local,5,81,5.28
2026-07-28,P20,general,1,64,7.08
2026-07-28,P20,local,1,45,7.21
2026-07-28,P21,general,1,128,10.56
2026-07-28,P21,local,2,89,10.02
2026-07-28,P22,general,0,69,16.42
2026-07-28,P22,local,1,35,16.64
2026-07-28,P23,general,8,111,7.66
2026-07-28,P23,local,4,47,7.93
2026-07-28,P24,general,5,114,13.06
2026-07-28,P24,local,2,38,12.4
2026-07-28,P25,general,3,51,16.42
2026-07-28,P25,local,1,26,16.25
2026-07-29,P01,general,2,67,9.63
2026-07-29,P01,local,1,32,9.92
2026-07-29,P02,general,4,111,7.51
2026-07-29,P02,local,3,60,7.06
2026-07-29,P03,general,4,84,10.58
2026-07-29,P03,local,0,48,10.55
2026-07-29,P04,general,4,92,11.44
2026-07-29,P04,local,3,49,10.87
2026-07-29,P05,general,13,157,3.57
2026-07-29,P05,local,6,105,3.45
2026-07-29,P06,general,5,51,14.09
2026-07-29,P06,local,0,25,14.27
2026-07-29,P07,general,3,132,10.56
2026-07-29,P07,local,1,43,10.58
2026-07-29,P08,general,5,113,4.24
2026-07-29,P08,local,3,27,4.47
2026-07-29,P09,general,0,83,10.04
2026-07-29,P09,local,1,27,9.56
2026-07-29,P10,general,1,68,14.04
2026-07-29,P10,local,2,27,13.77
2026-07-29,P11,general,5,40,10.48
2026-07-29,P11,local,0,36,10.4
2026-07-29,P12,general,2,78,5.78
2026-07-29,P12,local,5,51,5.66
2026-07-29,P13,general,4,89,6.1
2026-07-29,P13,local,4,85,6.17
2026-07-29,P14,general,0,50,16.89
2026-07-29,P14,local,1,60,16.26
2026-07-29,P15,general,0,52,17.88
2026-07-29,P15,local,4,25,18.87
2026-07-29,P16,general,2,92,14.32
2026-07-29,P16,local,4,75,13.51
2026-07-29,P17,general,7,102,8.58
2026-07-29,P17,local,3,55,9.03
2026-07-29,P18,general,1,73,14.32
2026-07-29,P18,local,1,44,13.61
2026-07-29,P19,general,6,160,5.49
2026-07-29,P19,local,6,78,5.54
2026-07-29,P20,general,4,58,6.44
2026-07-29,P20,local,2,64,6.51
2026-07-29,P21,general,7,101,8.7
2026-07-29,P21,local,3,96,9.16
2026-07-29,P22,general,1,80,16.34
2026-07-29,P22,local,1,34,15.87
2026-07-29,P23,general,2,85,8.39
2026-07-29,P23,local,1,48,8.21
2026-07-29,P24,general,3,94,13.22
2026-07-29,P24,local,4,46,13.26
2026-07-29,P25,general,1,46,16.48
2026-07-29,P25,local,1,37,17.32
2026-07-30,P01,general,5,71,10.5
2026-07-30,P01,local,2,45,10.76
2026-07-30,P02,general,5,84,7.74
2026-07-30,P02,local,2,61,7.76
2026-07-30,P03,general,3,72,11.03
2026-07-30,P03,local,2,63,10.92
2026-07-30,P04,general,2,96,11.3
2026-07-30,P04,local,6,60,11.55
2026-07-30,P05,general,15,165,3.46
2026-07-30,P05,local,11,123,3.52
2026-07-30,P06,general,3,42,12.88
2026-07-30,P06,local,1,28,13.01
2026-07-30,P07,general,6,155,9.39
2026-07-30,P07,local,1,54,9.74
2026-07-30,P08,general,14,128,4.37
2026-07-30,P08,local,4,50,4.12
2026-07-30,P09,general,5,74,10.08
2026-07-30,P09,local,2,35,11.05
2026-07-30,P10,general,2,65,13.49
2026-07-30,P10,local,1,19,13.58
2026-07-30,P11,general,0,37,10.64
2026-07-30,P11,local,1,41,11.06
2026-07-30,P12,general,7,77,6.09
2026-07-30,P12,local,2,47,6.18
2026-07-30,P13,general,9,95,6.55
2026-07-30,P13,local,2,78,6.21
2026-07-30,P14,general,1,38,17.01
2026-07-30,P14,local,1,57,16.38
2026-07-30,P15,general,1,47,18.08
2026-07-30,P15,local,0,28,17.55
2026-07-30,P16,general,4,86,13.96
2026-07-30,P16,local,3,52,14.46
2026-07-30,P17,general,5,131,8.51
2026-07-30,P17,local,4,61,8.74
2026-07-30,P18,general,3,79,15.21
2026-07-30,P18,local,0,51,14.26
2026-07-30,P19,general,5,152,5.71
2026-07-30,P19,local,6,86,5.41
2026-07-30,P20,general,4,73,6.69
2026-07-30,P20,local,1,50,6.83
2026-07-30,P21,general,3,83,9.99
2026-07-30,P21,local,2,88,10.11
2026-07-30,P22,general,2,75,16.35
2026-07-30,P22,local,2,38,15.01
2026-07-30,P23,general,3,81,8.19
2026-07-30,P23,local,2,46,8.26
2026-07-30,P24,general,4,88,13.9
2026-07-30,P24,local,0,36,12.84
2026-07-30,P25,general,1,42,12.9
2026-07-30,P25,local,1,44,12.79
2026-07-31,P01,general,6,97,8.93
2026-07-31,P01,local,1,38,9.24
2026-07-31,P02,general,1,89,7.18
2026-07-31,P02,local,1,66,7.19
2026-07-31,P03,general,3,104,10.3
2026-07-31,P03,local,1,45,9.64
2026-07-31,P04,general,2,85,12.19
2026-07-31,P04,local,2,61,11.71
2026-07-31,P05,general,10,159,3.77
2026-07-31,P05,local,7,121,3.72
2026-07-31,P06,general,2,31,14.26
2026-07-31,P06,local,2,33,14.75
2026-07-31,P07,general,5,122,10.6
2026-07-31,P07,local,1,60,10.45
2026-07-31,P08,general,10,116,4.46
2026-07-31,P08,local,6,35,4.63
2026-07-31,P09,general,3,97,10.34
2026-07-31,P09,local,2,31,10.34
2026-07-31,P10,general,1,61,14.95
2026-07-31,P10,local,1,28,15.86
2026-07-31,P11,general,2,35,13.64
2026-07-31,P11,local,1,32,13.55
2026-07-31,P12,general,8,76,5.96
2026-07-31,P12,local,3,54,6.13
2026-07-31,P13,general,6,81,5.49
2026-07-31,P13,local,7,94,5.65
2026-07-31,P14,general,1,42,19.08
2026-07-31,P14,local,0,54,18.73
2026-07-31,P15,general,0,51,18.1
2026-07-31,P15,local,1,32,18.3
2026-07-31,P16,general,3,94,14
2026-07-31,P16,local,0,60,13.64
2026-07-31,P17,general,4,106,9.15
2026-07-31,P17,local,4,47,8.81
2026-07-31,P18,general,2,85,14.51
2026-07-31,P18,local,3,53,14.19
2026-07-31,P19,general,4,120,5.86
2026-07-31,P19,local,5,92,5.71
2026-07-31,P20,general,4,66,6.86
2026-07-31,P20,local,1,52,6.99
2026-07-31,P21,general,3,97,9.23
2026-07-31,P21,local,2,79,9.54
2026-07-31,P22,general,0,61,15.34
2026-07-31,P22,local,2,45,16.29
2026-07-31,P23,general,6,96,7.94
2026-07-31,P23,local,3,48,7.73
2026-07-31,P24,general,3,102,12.9
2026-07-31,P24,local,1,53,13.64
2026-07-31,P25,general,2,46,17.01
2026-07-31,P25,local,0,30,17.16
2026-08-01,P01,general,5,45,9.83
2026-08-01,P01,local,1,25,9.32
2026-08-01,P02,general,2,56,7.19
2026-08-01,P02,local,0,26,7.47
2026-08-01,P03,general,1,58,9.42
2026-08-01,P03,local,0,31,9.81
2026-08-01,P04,general,5,74,12.79
2026-08-01,P04,local,2,36,12.5
2026-08-01,P05,general,12,135,3.43
2026-08-01,P05,local,13,100,3.46
2026-08-01,P06,general,0,17,13.18
2026-08-01,P06,local,3,18,13.76
2026-08-01,P07,general,3,73,8.68
2026-08-01,P07,local,1,44,9.77
2026-08-01,P08,general,8,71,4.11
2026-08-01,P08,local,2,24,4.35
2026-08-01,P09,general,1,46,10.77
2026-08-01,P09,local,0,18,10.4
2026-08-01,P10,general,2,35,15.05
2026-08-01,P10,local,1,12,14.49
2026-08-01,P11,general,0,17,12.99
2026-08-01,P11,local,0,22,13.32
2026-08-01,P12,general,4,50,6.62
2026-08-01,P12,local,1,34,6.49
2026-08-01,P13,general,4,58,5.45
2026-08-01,P13,local,3,55,5.8
2026-08-01,P14,general,2,33,18.11
2026-08-01,P14,local,2,26,16.45
2026-08-01,P15,general,0,32,17.52
2026-08-01,P15,local,1,19,17.69
2026-08-01,P16,general,0,72,13.43
2026-08-01,P16,local,1,37,12.84
2026-08-01,P17,general,4,72,10
2026-08-01,P17,local,1,29,9.46
2026-08-01,P18,general,3,50,16.41
2026-08-01,P18,local,0,31,15.43
2026-08-01,P19,general,7,85,5.75
2026-08-01,P19,local,2,38,5.81
2026-08-01,P20,general,1,33,7.51
2026-08-01,P20,local,4,38,7.54
2026-08-01,P21,general,1,50,10.95
2026-08-01,P21,local,2,46,10.72
2026-08-01,P22,general,1,68,15.13
2026-08-01,P22,local,2,26,13.99
2026-08-01,P23,general,2,61,8.39
2026-08-01,P23,local,0,15,8.42
2026-08-01,P24,general,2,56,14.29
2026-08-01,P24,local,0,28,14.78
2026-08-01,P25,general,2,32,15.8
2026-08-01,P25,local,1,25,15.9
2026-08-02,P01,general,1,38,9.3
2026-08-02,P01,local,0,26,9.63
2026-08-02,P02,general,3,60,7.77
2026-08-02,P02,local,2,44,7.95
2026-08-02,P03,general,2,54,9.81
2026-08-02,P03,local,1,36,10.33
2026-08-02,P04,general,2,60,12.38
2026-08-02,P04,local,2,36,11.93
2026-08-02,P05,general,6,99,4.12
2026-08-02,P05,local,2,68,4
2026-08-02,P06,general,0,26,11.28
2026-08-02,P06,local,1,10,11.21
2026-08-02,P07,general,6,87,9.79
2026-08-02,P07,local,1,29,9.52
2026-08-02,P08,general,5,85,3.97
2026-08-02,P08,local,6,34,3.81
2026-08-02,P09,general,1,69,10.52
2026-08-02,P09,local,0,24,10.29
2026-08-02,P10,general,5,45,14.14
2026-08-02,P10,local,1,15,14.53
2026-08-02,P11,general,1,30,11.16
2026-08-02,P11,local,3,32,10.98
2026-08-02,P12,general,0,40,6.49
2026-08-02,P12,local,2,39,6.45
2026-08-02,P13,general,1,52,6.42
2026-08-02,P13,local,4,64,6.66
2026-08-02,P14,general,0,28,19
2026-08-02,P14,local,0,39,18.71
2026-08-02,P15,general,2,29,20.59
2026-08-02,P15,local,1,23,19.68
2026-08-02,P16,general,1,52,14.25
2026-08-02,P16,local,2,41,14.9
2026-08-02,P17,general,2,63,10.35
2026-08-02,P17,local,0,31,9.71
2026-08-02,P18,general,0,44,15.18
2026-08-02,P18,local,0,24,14.12
2026-08-02,P19,general,9,110,5.35
2026-08-02,P19,local,5,50,5.21
2026-08-02,P20,general,4,36,6.63
2026-08-02,P20,local,2,39,6.73
2026-08-02,P21,general,2,75,11.23
2026-08-02,P21,local,5,42,10.29
2026-08-02,P22,general,1,55,14.93
2026-08-02,P22,local,0,32,14.88
2026-08-02,P23,general,1,60,8.63
2026-08-02,P23,local,0,21,8.5
2026-08-02,P24,general,3,47,14.43
2026-08-02,P24,local,1,32,14.57
2026-08-02,P25,general,1,31,16.88
2026-08-02,P25,local,0,24,16.01
2026-08-03,P01,general,0,71,10.83
2026-08-03,P01,local,1,37,10.85
2026-08-03,P02,general,1,76,7.79
2026-08-03,P02,local,1,39,7.86
2026-08-03,P03,general,3,79,10.61
2026-08-03,P03,local,0,43,10.13
2026-08-03,P04,general,1,94,11.08
2026-08-03,P04,local,3,52,10.77
2026-08-03,P05,general,12,130,3.97
2026-08-03,P05,local,7,87,3.75
2026-08-03,P06,general,1,38,13.54
2026-08-03,P06,local,0,27,13.72
2026-08-03,P07,general,8,123,10.18
2026-08-03,P07,local,0,33,9.75
2026-08-03,P08,general,10,84,4.14
2026-08-03,P08,local,4,46,4.14
2026-08-03,P09,general,4,60,10.54
2026-08-03,P09,local,2,30,10.25
2026-08-03,P10,general,1,51,13.28
2026-08-03,P10,local,1,24,13.01
2026-08-03,P11,general,1,26,12.27
2026-08-03,P11,local,1,31,12.09
2026-08-03,P12,general,4,61,6.43
2026-08-03,P12,local,1,45,6.34
2026-08-03,P13,general,6,79,5.78
2026-08-03,P13,local,1,80,5.91
2026-08-03,P14,general,2,35,18.7
2026-08-03,P14,local,0,38,18.59
2026-08-03,P15,general,1,57,19.23
2026-08-03,P15,local,1,35,19.23
2026-08-03,P16,general,1,75,15.31
2026-08-03,P16,local,1,52,14.91
2026-08-03,P17,general,5,94,8.23
2026-08-03,P17,local,1,48,8.4
2026-08-03,P18,general,1,53,14.91
2026-08-03,P18,local,0,36,16.31
2026-08-03,P19,general,8,103,5.48
2026-08-03,P19,local,3,74,5.87
2026-08-03,P20,general,1,49,7.08
2026-08-03,P20,local,3,44,7.63
2026-08-03,P21,general,2,100,8.99
2026-08-03,P21,local,2,76,8.7
2026-08-03,P22,general,3,53,15.15
2026-08-03,P22,local,2,30,15.14
2026-08-03,P23,general,1,84,8.15
2026-08-03,P23,local,3,44,8.3
2026-08-03,P24,general,0,77,13.57
2026-08-03,P24,local,0,45,14.03
2026-08-03,P25,general,1,31,17.23
2026-08-03,P25,local,1,27,17.34
2026-08-04,P01,general,1,49,10.91
2026-08-04,P01,local,0,39,10.81
2026-08-04,P02,general,4,82,7.98
2026-08-04,P02,local,3,56,7.82
2026-08-04,P03,general,6,83,10.71
2026-08-04,P03,local,2,42,9.95
2026-08-04,P04,general,2,101,11.58
2026-08-04,P04,local,2,53,12.16
2026-08-04,P05,general,14,165,3.91
2026-08-04,P05,local,12,101,3.86
2026-08-04,P06,general,4,52,12.29
2026-08-04,P06,local,0,29,12.16
2026-08-04,P07,general,8,125,8.56
2026-08-04,P07,local,5,45,8.83
2026-08-04,P08,general,7,101,4.58
2026-08-04,P08,local,3,34,4.65
2026-08-04,P09,general,4,70,11.36
2026-08-04,P09,local,1,28,11.36
2026-08-04,P10,general,3,46,16.31
2026-08-04,P10,local,0,18,15.95
2026-08-04,P11,general,1,35,10.84
2026-08-04,P11,local,1,38,10.97
2026-08-04,P12,general,2,59,6.56
2026-08-04,P12,local,2,53,6.49
2026-08-04,P13,general,0,78,5.58
2026-08-04,P13,local,4,83,5.77
2026-08-04,P14,general,4,40,17.25
2026-08-04,P14,local,1,43,17.58
2026-08-04,P15,general,1,35,21.39
2026-08-04,P15,local,1,22,19.93
2026-08-04,P16,general,0,78,14.54
2026-08-04,P16,local,3,52,14.02
2026-08-04,P17,general,6,90,9.4
2026-08-04,P17,local,1,56,9.15
2026-08-04,P18,general,3,67,13.99
2026-08-04,P18,local,0,26,14.63
2026-08-04,P19,general,12,128,5
2026-08-04,P19,local,2,60,5.18
2026-08-04,P20,general,2,42,7
2026-08-04,P20,local,3,34,6.96
2026-08-04,P21,general,7,91,9.12
2026-08-04,P21,local,3,69,9.22
2026-08-04,P22,general,1,66,15.38
2026-08-04,P22,local,0,27,14.69
2026-08-04,P23,general,5,78,8.64
2026-08-04,P23,local,2,30,8.24
2026-08-04,P24,general,4,93,14.69
2026-08-04,P24,local,1,55,14.07
2026-08-04,P25,general,0,48,18.08
2026-08-04,P25,local,2,16,17.57
2026-08-05,P01,general,4,62,10.05
2026-08-05,P01,local,4,42,10.11
2026-08-05,P02,general,3,76,8.85
2026-08-05,P02,local,2,52,8.15
2026-08-05,P03,general,4,76,9.72
2026-08-05,P03,local,1,45,10.43
2026-08-05,P04,general,0,66,12.1
2026-08-05,P04,local,0,57,11.95
2026-08-05,P05,general,14,145,3.65
2026-08-05,P05,local,12,104,3.76
2026-08-05,P06,general,1,23,12.85
2026-08-05,P06,local,1,29,12.88
2026-08-05,P07,general,6,103,10.38
2026-08-05,P07,local,2,41,10
2026-08-05,P08,general,19,100,4.22
2026-08-05,P08,local,5,37,4.26
2026-08-05,P09,general,7,66,10.73
2026-08-05,P09,local,1,29,10.74
2026-08-05,P10,general,4,60,11.51
2026-08-05,P10,local,0,25,11.96
2026-08-05,P11,general,1,22,11.29
2026-08-05,P11,local,0,35,10.75
2026-08-05,P12,general,4,66,6.27
2026-08-05,P12,local,2,45,6.11
2026-08-05,P13,general,5,78,5.99
2026-08-05,P13,local,8,97,6.04
2026-08-05,P14,general,0,43,17.85
2026-08-05,P14,local,1,49,16.84
2026-08-05,P15,general,2,39,18.68
2026-08-05,P15,local,1,29,19.16
2026-08-05,P16,general,0,81,17.82
2026-08-05,P16,local,0,59,17.2
2026-08-05,P17,general,7,83,10.21
2026-08-05,P17,local,1,44,9.75
2026-08-05,P18,general,2,84,13.42
2026-08-05,P18,local,1,53,13.86
2026-08-05,P19,general,6,136,5.29
2026-08-05,P19,local,5,75,5.3
2026-08-05,P20,general,3,42,6.67
2026-08-05,P20,local,2,38,6.1
2026-08-05,P21,general,2,97,10.17
2026-08-05,P21,local,0,63,10.34
2026-08-05,P22,general,3,73,14.26
2026-08-05,P22,local,1,33,14.01
2026-08-05,P23,general,3,72,7.28
2026-08-05,P23,local,0,30,7.72
2026-08-05,P24,general,4,82,12.1
2026-08-05,P24,local,0,28,12.3
2026-08-05,P25,general,0,39,17.27
2026-08-05,P25,local,0,28,16.99
2026-08-06,P01,general,2,64,10.26
2026-08-06,P01,local,1,42,9.56
2026-08-06,P02,general,3,100,8.38
2026-08-06,P02,local,3,47,8.02
2026-08-06,P03,general,3,81,10.5
2026-08-06,P03,local,1,41,10.72
2026-08-06,P04,general,4,79,11.07
2026-08-06,P04,local,1,49,11.06
2026-08-06,P05,general,17,139,3.45
2026-08-06,P05,local,13,101,3.49
2026-08-06,P06,general,1,43,11.66
2026-08-06,P06,local,1,26,11.75
2026-08-06,P07,general,2,106,10.16
2026-08-06,P07,local,5,46,9.78
2026-08-06,P08,general,4,90,4.41
2026-08-06,P08,local,6,42,4.46
2026-08-06,P09,general,3,68,10.23
2026-08-06,P09,local,3,25,10.37
2026-08-06,P10,general,3,62,12.94
2026-08-06,P10,local,1,21,12.92
2026-08-06,P11,general,2,28,11.72
2026-08-06,P11,local,3,36,11.81
2026-08-06,P12,general,4,57,6.23
2026-08-06,P12,local,6,46,6.38
2026-08-06,P13,general,7,66,6.77
2026-08-06,P13,local,5,79,7.1
2026-08-06,P14,general,0,25,19.52
2026-08-06,P14,local,0,26,18.24
2026-08-06,P15,general,1,43,18.58
2026-08-06,P15,local,0,29,20.14
2026-08-06,P16,general,4,88,14.18
2026-08-06,P16,local,4,64,13.76
2026-08-06,P17,general,3,96,8.26
2026-08-06,P17,local,4,45,8.46
2026-08-06,P18,general,3,64,14.17
2026-08-06,P18,local,1,45,14.32
2026-08-06,P19,general,8,111,5.3
2026-08-06,P19,local,6,68,5.47
2026-08-06,P20,general,4,65,7.47
2026-08-06,P20,local,1,45,7.13
2026-08-06,P21,general,3,85,10.2
2026-08-06,P21,local,0,69,10.66
2026-08-06,P22,general,1,66,17.41
2026-08-06,P22,local,0,24,17.08
2026-08-06,P23,general,3,85,8.2
2026-08-06,P23,local,0,35,8.3
2026-08-06,P24,general,3,93,12.95
2026-08-06,P24,local,0,25,13.32
2026-08-06,P25,general,1,52,15.04
2026-08-06,P25,local,1,26,14.96
2026-08-07,P01,general,1,84,9.19
2026-08-07,P01,local,2,33,9.02
2026-08-07,P02,general,4,81,7.5
2026-08-07,P02,local,5,48,7.83
2026-08-07,P03,general,1,64,11.26
2026-08-07,P03,local,1,37,12.46
2026-08-07,P04,general,1,71,12.05
2026-08-07,P04,local,3,53,12.91
2026-08-07,P05,general,12,141,3.65
2026-08-07,P05,local,10,91,3.57
2026-08-07,P06,general,1,47,12.9
2026-08-07,P06,local,0,18,12.66
2026-08-07,P07,general,9,142,9.29
2026-08-07,P07,local,1,34,8.87
2026-08-07,P08,general,7,97,4.2
2026-08-07,P08,local,2,31,4.36
2026-08-07,P09,general,4,70,10.29
2026-08-07,P09,local,1,33,10.52
2026-08-07,P10,general,1,52,13.41
2026-08-07,P10,local,1,24,13.09
2026-08-07,P11,general,0,29,11.33
2026-08-07,P11,local,1,39,11.58
2026-08-07,P12,general,7,60,5.68
2026-08-07,P12,local,1,36,5.9
2026-08-07,P13,general,4,80,5.94
2026-08-07,P13,local,4,69,5.57
2026-08-07,P14,general,0,44,16.33
2026-08-07,P14,local,0,44,16.37
2026-08-07,P15,general,0,43,18.72
2026-08-07,P15,local,1,25,17.4
2026-08-07,P16,general,3,85,13.86
2026-08-07,P16,local,2,66,14.27
2026-08-07,P17,general,8,123,8.37
2026-08-07,P17,local,1,45,8.14
2026-08-07,P18,general,2,61,14.55
2026-08-07,P18,local,0,39,15.22
2026-08-07,P19,general,9,135,5.71
2026-08-07,P19,local,4,73,5.99
2026-08-07,P20,general,3,69,6.48
2026-08-07,P20,local,4,41,6.73
2026-08-07,P21,general,1,80,10.74
2026-08-07,P21,local,3,60,11.37
2026-08-07,P22,general,2,77,16.88
2026-08-07,P22,local,1,27,16.61
2026-08-07,P23,general,6,96,7.81
2026-08-07,P23,local,2,36,7.86
2026-08-07,P24,general,4,93,13.57
2026-08-07,P24,local,0,45,12.94
2026-08-07,P25,general,1,42,15.42
2026-08-07,P25,local,0,36,15.7
2026-08-08,P01,general,3,58,8.82
2026-08-08,P01,local,2,34,8.66
2026-08-08,P02,general,0,53,7.05
2026-08-08,P02,local,4,45,7.29
2026-08-08,P03,general,3,54,10.28
2026-08-08,P03,local,1,30,9.87
2026-08-08,P04,general,3,65,11.94
2026-08-08,P04,local,2,35,11.46
2026-08-08,P05,general,7,105,3.48
2026-08-08,P05,local,8,82,3.51
2026-08-08,P06,general,0,33,13.49
2026-08-08,P06,local,1,23,13.14
2026-08-08,P07,general,8,98,9.47
2026-08-08,P07,local,1,27,9.93
2026-08-08,P08,general,7,69,4.45
2026-08-08,P08,local,7,33,4.22
2026-08-08,P09,general,2,56,9.96
2026-08-08,P09,local,1,28,9.24
2026-08-08,P10,general,0,44,13.53
2026-08-08,P10,local,0,15,14.72
2026-08-08,P11,general,0,33,12.63
2026-08-08,P11,local,1,29,12.16
2026-08-08,P12,general,0,39,6.29
2026-08-08,P12,local,2,33,6.01
2026-08-08,P13,general,3,54,5.88
2026-08-08,P13,local,3,54,6.03
2026-08-08,P14,general,0,25,18.74
2026-08-08,P14,local,1,27,19.21
2026-08-08,P15,general,0,32,21.6
2026-08-08,P15,local,0,21,21.27
2026-08-08,P16,general,0,47,16.59
2026-08-08,P16,local,0,42,15.9
2026-08-08,P17,general,6,71,9.18
2026-08-08,P17,local,0,36,8.65
2026-08-08,P18,general,1,44,15.79
2026-08-08,P18,local,0,25,15.7
2026-08-08,P19,general,6,88,5.89
2026-08-08,P19,local,2,55,6.26
2026-08-08,P20,general,2,59,6
2026-08-08,P20,local,3,27,6.26
2026-08-08,P21,general,5,62,9.58
2026-08-08,P21,local,0,44,9.45
2026-08-08,P22,general,2,53,17.35
2026-08-08,P22,local,0,34,16.85
2026-08-08,P23,general,0,56,8.68
2026-08-08,P23,local,1,22,8.61
2026-08-08,P24,general,2,49,13.01
2026-08-08,P24,local,2,29,12.84
2026-08-08,P25,general,0,22,18.46
2026-08-08,P25,local,0,20,18.24
2026-08-09,P01,general,4,67,9.44
2026-08-09,P01,local,2,28,9.28
2026-08-09,P02,general,3,55,7.37
2026-08-09,P02,local,3,37,7.4
2026-08-09,P03,general,1,48,11.02
2026-08-09,P03,local,2,41,10.61
2026-08-09,P04,general,4,78,12.47
2026-08-09,P04,local,1,34,13.17
2026-08-09,P05,general,12,102,3.71
2026-08-09,P05,local,6,70,3.82
2026-08-09,P06,general,3,21,12.77
2026-08-09,P06,local,0,22,12.77
2026-08-09,P07,general,5,96,10.89
2026-08-09,P07,local,1,27,10.61
2026-08-09,P08,general,13,94,4.15
2026-08-09,P08,local,4,30,3.86
2026-08-09,P09,general,7,51,9.87
2026-08-09,P09,local,1,26,9.24
2026-08-09,P10,general,0,35,17.78
2026-08-09,P10,local,1,13,17.08
2026-08-09,P11,general,1,21,11.68
2026-08-09,P11,local,0,25,11.66
2026-08-09,P12,general,1,49,6.14
2026-08-09,P12,local,1,31,5.98
2026-08-09,P13,general,3,52,6.16
2026-08-09,P13,local,1,65,5.71
2026-08-09,P14,general,0,30,17.12
2026-08-09,P14,local,1,34,17.12
2026-08-09,P15,general,0,25,21.19
2026-08-09,P15,local,0,18,20.89
2026-08-09,P16,general,1,61,14.99
2026-08-09,P16,local,1,42,15.66
2026-08-09,P17,general,3,72,8.64
2026-08-09,P17,local,0,32,8.6
2026-08-09,P18,general,2,45,14.99
2026-08-09,P18,local,2,22,14.62
2026-08-09,P19,general,7,102,5.64
2026-08-09,P19,local,3,49,5.88
2026-08-09,P20,general,4,51,6.31
2026-08-09,P20,local,1,33,6.69
2026-08-09,P21,general,4,72,9.32
2026-08-09,P21,local,2,52,9.04
2026-08-09,P22,general,0,46,14.67
2026-08-09,P22,local,0,13,15.2
2026-08-09,P23,general,1,60,8.3
2026-08-09,P23,local,4,22,8.23
2026-08-09,P24,general,2,46,14.75
2026-08-09,P24,local,1,33,13.12
2026-08-09,P25,general,1,30,15.13
2026-08-09,P25,local,0,30,14.97
2026-08-10,P01,general,2,65,9.56
2026-08-10,P01,local,4,43,9.78
2026-08-10,P02,general,4,88,9.14
2026-08-10,P02,local,1,39,8.83
2026-08-10,P03,general,0,68,10.72
2026-08-10,P03,local,1,45,11.19
2026-08-10,P04,general,3,80,12.58
2026-08-10,P04,local,1,52,12.01
2026-08-10,P05,general,15,136,3.49
2026-08-10,P05,local,6,109,3.62
2026-08-10,P06,general,0,34,12.02
2026-08-10,P06,local,1,23,11.89
2026-08-10,P07,general,7,112,9.93
2026-08-10,P07,local,2,42,9.41
2026-08-10,P08,general,10,101,4.48
2026-08-10,P08,local,3,35,4.63
2026-08-10,P09,general,4,75,10.96
2026-08-10,P09,local,3,30,10.93
2026-08-10,P10,general,1,67,14.88
2026-08-10,P10,local,0,19,15.19
2026-08-10,P11,general,1,33,10.66
2026-08-10,P11,local,1,38,10.3
2026-08-10,P12,general,1,65,6.67
2026-08-10,P12,local,1,40,6.81
2026-08-10,P13,general,4,63,6.78
2026-08-10,P13,local,3,81,6.29
2026-08-10,P14,general,0,48,18.14
2026-08-10,P14,local,2,55,17.99
2026-08-10,P15,general,1,43,19.69
2026-08-10,P15,local,0,30,20.21
2026-08-10,P16,general,1,75,15.44
2026-08-10,P16,local,0,51,15.07
2026-08-10,P17,general,4,92,8.73
2026-08-10,P17,local,2,44,9.28
2026-08-10,P18,general,3,70,13.91
2026-08-10,P18,local,1,37,14.55
2026-08-10,P19,general,7,119,6.01
2026-08-10,P19,local,1,80,6.02
2026-08-10,P20,general,3,67,7.74
2026-08-10,P20,local,3,43,7.94
2026-08-10,P21,general,2,76,9.74
2026-08-10,P21,local,3,80,9.68
2026-08-10,P22,general,3,64,13.95
2026-08-10,P22,local,0,42,14.61
2026-08-10,P23,general,1,102,7.64
2026-08-10,P23,local,3,45,7.65
2026-08-10,P24,general,2,84,14.8
2026-08-10,P24,local,0,38,14.72
2026-08-10,P25,general,0,45,17.02
2026-08-10,P25,local,0,30,17.93
2026-08-11,P01,general,1,49,10.88
2026-08-11,P01,local,2,38,10.94
2026-08-11,P02,general,4,73,7.33
2026-08-11,P02,local,2,38,7.7
2026-08-11,P03,general,3,68,9.88
2026-08-11,P03,local,1,42,9.93
2026-08-11,P04,general,0,63,13.71
2026-08-11,P04,local,1,45,13.24
2026-08-11,P05,general,10,141,3.59
2026-08-11,P05,local,11,113,3.54
2026-08-11,P06,general,3,40,12.8
2026-08-11,P06,local,0,39,12.2
2026-08-11,P07,general,5,124,10.8
2026-08-11,P07,local,2,38,10.44
2026-08-11,P08,general,12,97,4.17
2026-08-11,P08,local,1,30,4.11
2026-08-11,P09,general,4,76,12
2026-08-11,P09,local,2,29,10.74
2026-08-11,P10,general,1,70,13.32
2026-08-11,P10,local,1,32,14.09
2026-08-11,P11,general,1,33,11.04
2026-08-11,P11,local,2,40,11.98
2026-08-11,P12,general,4,61,5.91
2026-08-11,P12,local,2,41,5.93
2026-08-11,P13,general,2,66,5.7
2026-08-11,P13,local,4,85,5.89
2026-08-11,P14,general,1,43,19.67
2026-08-11,P14,local,0,43,20.12
2026-08-11,P15,general,2,34,18.36
2026-08-11,P15,local,0,24,18.19
2026-08-11,P16,general,2,80,13.69
2026-08-11,P16,local,2,56,13.49
2026-08-11,P17,general,5,91,8.76
2026-08-11,P17,local,2,55,8.94
2026-08-11,P18,general,1,68,14.85
2026-08-11,P18,local,1,41,14.66
2026-08-11,P19,general,7,132,4.91
2026-08-11,P19,local,5,65,4.88
2026-08-11,P20,general,2,51,7.01
2026-08-11,P20,local,2,47,7.29
2026-08-11,P21,general,3,79,10.59
2026-08-11,P21,local,5,58,10.21
2026-08-11,P22,general,3,69,16.28
2026-08-11,P22,local,1,24,15.9
2026-08-11,P23,general,7,77,8.16
2026-08-11,P23,local,1,32,8.07
2026-08-11,P24,general,2,76,13.62
2026-08-11,P24,local,2,48,13.23
2026-08-11,P25,general,0,42,17.02
2026-08-11,P25,local,0,23,17.4
2026-08-12,P01,general,2,64,9.84
2026-08-12,P01,local,2,26,10.5
2026-08-12,P02,general,5,82,8.96
2026-08-12,P02,local,3,47,8.77
2026-08-12,P03,general,5,65,11.22
2026-08-12,P03,local,4,45,11.04
2026-08-12,P04,general,2,60,12.09
2026-08-12,P04,local,2,31,12.66
2026-08-12,P05,general,17,134,3.3
2026-08-12,P05,local,12,112,3.23
2026-08-12,P06,general,1,44,12.76
2026-08-12,P06,local,0,23,12.41
2026-08-12,P07,general,7,126,8.73
2026-08-12,P07,local,6,41,9.49
2026-08-12,P08,general,13,111,4.48
2026-08-12,P08,local,2,48,4.45
2026-08-12,P09,general,2,73,10.73
2026-08-12,P09,local,0,18,11
2026-08-12,P10,general,5,56,12.28
2026-08-12,P10,local,0,27,13
2026-08-12,P11,general,0,44,12.63
2026-08-12,P11,local,2,32,12.73
2026-08-12,P12,general,4,85,6.79
2026-08-12,P12,local,4,50,6.69
2026-08-12,P13,general,5,65,5.38
2026-08-12,P13,local,10,98,5.65
2026-08-12,P14,general,0,45,16.43
2026-08-12,P14,local,1,37,16.96
2026-08-12,P15,general,1,46,16.66
2026-08-12,P15,local,2,24,18.15
2026-08-12,P16,general,2,79,15.16
2026-08-12,P16,local,1,53,14.83
2026-08-12,P17,general,3,106,8.78
2026-08-12,P17,local,1,52,8.63
2026-08-12,P18,general,1,65,14.1
2026-08-12,P18,local,0,37,14.6
2026-08-12,P19,general,5,109,5.34
2026-08-12,P19,local,5,66,5.54
2026-08-12,P20,general,2,62,6.71
2026-08-12,P20,local,0,47,6.87
2026-08-12,P21,general,5,104,10.35
2026-08-12,P21,local,0,71,9.8
2026-08-12,P22,general,1,69,15.6
2026-08-12,P22,local,1,30,16.54
2026-08-12,P23,general,5,82,8.27
2026-08-12,P23,local,0,29,8.45
2026-08-12,P24,general,3,73,12.67
2026-08-12,P24,local,2,45,13.21
2026-08-12,P25,general,1,40,16.45
2026-08-12,P25,local,2,33,16.67
2026-08-13,P01,general,2,48,9.32
2026-08-13,P01,local,2,37,9.8
2026-08-13,P02,general,7,97,6.93
2026-08-13,P02,local,1,49,7.22
2026-08-13,P03,general,0,67,10.42
2026-08-13,P03,local,2,46,10.29
2026-08-13,P04,general,1,74,12.5
2026-08-13,P04,local,0,45,12.27
2026-08-13,P05,general,9,158,3.65
2026-08-13,P05,local,12,109,3.64
2026-08-13,P06,general,1,36,14.12
2026-08-13,P06,local,0,33,13.34
2026-08-13,P07,general,2,109,11.42
2026-08-13,P07,local,0,49,11.64
2026-08-13,P08,general,19,108,4.14
2026-08-13,P08,local,5,52,4.3
2026-08-13,P09,general,2,86,9.9
2026-08-13,P09,local,0,27,9.58
2026-08-13,P10,general,2,70,12.79
2026-08-13,P10,local,0,16,11.52
2026-08-13,P11,general,1,26,11.34
2026-08-13,P11,local,2,31,11.67
2026-08-13,P12,general,4,74,6.67
2026-08-13,P12,local,0,44,6.87
2026-08-13,P13,general,3,65,6.15
2026-08-13,P13,local,4,67,6.38
2026-08-13,P14,general,0,39,18.4
2026-08-13,P14,local,1,43,18.12
2026-08-13,P15,general,1,46,17.99
2026-08-13,P15,local,0,26,18.32
2026-08-13,P16,general,2,76,13.66
2026-08-13,P16,local,1,55,12.68
2026-08-13,P17,general,3,93,8.26
2026-08-13,P17,local,0,45,7.97
2026-08-13,P18,general,1,71,13.27
2026-08-13,P18,local,1,35,13.22
2026-08-13,P19,general,7,123,5.41
2026-08-13,P19,local,5,81,5.46
2026-08-13,P20,general,2,52,6.26
2026-08-13,P20,local,0,36,6.38
2026-08-13,P21,general,8,92,10.6
2026-08-13,P21,local,1,80,9.83
2026-08-13,P22,general,2,67,16.86
2026-08-13,P22,local,1,30,15.79
2026-08-13,P23,general,2,79,7.23
2026-08-13,P23,local,0,42,7.41
2026-08-13,P24,general,2,74,13.46
2026-08-13,P24,local,2,31,13.38
2026-08-13,P25,general,1,47,16.15
2026-08-13,P25,local,0,23,16.16
2026-08-14,P01,general,3,71,11.19
2026-08-14,P01,local,0,39,11.01
2026-08-14,P02,general,4,75,8.02
2026-08-14,P02,local,2,51,8.21
2026-08-14,P03,general,2,74,9.54
2026-08-14,P03,local,2,44,10.13
2026-08-14,P04,general,5,95,11.41
2026-08-14,P04,local,0,60,11.54
2026-08-14,P05,general,19,133,3.5
2026-08-14,P05,local,11,103,3.49
2026-08-14,P06,general,2,40,12.15
2026-08-14,P06,local,0,22,12.3
2026-08-14,P07,general,7,128,9.99
2026-08-14,P07,local,3,47,10.53
2026-08-14,P08,general,12,110,4.07
2026-08-14,P08,local,5,33,4.04
2026-08-14,P09,general,7,83,10.38
2026-08-14,P09,local,1,33,9.63
2026-08-14,P10,general,4,66,15.21
2026-08-14,P10,local,0,22,14.98
2026-08-14,P11,general,1,25,13.26
2026-08-14,P11,local,0,26,12.35
2026-08-14,P12,general,4,69,5.98
2026-08-14,P12,local,3,41,5.63
2026-08-14,P13,general,9,80,6.23
2026-08-14,P13,local,5,71,6.36
2026-08-14,P14,general,0,31,15.88
2026-08-14,P14,local,0,39,15.7
2026-08-14,P15,general,2,58,19.17
2026-08-14,P15,local,1,27,18.75
2026-08-14,P16,general,3,82,14.87
2026-08-14,P16,local,0,41,15.27
2026-08-14,P17,general,6,108,8.42
2026-08-14,P17,local,1,35,8.51
2026-08-14,P18,general,0,64,15.16
2026-08-14,P18,local,2,35,14.55
2026-08-14,P19,general,10,131,5.36
2026-08-14,P19,local,4,72,5.4
2026-08-14,P20,general,3,51,6.04
2026-08-14,P20,local,4,66,6.11
2026-08-14,P21,general,0,87,9.6
2026-08-14,P21,local,3,59,10
2026-08-14,P22,general,2,74,15.66
2026-08-14,P22,local,1,29,15.41
2026-08-14,P23,general,2,74,8.76
2026-08-14,P23,local,1,25,9.67
2026-08-14,P24,general,1,79,14.31
2026-08-14,P24,local,1,34,15.51
2026-08-14,P25,general,2,51,15.93
2026-08-14,P25,local,0,22,15.51
2026-08-15,P01,general,2,53,10.03
2026-08-15,P01,local,1,28,10.6
2026-08-15,P02,general,1,69,7.33
2026-08-15,P02,local,1,31,7.3
2026-08-15,P03,general,1,55,9.66
2026-08-15,P03,local,3,31,9.84
2026-08-15,P04,general,1,69,11.53
2026-08-15,P04,local,0,39,11.75
2026-08-15,P05,general,9,115,4.1
2026-08-15,P05,local,6,79,4.2
2026-08-15,P06,general,0,30,11.72
2026-08-15,P06,local,2,31,11.74
2026-08-15,P07,general,2,85,9.22
2026-08-15,P07,local,0,28,9.24
2026-08-15,P08,general,3,68,4.46
2026-08-15,P08,local,3,22,4.35
2026-08-15,P09,general,1,59,10.59
2026-08-15,P09,local,1,21,10.64
2026-08-15,P10,general,0,39,13.55
2026-08-15,P10,local,0,13,13.81
2026-08-15,P11,general,1,27,13.13
2026-08-15,P11,local,1,28,13.01
2026-08-15,P12,general,3,44,6.48
2026-08-15,P12,local,5,41,5.66
2026-08-15,P13,general,3,41,5.65
2026-08-15,P13,local,1,56,6
2026-08-15,P14,general,0,23,18.54
2026-08-15,P14,local,0,28,19.44
2026-08-15,P15,general,0,36,17.42
2026-08-15,P15,local,1,22,17.08
2026-08-15,P16,general,4,66,12.58
2026-08-15,P16,local,0,42,12.43
2026-08-15,P17,general,4,77,8.64
2026-08-15,P17,local,0,30,8.09
2026-08-15,P18,general,2,60,14.92
2026-08-15,P18,local,2,24,15.05
2026-08-15,P19,general,5,94,6.09
2026-08-15,P19,local,2,62,6.17
2026-08-15,P20,general,0,34,6.82
2026-08-15,P20,local,3,37,6.74
2026-08-15,P21,general,3,69,11.7
2026-08-15,P21,local,2,62,12.1
2026-08-15,P22,general,3,54,18.08
2026-08-15,P22,local,0,17,15.85
2026-08-15,P23,general,0,59,8.8
2026-08-15,P23,local,0,31,8.25
2026-08-15,P24,general,2,48,13.42
2026-08-15,P24,local,0,26,12.81
2026-08-15,P25,general,2,26,16.08
2026-08-15,P25,local,1,19,16.97
2026-08-16,P01,general,0,52,11.11
2026-08-16,P01,local,1,24,11
2026-08-16,P02,general,2,66,7.55
2026-08-16,P02,local,2,41,7.09
2026-08-16,P03,general,2,83,8.74
2026-08-16,P03,local,1,38,8.74
2026-08-16,P04,general,1,55,14.57
2026-08-16,P04,local,0,38,13.98
2026-08-16,P05,general,6,104,3.76
2026-08-16,P05,local,8,68,3.53
2026-08-16,P06,general,0,28,11.09
2026-08-16,P06,local,1,19,11.54
2026-08-16,P07,general,2,94,9.86
2026-08-16,P07,local,1,33,9.92
2026-08-16,P08,general,10,75,3.92
2026-08-16,P08,local,3,33,3.94
2026-08-16,P09,general,1,45,10.29
2026-08-16,P09,local,0,24,10.65
2026-08-16,P10,general,3,45,13.25
2026-08-16,P10,local,0,17,13.53
2026-08-16,P11,general,2,31,12.37
2026-08-16,P11,local,1,20,12.7
2026-08-16,P12,general,2,57,5.58
2026-08-16,P12,local,0,27,5.77
2026-08-16,P13,general,3,77,5.41
2026-08-16,P13,local,6,76,5.53
2026-08-16,P14,general,0,20,18.69
2026-08-16,P14,local,1,25,19.82
2026-08-16,P15,general,0,27,19
2026-08-16,P15,local,0,18,19.03
2026-08-16,P16,general,2,61,12.92
2026-08-16,P16,local,2,40,13.42
2026-08-16,P17,general,4,66,7.97
2026-08-16,P17,local,0,48,7.67
2026-08-16,P18,general,3,53,14.97
2026-08-16,P18,local,1,40,14.49
2026-08-16,P19,general,4,80,5.75
2026-08-16,P19,local,0,47,5.63
2026-08-16,P20,general,2,40,7.34
2026-08-16,P20,local,1,33,7.04
2026-08-16,P21,general,1,61,9.91
2026-08-16,P21,local,4,52,10.31
2026-08-16,P22,general,3,54,16.42
2026-08-16,P22,local,0,31,15.61
2026-08-16,P23,general,3,53,8.85
2026-08-16,P23,local,2,24,8.73
2026-08-16,P24,general,2,54,13.54
2026-08-16,P24,local,0,31,13.11
2026-08-16,P25,general,0,26,14.86
2026-08-16,P25,local,0,29,13.27
2026-08-17,P01,general,3,64,9.41
2026-08-17,P01,local,1,37,9.57
2026-08-17,P02,general,2,83,7.19
2026-08-17,P02,local,2,48,7.46
2026-08-17,P03,general,2,71,11.03
2026-08-17,P03,local,1,55,10.65
2026-08-17,P04,general,0,84,11.86
2026-08-17,P04,local,3,45,11.81
2026-08-17,P05,general,18,148,3.13
2026-08-17,P05,local,11,106,3.3
2026-08-17,P06,general,0,45,13.34
2026-08-17,P06,local,0,17,13.6
2026-08-17,P07,general,9,122,9.29
2026-08-17,P07,local,5,54,9.39
2026-08-17,P08,general,9,86,4.22
2026-08-17,P08,local,4,35,4.51
2026-08-17,P09,general,3,65,10
2026-08-17,P09,local,1,34,9.84
2026-08-17,P10,general,3,54,15.01
2026-08-17,P10,local,0,13,14.17
2026-08-17,P11,general,1,26,11.04
2026-08-17,P11,local,1,44,11.33
2026-08-17,P12,general,2,69,5.89
2026-08-17,P12,local,5,51,6.49
2026-08-17,P13,general,4,56,6.21
2026-08-17,P13,local,9,92,6.38
2026-08-17,P14,general,2,36,18.97
2026-08-17,P14,local,0,35,19.28
2026-08-17,P15,general,0,43,19.66
2026-08-17,P15,local,0,29,20.12
2026-08-17,P16,general,2,97,13.68
2026-08-17,P16,local,2,57,13.95
2026-08-17,P17,general,7,87,8.85
2026-08-17,P17,local,2,38,9.34
2026-08-17,P18,general,0,76,15.23
2026-08-17,P18,local,1,41,16.07
2026-08-17,P19,general,9,141,5.73
2026-08-17,P19,local,9,83,5.44
2026-08-17,P20,general,1,43,6.97
2026-08-17,P20,local,3,39,6.92
2026-08-17,P21,general,3,83,10.45
2026-08-17,P21,local,3,64,10.34
2026-08-17,P22,general,0,70,15.71
2026-08-17,P22,local,1,37,16.42
2026-08-17,P23,general,4,81,8.92
2026-08-17,P23,local,2,36,8.99
2026-08-17,P24,general,1,92,13.19
2026-08-17,P24,local,4,37,13.21
2026-08-17,P25,general,2,41,15.17
2026-08-17,P25,local,1,20,16.14
2026-08-18,P01,general,3,59,10.57
2026-08-18,P01,local,2,48,10.95
2026-08-18,P02,general,8,73,7.44
2026-08-18,P02,local,6,57,7.15
2026-08-18,P03,general,2,76,11.56
2026-08-18,P03,local,3,59,10.71
2026-08-18,P04,general,4,71,11.3
2026-08-18,P04,local,2,59,11.29
2026-08-18,P05,general,16,147,3.3
2026-08-18,P05,local,11,105,3.17
2026-08-18,P06,general,1,47,12.47
2026-08-18,P06,local,0,32,12.93
2026-08-18,P07,general,6,102,9.9
2026-08-18,P07,local,3,45,9.88
2026-08-18,P08,general,15,94,4.47
2026-08-18,P08,local,5,32,4.37
2026-08-18,P09,general,3,65,10.17
2026-08-18,P09,local,1,36,10.54
2026-08-18,P10,general,2,48,14.18
2026-08-18,P10,local,0,19,14.61
2026-08-18,P11,general,0,23,12.74
2026-08-18,P11,local,2,41,13.15
2026-08-18,P12,general,5,66,5.89
2026-08-18,P12,local,0,45,6.06
2026-08-18,P13,general,6,67,5.65
2026-08-18,P13,local,7,82,5.75
2026-08-18,P14,general,2,42,16.96
2026-08-18,P14,local,0,44,16.07
2026-08-18,P15,general,0,47,17.15
2026-08-18,P15,local,1,29,17.11
2026-08-18,P16,general,2,94,14.4
2026-08-18,P16,local,0,56,14.21
2026-08-18,P17,general,4,103,9.02
2026-08-18,P17,local,2,46,8.8
2026-08-18,P18,general,1,63,14.39
2026-08-18,P18,local,1,37,14.21
2026-08-18,P19,general,8,140,5.25
2026-08-18,P19,local,4,64,5.34
2026-08-18,P20,general,4,48,6.71
2026-08-18,P20,local,4,42,6.68
2026-08-18,P21,general,1,86,11.05
2026-08-18,P21,local,1,74,10.67
2026-08-18,P22,general,1,69,16.34
2026-08-18,P22,local,1,34,16.4
2026-08-18,P23,general,2,82,7.4
2026-08-18,P23,local,2,35,6.96
2026-08-18,P24,general,1,82,13.56
2026-08-18,P24,local,2,46,14.04
2026-08-18,P25,general,2,48,15.01
2026-08-18,P25,local,3,25,15.22
2026-08-19,P01,general,5,59,10.14
2026-08-19,P01,local,1,39,10.2
2026-08-19,P02,general,4,96,8.15
2026-08-19,P02,local,1,52,8
2026-08-19,P03,general,3,73,11.37
2026-08-19,P03,local,2,40,10.51
2026-08-19,P04,general,1,75,10.63
2026-08-19,P04,local,0,54,10.42
2026-08-19,P05,general,11,166,3.39
2026-08-19,P05,local,10,109,3.36
2026-08-19,P06,general,0,45,11.91
2026-08-19,P06,local,0,26,11.74
2026-08-19,P07,general,7,125,8.4
2026-08-19,P07,local,2,38,8.14
2026-08-19,P08,general,10,96,3.98
2026-08-19,P08,local,5,39,4.22
2026-08-19,P09,general,7,73,10.1
2026-08-19,P09,local,1,29,9.73
2026-08-19,P10,general,1,50,12.53
2026-08-19,P10,local,1,27,13.02
2026-08-19,P11,general,0,26,11.73
2026-08-19,P11,local,1,43,12.14
2026-08-19,P12,general,2,54,6.8
2026-08-19,P12,local,0,48,6.82
2026-08-19,P13,general,10,84,4.73
2026-08-19,P13,local,4,81,4.57
2026-08-19,P14,general,0,34,16.58
2026-08-19,P14,local,1,34,17.87
2026-08-19,P15,general,0,37,19.45
2026-08-19,P15,local,1,32,18.16
2026-08-19,P16,general,1,55,12.96
2026-08-19,P16,local,0,53,14.22
2026-08-19,P17,general,2,86,9.41
2026-08-19,P17,local,2,39,9.03
2026-08-19,P18,general,2,54,15.56
2026-08-19,P18,local,0,24,15.95
2026-08-19,P19,general,8,128,5.3
2026-08-19,P19,local,5,78,5.23
2026-08-19,P20,general,2,58,6.84
2026-08-19,P20,local,3,52,7.03
2026-08-19,P21,general,2,88,10.55
2026-08-19,P21,local,1,68,10.8
2026-08-19,P22,general,1,78,16.73
2026-08-19,P22,local,0,27,16.16
2026-08-19,P23,general,5,77,8.28
2026-08-19,P23,local,3,40,8.28
2026-08-19,P24,general,1,81,14.27
2026-08-19,P24,local,2,48,13.96
2026-08-19,P25,general,1,42,16.15
2026-08-19,P25,local,0,26,15.1
2026-08-20,P01,general,1,54,9.84
2026-08-20,P01,local,1,40,9.47
2026-08-20,P02,general,6,87,7.58
2026-08-20,P02,local,4,44,7.67
2026-08-20,P03,general,2,85,8.98
2026-08-20,P03,local,1,49,9.42
2026-08-20,P04,general,1,85,11.54
2026-08-20,P04,local,1,42,11.68
2026-08-20,P05,general,13,140,3.4
2026-08-20,P05,local,7,100,3.29
2026-08-20,P06,general,2,42,12.96
2026-08-20,P06,local,2,28,13.03
2026-08-20,P07,general,8,117,10.37
2026-08-20,P07,local,3,40,10.47
2026-08-20,P08,general,9,93,4.56
2026-08-20,P08,local,3,33,4.81
2026-08-20,P09,general,4,75,9.94
2026-08-20,P09,local,1,29,10
2026-08-20,P10,general,2,55,13.57
2026-08-20,P10,local,2,21,12.99
2026-08-20,P11,general,0,33,11.8
2026-08-20,P11,local,0,34,12.1
2026-08-20,P12,general,5,59,7.24
2026-08-20,P12,local,1,47,7.1
2026-08-20,P13,general,4,77,5.51
2026-08-20,P13,local,3,75,5.73
2026-08-20,P14,general,0,35,18.07
2026-08-20,P14,local,0,33,17.53
2026-08-20,P15,general,2,48,20.2
2026-08-20,P15,local,1,34,19.25
2026-08-20,P16,general,8,99,14.69
2026-08-20,P16,local,2,57,14.71
2026-08-20,P17,general,8,102,8.84
2026-08-20,P17,local,1,48,8.64
2026-08-20,P18,general,2,60,14.95
2026-08-20,P18,local,1,40,15.53
2026-08-20,P19,general,7,136,5.84
2026-08-20,P19,local,6,83,5.4
2026-08-20,P20,general,6,66,6.95
2026-08-20,P20,local,6,54,6.96
2026-08-20,P21,general,4,89,11.54
2026-08-20,P21,local,1,77,12.3
2026-08-20,P22,general,2,72,16.86
2026-08-20,P22,local,1,42,17
2026-08-20,P23,general,0,80,8.43
2026-08-20,P23,local,0,35,8.7
2026-08-20,P24,general,1,90,13.97
2026-08-20,P24,local,0,32,14.37
2026-08-20,P25,general,0,48,16.85
2026-08-20,P25,local,1,32,16.96
2026-08-21,P01,general,5,59,10.27
2026-08-21,P01,local,2,43,10.42
2026-08-21,P02,general,3,88,7.33
2026-08-21,P02,local,0,44,6.98
2026-08-21,P03,general,4,73,10
2026-08-21,P03,local,4,60,9.53
2026-08-21,P04,general,3,66,12.16
2026-08-21,P04,local,2,62,12.74
2026-08-21,P05,general,11,158,3.63
2026-08-21,P05,local,12,95,3.47
2026-08-21,P06,general,0,39,12.11
2026-08-21,P06,local,3,31,12.09
2026-08-21,P07,general,8,123,9.47
2026-08-21,P07,local,4,54,9.73
2026-08-21,P08,general,4,112,4.37
2026-08-21,P08,local,8,41,4.14
2026-08-21,P09,general,1,61,10.38
2026-08-21,P09,local,1,34,10.36
2026-08-21,P10,general,1,52,13.02
2026-08-21,P10,local,1,19,13.48
2026-08-21,P11,general,2,30,13.11
2026-08-21,P11,local,0,34,13.12
2026-08-21,P12,general,4,60,6.08
2026-08-21,P12,local,3,47,6.08
2026-08-21,P13,general,12,78,5.48
2026-08-21,P13,local,8,103,5.62
2026-08-21,P14,general,0,40,18.27
2026-08-21,P14,local,1,32,19.01
2026-08-21,P15,general,0,56,20.63
2026-08-21,P15,local,0,36,20.22
2026-08-21,P16,general,1,82,14.36
2026-08-21,P16,local,0,52,13.63
2026-08-21,P17,general,2,108,8.73
2026-08-21,P17,local,3,46,8.94
2026-08-21,P18,general,3,84,15.69
2026-08-21,P18,local,0,42,14.99
2026-08-21,P19,general,7,109,5.48
2026-08-21,P19,local,4,66,5.74
2026-08-21,P20,general,1,52,7.14
2026-08-21,P20,local,3,59,7.02
2026-08-21,P21,general,3,91,9.4
2026-08-21,P21,local,2,69,8.89
2026-08-21,P22,general,1,74,17.29
2026-08-21,P22,local,1,26,17.4
2026-08-21,P23,general,3,82,8.28
2026-08-21,P23,local,2,38,7.48
2026-08-21,P24,general,1,78,13.32
2026-08-21,P24,local,2,43,13.27
2026-08-21,P25,general,0,38,16.32
2026-08-21,P25,local,1,29,16.05
2026-08-22,P01,general,2,53,10.02
2026-08-22,P01,local,3,28,10.61
2026-08-22,P02,general,4,68,7.32
2026-08-22,P02,local,2,42,7.26
2026-08-22,P03,general,0,45,10.38
2026-08-22,P03,local,2,34,9.78
2026-08-22,P04,general,0,67,10.53
2026-08-22,P04,local,2,47,10.87
2026-08-22,P05,general,9,108,3.24
2026-08-22,P05,local,7,79,3.38
2026-08-22,P06,general,2,37,13.6
2026-08-22,P06,local,2,12,13.2
2026-08-22,P07,general,3,93,8.79
2026-08-22,P07,local,1,29,9.13
2026-08-22,P08,general,6,76,4.35
2026-08-22,P08,local,0,26,4.22
2026-08-22,P09,general,3,52,9.63
2026-08-22,P09,local,0,18,9.5
2026-08-22,P10,general,1,30,16.53
2026-08-22,P10,local,1,13,15.78
2026-08-22,P11,general,0,24,12.4
2026-08-22,P11,local,1,18,12.3
2026-08-22,P12,general,2,46,6.04
2026-08-22,P12,local,1,28,6.14
2026-08-22,P13,general,1,57,5.86
2026-08-22,P13,local,4,52,5.87
2026-08-22,P14,general,0,25,16.4
2026-08-22,P14,local,2,38,16.67
2026-08-22,P15,general,0,37,19.44
2026-08-22,P15,local,1,20,18.92
2026-08-22,P16,general,0,45,17.26
2026-08-22,P16,local,1,38,15.71
2026-08-22,P17,general,6,76,7.22
2026-08-22,P17,local,2,35,7.35
2026-08-22,P18,general,1,41,14.32
2026-08-22,P18,local,0,27,15.1
2026-08-22,P19,general,10,91,5.21
2026-08-22,P19,local,5,52,5.24
2026-08-22,P20,general,2,46,6.63
2026-08-22,P20,local,2,41,7.05
2026-08-22,P21,general,5,66,10.95
2026-08-22,P21,local,2,57,11.83
2026-08-22,P22,general,2,32,17.45
2026-08-22,P22,local,1,15,17.44
2026-08-22,P23,general,2,73,8.8
2026-08-22,P23,local,0,26,8.46
2026-08-22,P24,general,7,72,11.78
2026-08-22,P24,local,0,27,11.81
2026-08-22,P25,general,1,33,16.35
2026-08-22,P25,local,0,21,17.31
2026-08-23,P01,general,0,39,9.57
2026-08-23,P01,local,0,33,10.01
2026-08-23,P02,general,3,77,7.71
2026-08-23,P02,local,2,38,7.4
2026-08-23,P03,general,2,68,9.38
2026-08-23,P03,local,2,42,9.19
2026-08-23,P04,general,0,66,12.59
2026-08-23,P04,local,2,41,12.81
2026-08-23,P05,general,10,106,3.62
2026-08-23,P05,local,9,79,3.63
2026-08-23,P06,general,1,35,12.44
2026-08-23,P06,local,0,15,12.75
2026-08-23,P07,general,9,88,8.44
2026-08-23,P07,local,2,31,8.69
2026-08-23,P08,general,8,85,4.86
2026-08-23,P08,local,3,24,4.86
2026-08-23,P09,general,5,50,9.29
2026-08-23,P09,local,0,18,10.03
2026-08-23,P10,general,1,41,15.21
2026-08-23,P10,local,0,12,13.83
2026-08-23,P11,general,0,18,12.72
2026-08-23,P11,local,1,22,13.42
2026-08-23,P12,general,4,44,5.81
2026-08-23,P12,local,2,36,5.5
2026-08-23,P13,general,8,70,5.78
2026-08-23,P13,local,8,69,5.53
2026-08-23,P14,general,2,33,18.49
2026-08-23,P14,local,1,34,17.76
2026-08-23,P15,general,0,37,20.03
2026-08-23,P15,local,0,23,19.76
2026-08-23,P16,general,0,72,15.85
2026-08-23,P16,local,1,40,14.93
2026-08-23,P17,general,2,85,8.94
2026-08-23,P17,local,3,41,8.6
2026-08-23,P18,general,2,45,14.02
2026-08-23,P18,local,1,31,14.4
2026-08-23,P19,general,5,86,5.47
2026-08-23,P19,local,3,50,5.5
2026-08-23,P20,general,1,48,7.44
2026-08-23,P20,local,2,38,7.12
2026-08-23,P21,general,2,49,11.19
2026-08-23,P21,local,2,53,10.63
2026-08-23,P22,general,0,43,18.25
2026-08-23,P22,local,0,17,17.31
2026-08-23,P23,general,4,58,8.89
2026-08-23,P23,local,1,26,8.55
2026-08-23,P24,general,1,66,14.15
2026-08-23,P24,local,0,40,14.76
2026-08-23,P25,general,2,29,14.69
2026-08-23,P25,local,1,22,15.27
2026-08-24,P01,general,4,61,8.76
2026-08-24,P01,local,0,30,8.94
2026-08-24,P02,general,3,81,8.19
2026-08-24,P02,local,1,52,7.96
2026-08-24,P03,general,1,75,9.81
2026-08-24,P03,local,2,42,9.97
2026-08-24,P04,general,5,105,11.8
2026-08-24,P04,local,3,49,12.24
2026-08-24,P05,general,18,143,3.75
2026-08-24,P05,local,10,117,3.49
2026-08-24,P06,general,0,38,12.15
2026-08-24,P06,local,3,31,12.38
2026-08-24,P07,general,8,126,9.78
2026-08-24,P07,local,5,56,10.05
2026-08-24,P08,general,9,95,4.27
2026-08-24,P08,local,5,38,4.58
2026-08-24,P09,general,3,54,10.81
2026-08-24,P09,local,1,25,10.94
2026-08-24,P10,general,2,58,14.17
2026-08-24,P10,local,1,22,13.7
2026-08-24,P11,general,1,22,11.54
2026-08-24,P11,local,2,36,11.83
2026-08-24,P12,general,2,61,5.98
2026-08-24,P12,local,10,51,5.81
2026-08-24,P13,general,4,74,6.16
2026-08-24,P13,local,7,78,6.11
2026-08-24,P14,general,0,45,18.04
2026-08-24,P14,local,0,42,17.11
2026-08-24,P15,general,1,36,18.95
2026-08-24,P15,local,1,35,18.17
2026-08-24,P16,general,4,70,13.91
2026-08-24,P16,local,0,53,13.62
2026-08-24,P17,general,8,100,9.36
2026-08-24,P17,local,5,57,8.56
2026-08-24,P18,general,3,70,14.48
2026-08-24,P18,local,1,36,14.67
2026-08-24,P19,general,5,113,5.72
2026-08-24,P19,local,5,77,5.79
2026-08-24,P20,general,2,59,8.42
2026-08-24,P20,local,3,36,8.2
2026-08-24,P21,general,2,71,10.09
2026-08-24,P21,local,3,62,10.55
2026-08-24,P22,general,0,56,17.54
2026-08-24,P22,local,0,33,17.95
2026-08-24,P23,general,6,80,8.74
2026-08-24,P23,local,3,35,8.82
2026-08-24,P24,general,2,81,14.32
2026-08-24,P24,local,0,34,14.23
2026-08-24,P25,general,0,47,14.8
2026-08-24,P25,local,2,27,13.78
2026-08-25,P01,general,1,71,9.3
2026-08-25,P01,local,2,45,9.31
2026-08-25,P02,general,6,92,7.85
2026-08-25,P02,local,3,43,7.98
2026-08-25,P03,general,5,84,9.3
2026-08-25,P03,local,1,49,10
2026-08-25,P04,general,2,99,12.68
2026-08-25,P04,local,3,50,11.86
2026-08-25,P05,general,19,152,3.18
2026-08-25,P05,local,11,124,3.19
2026-08-25,P06,general,3,41,12.71
2026-08-25,P06,local,1,16,12.71
2026-08-25,P07,general,2,121,9.8
2026-08-25,P07,local,2,29,10.65
2026-08-25,P08,general,10,85,4.29
2026-08-25,P08,local,3,26,4
2026-08-25,P09,general,7,84,10.22
2026-08-25,P09,local,1,23,9.79
2026-08-25,P10,general,3,51,13.34
2026-08-25,P10,local,2,21,14.58
2026-08-25,P11,general,1,32,11.07
2026-08-25,P11,local,2,41,11.17
2026-08-25,P12,general,3,72,5.61
2026-08-25,P12,local,1,48,5.6
2026-08-25,P13,general,3,67,5.69
2026-08-25,P13,local,5,69,6
2026-08-25,P14,general,1,48,15.74
2026-08-25,P14,local,0,44,15.89
2026-08-25,P15,general,1,49,18.82
2026-08-25,P15,local,2,26,18.12
2026-08-25,P16,general,1,77,14.83
2026-08-25,P16,local,2,63,14.04
2026-08-25,P17,general,0,83,9.31
2026-08-25,P17,local,1,45,9.08
2026-08-25,P18,general,2,41,15.3
2026-08-25,P18,local,1,39,14.92
2026-08-25,P19,general,4,129,5.51
2026-08-25,P19,local,4,83,5.71
2026-08-25,P20,general,2,37,7.34
2026-08-25,P20,local,2,43,6.95
2026-08-25,P21,general,1,72,10.64
2026-08-25,P21,local,2,58,10.64
2026-08-25,P22,general,0,76,15.24
2026-08-25,P22,local,1,29,15.03
2026-08-25,P23,general,6,98,7.81
2026-08-25,P23,local,0,33,8.36
2026-08-25,P24,general,2,80,12.15
2026-08-25,P24,local,3,53,13.09
2026-08-25,P25,general,1,38,15.1
2026-08-25,P25,local,2,19,14.78
2026-08-26,P01,general,1,61,11
2026-08-26,P01,local,1,34,11.02
2026-08-26,P02,general,2,83,8.4
2026-08-26,P02,local,1,53,8.32
2026-08-26,P03,general,2,74,10.42
2026-08-26,P03,local,0,44,10.26
2026-08-26,P04,general,0,85,12.53
2026-08-26,P04,local,1,42,12.71
2026-08-26,P05,general,24,162,2.98
2026-08-26,P05,local,12,115,2.93
2026-08-26,P06,general,0,34,12.14
2026-08-26,P06,local,1,38,11.73
2026-08-26,P07,general,5,113,10.17
2026-08-26,P07,local,1,41,9.99
2026-08-26,P08,general,9,90,4.23
2026-08-26,P08,local,1,34,4.28
2026-08-26,P09,general,4,61,9.98
2026-08-26,P09,local,2,35,10.03
2026-08-26,P10,general,2,71,13.19
2026-08-26,P10,local,0,16,13.84
2026-08-26,P11,general,0,26,12.74
2026-08-26,P11,local,0,52,12.38
2026-08-26,P12,general,3,56,6.86
2026-08-26,P12,local,4,30,6.34
2026-08-26,P13,general,4,67,5.5
2026-08-26,P13,local,5,86,5.86
2026-08-26,P14,general,0,46,18.45
2026-08-26,P14,local,1,30,17.66
2026-08-26,P15,general,1,47,20.15
2026-08-26,P15,local,1,25,19.37
2026-08-26,P16,general,5,81,14.49
2026-08-26,P16,local,2,64,14.29
2026-08-26,P17,general,7,90,7.74
2026-08-26,P17,local,3,52,8.06
2026-08-26,P18,general,0,76,13.61
2026-08-26,P18,local,1,38,13.72
2026-08-26,P19,general,8,120,5.62
2026-08-26,P19,local,4,70,5.7
2026-08-26,P20,general,9,63,7.1
2026-08-26,P20,local,3,50,7.15
2026-08-26,P21,general,2,94,12.1
2026-08-26,P21,local,1,71,12.7
2026-08-26,P22,general,3,65,16.17
2026-08-26,P22,local,1,37,15.89
2026-08-26,P23,general,3,75,8.79
2026-08-26,P23,local,2,43,8.06
2026-08-26,P24,general,0,89,14.33
2026-08-26,P24,local,2,37,14.5
2026-08-26,P25,general,0,46,15.56
2026-08-26,P25,local,0,38,16.19
2026-08-27,P01,general,3,83,10.38
2026-08-27,P01,local,0,41,10.14
2026-08-27,P02,general,2,87,6.82
2026-08-27,P02,local,2,51,6.83
2026-08-27,P03,general,3,81,10.97
2026-08-27,P03,local,3,44,10.81
2026-08-27,P04,general,1,71,11.85
2026-08-27,P04,local,0,56,12.19
2026-08-27,P05,general,20,153,3.44
2026-08-27,P05,local,14,112,3.37
2026-08-27,P06,general,0,38,12.81
2026-08-27,P06,local,1,17,12.97
2026-08-27,P07,general,11,136,9.96
2026-08-27,P07,local,4,44,9.84
2026-08-27,P08,general,17,102,4.03
2026-08-27,P08,local,6,44,4.24
2026-08-27,P09,general,2,72,10.29
2026-08-27,P09,local,1,37,10.12
2026-08-27,P10,general,0,50,13.47
2026-08-27,P10,local,0,26,13.63
2026-08-27,P11,general,0,32,11.55
2026-08-27,P11,local,2,34,11.44
2026-08-27,P12,general,4,63,6.35
2026-08-27,P12,local,5,37,5.9
2026-08-27,P13,general,1,73,5.89
2026-08-27,P13,local,7,78,5.55
2026-08-27,P14,general,1,32,17.35
2026-08-27,P14,local,3,37,19.13
2026-08-27,P15,general,0,37,22.41
2026-08-27,P15,local,0,33,20.62
2026-08-27,P16,general,4,91,15.23
2026-08-27,P16,local,1,55,14.18
2026-08-27,P17,general,3,97,8.77
2026-08-27,P17,local,0,49,8.63
2026-08-27,P18,general,1,67,13.24
2026-08-27,P18,local,0,36,13.36
2026-08-27,P19,general,6,116,5.53
2026-08-27,P19,local,7,88,6.02
2026-08-27,P20,general,2,53,7.4
2026-08-27,P20,local,4,43,7.24
2026-08-27,P21,general,9,96,10.02
2026-08-27,P21,local,2,70,10.12
2026-08-27,P22,general,0,66,15.14
2026-08-27,P22,local,1,32,15.6
2026-08-27,P23,general,3,79,7.1
2026-08-27,P23,local,3,34,7.68
2026-08-27,P24,general,2,81,12.89
2026-08-27,P24,local,0,31,12.83
2026-08-27,P25,general,1,41,14.85
2026-08-27,P25,local,1,39,15.32
2026-08-28,P01,general,0,68,10.8
2026-08-28,P01,local,1,40,9.91
2026-08-28,P02,general,9,112,6.9
2026-08-28,P02,local,6,53,6.86
2026-08-28,P03,general,1,69,10.27
2026-08-28,P03,local,1,52,11.03
2026-08-28,P04,general,1,62,12.22
2026-08-28,P04,local,4,42,12.65
2026-08-28,P05,general,15,132,3.84
2026-08-28,P05,local,13,92,4.1
2026-08-28,P06,general,1,39,11.98
2026-08-28,P06,local,2,37,11.96
2026-08-28,P07,general,8,131,9.9
2026-08-28,P07,local,1,37,10.07
2026-08-28,P08,general,10,100,4.83
2026-08-28,P08,local,4,29,4.79
2026-08-28,P09,general,9,68,11.4
2026-08-28,P09,local,0,25,11.21
2026-08-28,P10,general,2,54,13.65
2026-08-28,P10,local,1,19,13.01
2026-08-28,P11,general,0,22,12.34
2026-08-28,P11,local,3,27,12.84
2026-08-28,P12,general,3,49,5.85
2026-08-28,P12,local,2,52,6
2026-08-28,P13,general,3,64,5.63
2026-08-28,P13,local,10,99,6.05
2026-08-28,P14,general,0,41,16.8
2026-08-28,P14,local,2,45,17.79
2026-08-28,P15,general,2,43,20.53
2026-08-28,P15,local,0,31,22.28
2026-08-28,P16,general,3,66,14.21
2026-08-28,P16,local,3,54,14.38
2026-08-28,P17,general,5,110,7.93
2026-08-28,P17,local,2,55,7.9
2026-08-28,P18,general,4,73,12.65
2026-08-28,P18,local,0,46,12.58
2026-08-28,P19,general,10,126,5.35
2026-08-28,P19,local,2,61,5.11
2026-08-28,P20,general,4,50,6.11
2026-08-28,P20,local,3,28,6.43
2026-08-28,P21,general,5,80,10.44
2026-08-28,P21,local,2,53,9.76
2026-08-28,P22,general,2,67,15.59
2026-08-28,P22,local,0,40,16.53
2026-08-28,P23,general,4,95,8.71
2026-08-28,P23,local,2,43,8.8
2026-08-28,P24,general,5,86,13.39
2026-08-28,P24,local,1,40,13.04
2026-08-28,P25,general,0,40,14.44
2026-08-28,P25,local,2,26,14.96
2026-08-29,P01,general,3,47,11.09
2026-08-29,P01,local,1,23,11.2
2026-08-29,P02,general,4,71,6.78
2026-08-29,P02,local,0,34,7.07
2026-08-29,P03,general,2,75,11.1
2026-08-29,P03,local,2,29,11.13
2026-08-29,P04,general,5,61,10.44
2026-08-29,P04,local,1,48,10.5
2026-08-29,P05,general,11,95,3.36
2026-08-29,P05,local,8,88,3.34
2026-08-29,P06,general,2,25,13.45
2026-08-29,P06,local,0,20,12.82
2026-08-29,P07,general,5,88,10.03
2026-08-29,P07,local,3,37,9.87
2026-08-29,P08,general,5,75,4.45
2026-08-29,P08,local,2,15,4.52
2026-08-29,P09,general,4,53,10.22
2026-08-29,P09,local,2,27,10.67
2026-08-29,P10,general,1,49,14.69
2026-08-29,P10,local,1,15,14.76
2026-08-29,P11,general,0,27,12.51
2026-08-29,P11,local,1,21,12.05
2026-08-29,P12,general,1,36,6.59
2026-08-29,P12,local,1,36,6.24
2026-08-29,P13,general,1,37,5.78
2026-08-29,P13,local,5,69,5.56
2026-08-29,P14,general,1,28,18.16
2026-08-29,P14,local,0,45,17.73
2026-08-29,P15,general,0,54,17.14
2026-08-29,P15,local,2,23,17.03
2026-08-29,P16,general,1,72,14.78
2026-08-29,P16,local,1,40,14.21
2026-08-29,P17,general,2,73,9.94
2026-08-29,P17,local,2,34,10.07
2026-08-29,P18,general,0,46,15.33
2026-08-29,P18,local,0,26,15.21
2026-08-29,P19,general,6,88,5.98
2026-08-29,P19,local,5,45,5.83
2026-08-29,P20,general,4,41,7.35
2026-08-29,P20,local,1,30,7.51
2026-08-29,P21,general,3,60,11.33
2026-08-29,P21,local,1,56,10.75
2026-08-29,P22,general,0,48,18.05
2026-08-29,P22,local,0,27,17.92
2026-08-29,P23,general,2,63,8.47
2026-08-29,P23,local,0,27,8.62
2026-08-29,P24,general,4,65,12.08
2026-08-29,P24,local,2,34,11.94
2026-08-29,P25,general,1,27,14.73
2026-08-29,P25,local,0,18,15.8
2026-08-30,P01,general,1,53,10.09
2026-08-30,P01,local,1,26,10.36
2026-08-30,P02,general,5,75,7.41
2026-08-30,P02,local,2,33,7.45
2026-08-30,P03,general,3,60,9.35
2026-08-30,P03,local,1,36,10.13
2026-08-30,P04,general,4,59,13.03
2026-08-30,P04,local,1,26,12.48
2026-08-30,P05,general,19,126,3.39
2026-08-30,P05,local,8,72,3.43
2026-08-30,P06,general,0,42,11.42
2026-08-30,P06,local,1,26,10.85
2026-08-30,P07,general,6,93,9.99
2026-08-30,P07,local,3,42,9.55
2026-08-30,P08,general,4,68,4.83
2026-08-30,P08,local,0,19,4.29
2026-08-30,P09,general,2,52,10.83
2026-08-30,P09,local,1,19,10.22
2026-08-30,P10,general,1,42,14.16
2026-08-30,P10,local,0,13,14.41
2026-08-30,P11,general,1,18,12.03
2026-08-30,P11,local,1,16,11.87
2026-08-30,P12,general,1,44,5.39
2026-08-30,P12,local,3,32,5.73
2026-08-30,P13,general,5,50,6.34
2026-08-30,P13,local,1,65,6.44
2026-08-30,P14,general,2,23,18.6
2026-08-30,P14,local,1,25,19.31
2026-08-30,P15,general,1,23,16.9
2026-08-30,P15,local,1,24,18
2026-08-30,P16,general,2,66,15.19
2026-08-30,P16,local,3,46,13.6
2026-08-30,P17,general,4,80,8.84
2026-08-30,P17,local,2,29,9.04
2026-08-30,P18,general,3,44,15.2
2026-08-30,P18,local,0,16,16.32
2026-08-30,P19,general,2,80,5.21
2026-08-30,P19,local,6,62,5.25
2026-08-30,P20,general,0,46,7.07
2026-08-30,P20,local,0,29,7.35
2026-08-30,P21,general,4,70,10.09
2026-08-30,P21,local,4,52,10.07
2026-08-30,P22,general,1,56,16.21
2026-08-30,P22,local,0,28,15.51
2026-08-30,P23,general,1,60,8.6
2026-08-30,P23,local,1,28,8.38
2026-08-30,P24,general,2,59,14.53
2026-08-30,P24,local,0,25,14.89
2026-08-30,P25,general,1,34,16.3
2026-08-30,P25,local,2,23,15.87
2026-08-31,P01,general,3,80,10.4
2026-08-31,P01,local,4,41,9.86
2026-08-31,P02,general,3,89,8.07
2026-08-31,P02,local,4,48,7.49
2026-08-31,P03,general,6,86,9.97
2026-08-31,P03,local,0,44,9.65
2026-08-31,P04,general,5,95,11.44
2026-08-31,P04,local,3,47,10.95
2026-08-31,P05,general,14,179,3.5
2026-08-31,P05,local,5,90,3.55
2026-08-31,P06,general,4,43,12.9
2026-08-31,P06,local,0,25,12.19
2026-08-31,P07,general,4,112,9.46
2026-08-31,P07,local,1,37,9.61
2026-08-31,P08,general,8,93,4.35
2026-08-31,P08,local,7,47,4.41
2026-08-31,P09,general,7,64,9.69
2026-08-31,P09,local,2,22,9.62
2026-08-31,P10,general,2,49,14.05
2026-08-31,P10,local,2,22,14.54
2026-08-31,P11,general,1,24,12.47
2026-08-31,P11,local,1,32,12.64
2026-08-31,P12,general,3,63,5.94
2026-08-31,P12,local,0,50,5.62
2026-08-31,P13,general,1,64,5.65
2026-08-31,P13,local,2,95,5.78
2026-08-31,P14,general,1,41,20
2026-08-31,P14,local,2,45,18.86
2026-08-31,P15,general,1,52,16.83
2026-08-31,P15,local,0,26,18.19
2026-08-31,P16,general,2,74,15.52
2026-08-31,P16,local,1,51,15.68
2026-08-31,P17,general,2,93,8.77
2026-08-31,P17,local,2,42,8.23
2026-08-31,P18,general,2,82,14.66
2026-08-31,P18,local,1,37,15
2026-08-31,P19,general,10,112,5.82
2026-08-31,P19,local,6,55,6.11
2026-08-31,P20,general,1,57,7.55
2026-08-31,P20,local,5,59,7.43
2026-08-31,P21,general,1,71,9.92
2026-08-31,P21,local,4,72,10.15
2026-08-31,P22,general,3,80,15.05
2026-08-31,P22,local,0,37,15.11
2026-08-31,P23,general,3,67,8.38
2026-08-31,P23,local,1,42,7.9
2026-08-31,P24,general,1,91,14.77
2026-08-31,P24,local,0,41,16.08
2026-08-31,P25,general,0,42,16.59
2026-08-31,P25,local,0,24,16.16
2026-09-01,P01,general,5,83,9.51
2026-09-01,P01,local,3,44,10.16
2026-09-01,P02,general,2,99,7.49
2026-09-01,P02,local,3,54,7.66
2026-09-01,P03,general,4,87,11.52
2026-09-01,P03,local,3,49,11.11
2026-09-01,P04,general,2,112,12.9
2026-09-01,P04,local,3,68,11.87
2026-09-01,P05,general,19,194,3.15
2026-09-01,P05,local,17,145,3.31
2026-09-01,P06,general,0,42,12.72
2026-09-01,P06,local,0,28,13.47
2026-09-01,P07,general,4,131,9.94
2026-09-01,P07,local,5,54,9.99
2026-09-01,P08,general,19,123,4.13
2026-09-01,P08,local,2,47,4.17
2026-09-01,P09,general,4,89,10.56
2026-09-01,P09,local,3,44,10.44
2026-09-01,P10,general,1,73,14.13
2026-09-01,P10,local,1,28,14.18
2026-09-01,P11,general,0,30,12.68
2026-09-01,P11,local,1,36,11.85
2026-09-01,P12,general,2,65,6.3
2026-09-01,P12,local,4,55,5.97
2026-09-01,P13,general,9,84,5.73
2026-09-01,P13,local,2,85,5.97
2026-09-01,P14,general,1,53,15.71
2026-09-01,P14,local,1,57,15.19
2026-09-01,P15,general,0,60,17.13
2026-09-01,P15,local,2,31,16.79
2026-09-01,P16,general,3,105,13.52
2026-09-01,P16,local,0,75,13.39
2026-09-01,P17,general,2,105,8.58
2026-09-01,P17,local,1,42,8.67
2026-09-01,P18,general,0,71,14.43
2026-09-01,P18,local,1,49,14.5
2026-09-01,P19,general,10,136,5.68
2026-09-01,P19,local,5,81,5.74
2026-09-01,P20,general,3,77,7.37
2026-09-01,P20,local,3,38,7.13
2026-09-01,P21,general,4,90,10.02
2026-09-01,P21,local,2,82,10.68
2026-09-01,P22,general,3,78,16.51
2026-09-01,P22,local,2,37,16.32
2026-09-01,P23,general,3,97,8.63
2026-09-01,P23,local,1,50,9.04
2026-09-01,P24,general,1,96,14.81
2026-09-01,P24,local,1,53,14.52
2026-09-01,P25,general,1,49,15.05
2026-09-01,P25,local,0,25,15.84
2026-09-02,P01,general,0,72,10.56
2026-09-02,P01,local,5,47,9.99
2026-09-02,P02,general,8,98,6.98
2026-09-02,P02,local,2,51,7.37
2026-09-02,P03,general,3,90,11.45
2026-09-02,P03,local,1,56,10.67
2026-09-02,P04,general,0,81,11.79
2026-09-02,P04,local,1,57,10.95
2026-09-02,P05,general,16,158,3.65
2026-09-02,P05,local,11,114,3.75
2026-09-02,P06,general,3,55,13.95
2026-09-02,P06,local,1,31,14.18
2026-09-02,P07,general,6,149,9.06
2026-09-02,P07,local,3,45,8.64
2026-09-02,P08,general,11,127,4.71
2026-09-02,P08,local,5,42,4.48
2026-09-02,P09,general,5,77,10.18
2026-09-02,P09,local,2,34,10.57
2026-09-02,P10,general,5,61,15.42
2026-09-02,P10,local,1,23,14.76
2026-09-02,P11,general,1,35,12.24
2026-09-02,P11,local,0,40,12.09
2026-09-02,P12,general,4,92,6.1
2026-09-02,P12,local,5,60,6.11
2026-09-02,P13,general,16,90,5.87
2026-09-02,P13,local,7,96,5.97
2026-09-02,P14,general,0,36,17.58
2026-09-02,P14,local,0,53,16.78
2026-09-02,P15,general,1,46,20.57
2026-09-02,P15,local,1,30,21.66
2026-09-02,P16,general,2,96,13.85
2026-09-02,P16,local,3,69,13.52
2026-09-02,P17,general,3,126,8.07
2026-09-02,P17,local,2,63,8.55
2026-09-02,P18,general,1,66,16.48
2026-09-02,P18,local,3,43,15.82
2026-09-02,P19,general,12,145,5.32
2026-09-02,P19,local,7,86,5.23
2026-09-02,P20,general,10,76,6.62
2026-09-02,P20,local,3,48,6.34
2026-09-02,P21,general,6,100,10.42
2026-09-02,P21,local,0,72,10.24
2026-09-02,P22,general,1,79,17.43
2026-09-02,P22,local,0,35,17.48
2026-09-02,P23,general,3,100,8.13
2026-09-02,P23,local,2,40,7.94
2026-09-02,P24,general,3,94,14.28
2026-09-02,P24,local,2,45,14.31
2026-09-02,P25,general,1,47,16.43
2026-09-02,P25,local,0,34,15.87
2026-09-03,P01,general,4,76,9.67
2026-09-03,P01,local,4,48,9.93
2026-09-03,P02,general,3,97,8.13
2026-09-03,P02,local,4,61,7.91
2026-09-03,P03,general,4,92,10.55
2026-09-03,P03,local,3,54,10.78
2026-09-03,P04,general,1,92,12.19
2026-09-03,P04,local,1,54,11.67
2026-09-03,P05,general,25,183,3.44
2026-09-03,P05,local,14,132,3.37
2026-09-03,P06,general,2,45,13.32
2026-09-03,P06,local,1,24,13.15
2026-09-03,P07,general,8,125,9.7
2026-09-03,P07,local,1,38,9.19
2026-09-03,P08,general,11,119,4.29
2026-09-03,P08,local,3,45,4.53
2026-09-03,P09,general,7,106,9.31
2026-09-03,P09,local,2,39,8.83
2026-09-03,P10,general,1,62,15.71
2026-09-03,P10,local,1,23,15.46
2026-09-03,P11,general,2,41,11.59
2026-09-03,P11,local,1,46,11.65
2026-09-03,P12,general,5,77,6.54
2026-09-03,P12,local,2,49,6.31
2026-09-03,P13,general,8,93,5.36
2026-09-03,P13,local,3,102,5.29
2026-09-03,P14,general,0,45,15.95
2026-09-03,P14,local,3,46,16.76
2026-09-03,P15,general,0,57,18.36
2026-09-03,P15,local,1,30,17.06
2026-09-03,P16,general,3,87,14.78
2026-09-03,P16,local,0,49,14.52
2026-09-03,P17,general,6,109,8.71
2026-09-03,P17,local,4,61,8.78
2026-09-03,P18,general,1,82,13.97
2026-09-03,P18,local,2,43,14.17
2026-09-03,P19,general,5,156,6.27
2026-09-03,P19,local,2,83,6.43
2026-09-03,P20,general,4,70,6.95
2026-09-03,P20,local,1,62,7.06
2026-09-03,P21,general,4,108,10.79
2026-09-03,P21,local,4,85,10.45
2026-09-03,P22,general,3,86,16.42
2026-09-03,P22,local,0,43,16.91
2026-09-03,P23,general,5,97,8.67
2026-09-03,P23,local,1,36,8.46
2026-09-03,P24,general,1,109,12.25
2026-09-03,P24,local,3,46,13.32
2026-09-03,P25,general,0,30,16.46
2026-09-03,P25,local,1,39,17.22
2026-09-04,P01,general,5,83,11.63
2026-09-04,P01,local,3,37,11.94
2026-09-04,P02,general,6,83,8.09
2026-09-04,P02,local,4,61,8.57
2026-09-04,P03,general,2,87,11
2026-09-04,P03,local,1,46,11.6
2026-09-04,P04,general,1,107,10.71
2026-09-04,P04,local,5,60,10.12
2026-09-04,P05,general,8,173,3.99
2026-09-04,P05,local,9,124,3.94
2026-09-04,P06,general,2,52,11.56
2026-09-04,P06,local,2,38,11.89
2026-09-04,P07,general,11,173,10.08
2026-09-04,P07,local,2,46,10.32
2026-09-04,P08,general,13,136,4.44
2026-09-04,P08,local,3,44,4.38
2026-09-04,P09,general,4,98,9.28
2026-09-04,P09,local,3,33,9.58
2026-09-04,P10,general,3,46,14.76
2026-09-04,P10,local,2,26,14.75
2026-09-04,P11,general,0,28,13.38
2026-09-04,P11,local,1,41,13.14
2026-09-04,P12,general,5,85,6.05
2026-09-04,P12,local,1,48,6.33
2026-09-04,P13,general,6,79,5.45
2026-09-04,P13,local,12,105,5.56
2026-09-04,P14,general,2,51,16.48
2026-09-04,P14,local,1,60,17.82
2026-09-04,P15,general,1,49,20.88
2026-09-04,P15,local,1,43,20.58
2026-09-04,P16,general,0,101,13.77
2026-09-04,P16,local,3,70,13.63
2026-09-04,P17,general,5,109,8.39
2026-09-04,P17,local,2,47,8.53
2026-09-04,P18,general,1,85,13.88
2026-09-04,P18,local,0,52,13.75
2026-09-04,P19,general,12,165,5.71
2026-09-04,P19,local,6,93,5.77
2026-09-04,P20,general,0,57,6.73
2026-09-04,P20,local,4,57,6.71
2026-09-04,P21,general,2,91,10.15
2026-09-04,P21,local,1,73,10.33
2026-09-04,P22,general,1,91,17.73
2026-09-04,P22,local,1,35,17.57
2026-09-04,P23,general,2,86,8.58
2026-09-04,P23,local,0,35,8.32
2026-09-04,P24,general,5,94,13.71
2026-09-04,P24,local,0,55,13.59
2026-09-04,P25,general,2,44,15.68
2026-09-04,P25,local,2,37,16.8
2026-09-05,P01,general,0,49,10.51
2026-09-05,P01,local,1,28,10.43
2026-09-05,P02,general,6,55,8.61
2026-09-05,P02,local,2,52,8.76
2026-09-05,P03,general,3,62,10.8
2026-09-05,P03,local,2,49,10.55
2026-09-05,P04,general,3,70,12.03
2026-09-05,P04,local,3,48,11.5
2026-09-05,P05,general,10,142,3.49
2026-09-05,P05,local,9,91,3.53
2026-09-05,P06,general,3,37,10.88
2026-09-05,P06,local,1,28,10.77
2026-09-05,P07,general,4,102,9.88
2026-09-05,P07,local,0,33,9.98
2026-09-05,P08,general,11,95,4.19
2026-09-05,P08,local,3,27,4.16
2026-09-05,P09,general,2,70,9.75
2026-09-05,P09,local,2,31,9.99
2026-09-05,P10,general,2,53,15.25
2026-09-05,P10,local,0,14,15.01
2026-09-05,P11,general,1,19,11.39
2026-09-05,P11,local,2,32,10.9
2026-09-05,P12,general,3,67,6.11
2026-09-05,P12,local,0,35,6.24
2026-09-05,P13,general,4,66,5.81
2026-09-05,P13,local,4,73,5.78
2026-09-05,P14,general,0,26,16.07
2026-09-05,P14,local,0,27,16.02
2026-09-05,P15,general,3,52,17.25
2026-09-05,P15,local,2,28,17.27
2026-09-05,P16,general,1,61,14.43
2026-09-05,P16,local,2,50,14.52
2026-09-05,P17,general,4,79,7.64
2026-09-05,P17,local,1,32,7.65
2026-09-05,P18,general,0,59,15.67
2026-09-05,P18,local,2,36,15.58
2026-09-05,P19,general,15,100,5.89
2026-09-05,P19,local,4,77,5.84
2026-09-05,P20,general,3,59,7.75
2026-09-05,P20,local,2,35,7.1
2026-09-05,P21,general,2,82,9.69
2026-09-05,P21,local,2,71,9.99
2026-09-05,P22,general,2,56,17.07
2026-09-05,P22,local,0,22,17.04
2026-09-05,P23,general,0,75,8.09
2026-09-05,P23,local,1,25,7.8
2026-09-05,P24,general,2,80,13.36
2026-09-05,P24,local,2,45,12.86
2026-09-05,P25,general,0,30,15.86
2026-09-05,P25,local,3,27,15.2
2026-09-06,P01,general,2,59,9.07
2026-09-06,P01,local,4,36,9.37
2026-09-06,P02,general,4,75,7.6
2026-09-06,P02,local,3,59,8.29
2026-09-06,P03,general,1,63,10.23
2026-09-06,P03,local,0,37,10.58
2026-09-06,P04,general,1,63,12.38
2026-09-06,P04,local,2,41,12.24
2026-09-06,P05,general,10,145,3.76
2026-09-06,P05,local,8,89,3.61
2026-09-06,P06,general,2,35,11.48
2026-09-06,P06,local,1,26,11.62
2026-09-06,P07,general,8,109,10.15
2026-09-06,P07,local,0,35,10.16
2026-09-06,P08,general,11,91,4.02
2026-09-06,P08,local,3,34,3.88
2026-09-06,P09,general,4,67,10.01
2026-09-06,P09,local,0,27,9.46
2026-09-06,P10,general,1,54,15.53
2026-09-06,P10,local,0,19,14.91
2026-09-06,P11,general,2,28,12.59
2026-09-06,P11,local,1,26,12.4
2026-09-06,P12,general,5,54,6.41
2026-09-06,P12,local,3,38,6.11
2026-09-06,P13,general,5,77,5.46
2026-09-06,P13,local,8,76,5.34
2026-09-06,P14,general,0,42,18.1
2026-09-06,P14,local,0,44,18.15
2026-09-06,P15,general,1,44,20.6
2026-09-06,P15,local,2,22,19.95
2026-09-06,P16,general,2,77,13.04
2026-09-06,P16,local,0,58,13.89
2026-09-06,P17,general,1,94,8.22
2026-09-06,P17,local,1,34,8.08
2026-09-06,P18,general,4,59,14.25
2026-09-06,P18,local,0,40,14.31
2026-09-06,P19,general,6,119,5.5
2026-09-06,P19,local,9,68,5.14
2026-09-06,P20,general,3,46,6.99
2026-09-06,P20,local,3,43,6.87
2026-09-06,P21,general,3,77,11.79
2026-09-06,P21,local,2,64,11.71
2026-09-06,P22,general,2,54,14.21
2026-09-06,P22,local,0,30,14.84
2026-09-06,P23,general,2,85,8.17
2026-09-06,P23,local,1,15,8.79
2026-09-06,P24,general,1,86,13.07
2026-09-06,P24,local,1,31,13.98
2026-09-06,P25,general,0,37,16.66
2026-09-06,P25,local,1,34,16.15
2026-09-07,P01,general,3,91,9.91
2026-09-07,P01,local,3,49,9.83
2026-09-07,P02,general,7,101,8
2026-09-07,P02,local,3,55,7.75
2026-09-07,P03,general,4,99,10.31
2026-09-07,P03,local,1,50,10.79
2026-09-07,P04,general,5,91,11.51
2026-09-07,P04,local,2,58,12.06
2026-09-07,P05,general,12,183,3.58
2026-09-07,P05,local,12,121,3.57
2026-09-07,P06,general,1,40,13.77
2026-09-07,P06,local,1,31,13.39
2026-09-07,P07,general,2,127,9.82
2026-09-07,P07,local,1,51,9.72
2026-09-07,P08,general,15,133,4.34
2026-09-07,P08,local,4,53,4.41
2026-09-07,P09,general,5,85,9.67
2026-09-07,P09,local,3,40,9.42
2026-09-07,P10,general,1,45,15.91
2026-09-07,P10,local,0,20,15.86
2026-09-07,P11,general,1,33,12.13
2026-09-07,P11,local,0,27,12.33
2026-09-07,P12,general,2,81,6.22
2026-09-07,P12,local,4,61,6.58
2026-09-07,P13,general,6,96,6.05
2026-09-07,P13,local,6,83,6.53
2026-09-07,P14,general,2,45,17.06
2026-09-07,P14,local,2,53,17.28
2026-09-07,P15,general,1,55,20.54
2026-09-07,P15,local,0,22,21.88
2026-09-07,P16,general,5,88,15.21
2026-09-07,P16,local,3,60,15.12
2026-09-07,P17,general,4,111,9.17
2026-09-07,P17,local,3,53,9.43
2026-09-07,P18,general,2,81,14.57
2026-09-07,P18,local,0,39,14.19
2026-09-07,P19,general,10,155,5.18
2026-09-07,P19,local,6,111,5.35
2026-09-07,P20,general,3,75,7.45
2026-09-07,P20,local,7,43,7.01
2026-09-07,P21,general,3,86,10.56
2026-09-07,P21,local,5,77,9.93
2026-09-07,P22,general,0,87,16.24
2026-09-07,P22,local,1,42,17.29
2026-09-07,P23,general,3,100,7.98
2026-09-07,P23,local,1,30,8.09
2026-09-07,P24,general,2,86,13.04
2026-09-07,P24,local,2,49,13.78
2026-09-07,P25,general,1,52,16.03
2026-09-07,P25,local,1,34,16.45
